# Blender 5.0.0
# www.blender.org
o potted_plant_02_leaves
v -0.038875 0.764811 0.103517
v -0.036790 0.765823 0.099108
v -0.031416 0.761502 0.106230
v -0.036186 0.762647 0.107090
v -0.032014 0.764670 0.098293
v -0.029325 0.762515 0.101837
v -0.029528 0.672723 0.078808
v -0.030833 0.671683 0.083535
v -0.027660 0.669750 0.086719
v -0.023176 0.668867 0.084864
v -0.021812 0.669877 0.080266
v -0.024966 0.671802 0.077399
v -0.087414 0.872540 0.103141
v -0.089681 0.871736 0.106765
v -0.087461 0.870020 0.110160
v -0.083264 0.868992 0.110275
v -0.080977 0.869791 0.106667
v -0.083017 0.871560 0.103085
v -0.065850 1.030540 0.131654
v -0.068594 1.030255 0.134116
v -0.065908 1.028080 0.135313
v -0.064506 1.025111 0.137028
v -0.062240 1.025993 0.134184
v -0.062632 1.028565 0.131415
v -0.047144 1.049239 0.133393
v -0.056317 1.047969 0.137406
v -0.053108 1.043251 0.139702
v -0.049016 1.039539 0.142831
v -0.042942 1.044358 0.136553
v -0.042142 1.047994 0.132593
v -0.088476 0.987014 0.121865
v -0.091549 0.989245 0.121974
v -0.089193 0.984585 0.127117
v -0.087610 0.984673 0.124652
v -0.093107 0.989153 0.124454
v -0.090795 0.987375 0.125790
v -0.054289 0.587888 0.053635
v -0.058860 0.593811 0.060408
v -0.049774 0.578353 0.063736
v -0.046969 0.580303 0.056470
v -0.061100 0.591574 0.067188
v -0.058875 0.583965 0.068111
v -0.101164 0.933205 0.106691
v -0.095940 0.929118 0.110049
v -0.100616 0.931015 0.111693
v -0.097391 0.931293 0.106886
v -0.097873 0.928810 0.112818
v -0.103012 0.932882 0.109523
v -0.061888 0.817287 0.107701
v -0.054988 0.817317 0.103242
v -0.054780 0.815039 0.111105
v -0.052548 0.815810 0.106997
v -0.059448 0.815777 0.111455
v -0.059656 0.818058 0.103592
v -0.019304 0.715862 0.092428
v -0.025714 0.715975 0.098403
v -0.026977 0.719158 0.090426
v -0.022265 0.718012 0.089265
v -0.021035 0.714845 0.096954
v -0.028688 0.718139 0.095046
v -0.041447 0.623967 0.064370
v -0.039307 0.620121 0.072312
v -0.046660 0.623337 0.071150
v -0.045646 0.624971 0.066294
v -0.038133 0.621621 0.067453
v -0.043638 0.620866 0.074147
v -0.053751 0.605472 0.062209
v -0.044961 0.597748 0.061670
v -0.052009 0.597578 0.070494
v -0.049805 0.602464 0.058123
v -0.046273 0.595322 0.067765
v -0.054837 0.602854 0.068204
v 0.030686 0.402382 0.058642
v 0.045205 0.404253 0.058379
v 0.052514 0.404900 0.045503
v 0.045449 0.403677 0.032737
v 0.030928 0.401635 0.032844
v 0.023419 0.400994 0.045870
v -0.034011 0.533287 0.062952
v -0.022768 0.537309 0.063062
v -0.016999 0.538765 0.052547
v -0.022182 0.536625 0.042126
v -0.033273 0.532548 0.042157
v -0.039281 0.530887 0.052487
v -0.147097 0.700067 0.095977
v -0.140291 0.703067 0.096051
v -0.136201 0.703937 0.089505
v -0.138890 0.702025 0.082834
v -0.146104 0.699150 0.082156
v -0.150066 0.698109 0.088940
v -0.215402 0.825963 0.110412
v -0.209302 0.829522 0.110590
v -0.205969 0.830786 0.104381
v -0.208296 0.829029 0.097947
v -0.214490 0.825485 0.097726
v -0.218035 0.823877 0.103992
v -0.270481 0.925909 0.102836
v -0.265802 0.929320 0.102400
v -0.264954 0.929736 0.096778
v -0.266209 0.928459 0.091331
v -0.270866 0.925032 0.091793
v -0.273274 0.923545 0.097515
v -0.397650 1.090158 0.089329
v -0.393246 1.093854 0.089171
v -0.396475 1.094958 0.084501
v -0.397690 1.096478 0.079050
v -0.401523 1.092459 0.080370
v -0.401912 1.089175 0.085135
v -0.428562 1.101142 0.105380
v -0.414119 1.106651 0.104914
v -0.417305 1.108428 0.095992
v -0.422007 1.111308 0.087877
v -0.433127 1.103762 0.095363
v -0.435808 1.099405 0.102039
v -0.359700 1.051262 0.071957
v -0.356313 1.052698 0.076307
v -0.356584 1.056894 0.066651
v -0.359331 1.053776 0.066957
v -0.353439 1.055830 0.075891
v -0.355437 1.056715 0.071424
v -0.004023 0.468099 0.048258
v 0.002338 0.470159 0.059760
v 0.015781 0.472780 0.036607
v 0.002718 0.469447 0.036671
v 0.015547 0.473355 0.059786
v 0.022247 0.474449 0.048241
v -0.078866 0.595870 0.051036
v -0.084138 0.594027 0.060287
v -0.065088 0.601818 0.060377
v -0.069304 0.599832 0.051095
v -0.079847 0.596325 0.069641
v -0.070276 0.600320 0.069672
v -0.110351 0.640472 0.063812
v -0.098641 0.645689 0.072087
v -0.111372 0.641177 0.079880
v -0.114933 0.639080 0.071788
v -0.102031 0.643766 0.064183
v -0.103283 0.644573 0.079922
v -0.312968 0.995439 0.082413
v -0.314717 0.995342 0.072496
v -0.310033 0.999200 0.076842
v -0.316062 0.993443 0.077747
v -0.311136 0.998583 0.071966
v -0.309305 0.998637 0.081879
v 0.024937 0.414920 0.028807
v 0.025590 0.416368 0.041249
v 0.036302 0.419171 0.046694
v 0.046365 0.420509 0.039631
v 0.045712 0.419060 0.027189
v 0.034987 0.416306 0.021925
v -0.014127 0.597216 -0.048722
v -0.013383 0.598558 -0.039671
v -0.005073 0.600890 -0.035844
v 0.002508 0.601802 -0.041436
v 0.001763 0.600462 -0.050489
v -0.006560 0.598187 -0.054073
v -0.064015 0.810369 -0.109873
v -0.063924 0.813518 -0.103726
v -0.057929 0.816399 -0.101455
v -0.051985 0.816132 -0.105398
v -0.052022 0.813017 -0.111525
v -0.058070 0.810107 -0.113774
v -0.081456 0.991861 -0.195881
v -0.081918 0.995831 -0.191266
v -0.076778 0.999121 -0.190265
v -0.071126 0.998997 -0.193636
v -0.070447 0.995162 -0.198171
v -0.075720 0.991401 -0.199418
v -0.105224 1.139574 -0.295210
v -0.106185 1.143791 -0.292322
v -0.102038 1.146752 -0.293343
v -0.097371 1.147857 -0.295604
v -0.096357 1.143668 -0.298480
v -0.100229 1.139222 -0.298511
v -0.210984 1.241020 -0.478078
v -0.211516 1.243654 -0.473788
v -0.208620 1.246290 -0.476952
v -0.205143 1.249775 -0.478277
v -0.205435 1.246304 -0.481972
v -0.208070 1.241759 -0.482155
v -0.235898 1.244543 -0.509110
v -0.234070 1.247911 -0.494693
v -0.227814 1.251146 -0.497422
v -0.222513 1.255701 -0.502418
v -0.229556 1.248781 -0.512754
v -0.234512 1.244106 -0.515498
v -0.166466 1.231833 -0.426744
v -0.170139 1.231197 -0.423079
v -0.164972 1.239570 -0.424505
v -0.163887 1.236381 -0.427033
v -0.171207 1.234412 -0.420551
v -0.168542 1.236921 -0.423333
v 0.014463 0.504052 -0.024281
v 0.005674 0.502857 -0.018171
v 0.024689 0.507874 -0.009203
v 0.023978 0.506538 -0.019853
v 0.006383 0.504196 -0.007521
v 0.015884 0.506730 -0.002937
v -0.027722 0.698431 -0.073440
v -0.034841 0.695950 -0.076361
v -0.033886 0.700267 -0.061116
v -0.027243 0.700582 -0.065857
v -0.041476 0.695594 -0.071775
v -0.040998 0.697745 -0.064193
v -0.132577 1.201826 -0.362709
v -0.125145 1.206602 -0.366431
v -0.130282 1.208355 -0.362228
v -0.128269 1.201992 -0.366176
v -0.126220 1.210369 -0.363876
v -0.133665 1.205577 -0.360161
v 0.011962 0.425754 0.040769
v 0.015025 0.428503 0.034136
v 0.011138 0.429614 0.028235
v 0.004145 0.428267 0.029054
v 0.001116 0.425768 0.035584
v 0.004982 0.424198 0.041617
v -0.018113 0.487787 0.113282
v -0.016278 0.489512 0.109044
v -0.019327 0.490429 0.104321
v -0.024549 0.489416 0.105275
v -0.026383 0.487456 0.109676
v -0.023152 0.486638 0.113400
v -0.025562 0.562899 0.152425
v -0.024226 0.564014 0.148630
v -0.026816 0.564284 0.144969
v -0.030959 0.563431 0.145795
v -0.032364 0.562194 0.149649
v -0.029628 0.561931 0.152869
v -0.046361 0.626417 0.183599
v -0.045136 0.627694 0.180303
v -0.047756 0.628121 0.177343
v -0.051493 0.627176 0.177769
v -0.052755 0.625795 0.181143
v -0.050211 0.625435 0.184072
v -0.111933 0.725128 0.236409
v -0.111249 0.726858 0.234590
v -0.113887 0.727179 0.233357
v -0.116746 0.726725 0.232749
v -0.117465 0.724982 0.234569
v -0.115108 0.723997 0.236616
v -0.158944 0.795057 0.305757
v -0.158819 0.797014 0.304148
v -0.161311 0.796390 0.304219
v -0.163663 0.795943 0.303354
v -0.163212 0.794104 0.305042
v -0.161008 0.793523 0.306319
v -0.161398 0.798402 0.321242
v -0.159633 0.802138 0.316145
v -0.163656 0.800662 0.314995
v -0.168010 0.799979 0.314759
v -0.166410 0.797082 0.320393
v -0.163783 0.796175 0.322863
v -0.150522 0.774129 0.277914
v -0.148056 0.775528 0.277699
v -0.152783 0.776863 0.275530
v -0.152789 0.774945 0.276588
v -0.148057 0.777447 0.276639
v -0.150481 0.777292 0.276353
v -0.080127 0.672737 0.203414
v -0.077662 0.672133 0.206037
v -0.075733 0.675077 0.200661
v -0.079077 0.674299 0.200570
v -0.074055 0.673126 0.205583
v -0.073061 0.674587 0.202813
v -0.011162 0.445519 0.079149
v -0.005123 0.446967 0.079113
v -0.012127 0.451063 0.069594
v -0.014599 0.447610 0.074542
v -0.002554 0.450402 0.074202
v -0.006063 0.452535 0.069010
v 0.005547 0.499705 -0.020140
v 0.002738 0.510599 -0.018154
v 0.004211 0.521967 -0.026917
v 0.014335 0.517911 -0.029201
v 0.021439 0.503632 -0.025018
v 0.014611 0.496400 -0.024003
v -0.023612 0.560079 -0.083107
v -0.023093 0.564659 -0.077298
v -0.017116 0.568334 -0.076301
v -0.011302 0.567414 -0.081661
v -0.011097 0.562317 -0.086383
v -0.017526 0.558743 -0.087314
v -0.052016 0.639669 -0.147125
v -0.051061 0.642625 -0.141656
v -0.045573 0.644672 -0.139868
v -0.041252 0.644205 -0.144112
v -0.042171 0.641446 -0.149324
v -0.047511 0.639092 -0.150720
v -0.077748 0.720464 -0.199784
v -0.076966 0.723186 -0.195125
v -0.071950 0.725157 -0.194003
v -0.067746 0.724663 -0.197507
v -0.068505 0.722035 -0.202019
v -0.073503 0.719920 -0.203156
v -0.115708 0.814312 -0.293845
v -0.115257 0.816913 -0.290539
v -0.111200 0.817819 -0.290769
v -0.107464 0.818297 -0.292496
v -0.107915 0.815728 -0.295781
v -0.112034 0.813482 -0.296593
v -0.152236 0.860340 -0.400124
v -0.152195 0.862875 -0.396662
v -0.148766 0.863274 -0.398607
v -0.144956 0.864194 -0.398690
v -0.145879 0.861522 -0.401924
v -0.149309 0.859397 -0.403059
v -0.161743 0.866059 -0.428108
v -0.162306 0.869793 -0.417232
v -0.155756 0.870205 -0.418205
v -0.150110 0.872291 -0.420544
v -0.154833 0.867490 -0.429965
v -0.159070 0.864662 -0.432986
v -0.131372 0.840910 -0.353165
v -0.134581 0.841859 -0.350589
v -0.127522 0.845272 -0.349975
v -0.127798 0.842947 -0.352438
v -0.134303 0.844172 -0.348128
v -0.131077 0.844810 -0.349620
v -0.088544 0.777397 -0.245333
v -0.093170 0.775243 -0.246326
v -0.091962 0.780152 -0.238705
v -0.087922 0.780025 -0.241351
v -0.097164 0.775872 -0.243200
v -0.096539 0.778574 -0.239165
v 0.011321 0.464042 -0.001369
v 0.016709 0.466886 0.009013
v 0.021886 0.476738 0.010951
v 0.021657 0.483489 0.001897
v 0.016269 0.480645 -0.008485
v 0.011093 0.470945 -0.010069
v -0.045232 0.559301 0.016825
v -0.039780 0.558713 0.020760
v -0.033956 0.561072 0.018733
v -0.034649 0.564598 0.013094
v -0.040022 0.565131 0.009273
v -0.045136 0.562354 0.011017
v -0.077057 0.653885 0.018347
v -0.072724 0.653566 0.021821
v -0.067877 0.655032 0.020016
v -0.067780 0.657151 0.015308
v -0.071873 0.657440 0.012129
v -0.076431 0.655769 0.013531
v -0.096076 0.766654 0.023914
v -0.093198 0.766832 0.026667
v -0.089149 0.768140 0.024891
v -0.087888 0.769408 0.020798
v -0.090652 0.769254 0.018176
v -0.094740 0.767841 0.019534
v -0.137866 0.941963 0.003761
v -0.136071 0.943163 0.006018
v -0.133212 0.944475 0.004146
v -0.130981 0.944932 0.001433
v -0.132782 0.943801 -0.000837
v -0.136386 0.942264 0.000123
v -0.195289 1.058560 -0.027379
v -0.193300 1.057839 -0.025017
v -0.191310 1.059353 -0.027270
v -0.188654 1.059469 -0.029301
v -0.190959 1.060085 -0.031413
v -0.194354 1.059749 -0.030645
v -0.206567 1.082931 -0.030397
v -0.202509 1.076748 -0.023737
v -0.197492 1.077545 -0.029009
v -0.193300 1.080845 -0.031266
v -0.201070 1.085643 -0.034353
v -0.206169 1.086238 -0.034510
v -0.172074 1.011662 -0.021017
v -0.173202 1.010982 -0.017628
v -0.166825 1.012896 -0.019573
v -0.168646 1.012588 -0.021766
v -0.171394 1.011297 -0.015451
v -0.169283 1.012665 -0.017534
v -0.102739 0.860926 0.018552
v -0.106628 0.859396 0.019754
v -0.102406 0.861069 0.024403
v -0.100530 0.861792 0.020999
v -0.108162 0.858837 0.023767
v -0.105900 0.859781 0.026152
v -0.197565 1.076292 -0.033609
v -0.201677 1.076618 -0.033026
v -0.196182 1.072716 -0.028239
v -0.192814 1.073763 -0.031081
v -0.202329 1.074516 -0.029309
v -0.199394 1.071379 -0.025133
v -0.009288 0.500693 0.002230
v -0.009178 0.495927 0.009032
v 0.000481 0.507831 0.008930
v -0.004540 0.506696 0.002209
v -0.004144 0.497037 0.015777
v 0.000950 0.502934 0.015824
v -0.066035 0.568082 0.055947
v -0.067383 0.572967 0.063033
v -0.072530 0.582958 0.064864
v -0.071927 0.587301 0.057714
v -0.067344 0.582245 0.050249
v -0.065429 0.572970 0.049619
v -0.167982 0.636805 -0.017804
v -0.165381 0.639094 -0.012022
v -0.161129 0.643323 -0.011690
v -0.159536 0.645000 -0.017534
v -0.162126 0.642720 -0.023345
v -0.166349 0.638665 -0.023406
v -0.274311 0.715149 -0.081608
v -0.271946 0.716824 -0.077229
v -0.267945 0.719770 -0.077211
v -0.266373 0.720905 -0.081776
v -0.268737 0.719231 -0.086162
v -0.272699 0.716374 -0.086059
v -0.378670 0.797760 -0.125039
v -0.376598 0.799475 -0.121361
v -0.372989 0.802111 -0.121799
v -0.371384 0.803044 -0.125871
v -0.373449 0.801322 -0.129556
v -0.377080 0.798685 -0.129175
v -0.497928 0.911543 -0.133808
v -0.495752 0.912935 -0.131663
v -0.493385 0.913935 -0.133738
v -0.491615 0.914236 -0.136590
v -0.493782 0.912828 -0.138744
v -0.497082 0.911406 -0.137503
v -0.567962 1.016594 -0.159001
v -0.565579 1.016977 -0.156887
v -0.564305 1.017298 -0.159803
v -0.562014 1.017076 -0.161996
v -0.564826 1.016658 -0.163505
v -0.567851 1.016382 -0.162272
v -0.580456 1.032796 -0.166821
v -0.575116 1.031238 -0.160396
v -0.571816 1.030569 -0.164925
v -0.568828 1.031394 -0.169433
v -0.576709 1.032941 -0.172182
v -0.581299 1.033228 -0.171412
v -0.543175 0.975757 -0.149043
v -0.543619 0.976130 -0.145773
v -0.538260 0.977464 -0.148900
v -0.540242 0.976444 -0.150409
v -0.541636 0.977145 -0.144266
v -0.540243 0.977665 -0.146755
v -0.098043 0.590540 0.030536
v -0.098670 0.587100 0.036979
v -0.096409 0.601174 0.038146
v -0.096708 0.597490 0.031010
v -0.097789 0.590750 0.044012
v -0.097078 0.597950 0.044859
v -0.438184 0.859519 -0.138408
v -0.441675 0.857412 -0.137583
v -0.437748 0.860488 -0.131951
v -0.436070 0.861145 -0.135466
v -0.442946 0.857018 -0.133632
v -0.440825 0.858629 -0.130697
v 0.011287 0.419717 0.040685
v 0.013691 0.426634 0.039966
v 0.009999 0.432879 0.033854
v 0.010001 0.427529 0.028708
v 0.012279 0.417267 0.029613
v 0.010267 0.415267 0.035486
v -0.020550 0.469270 0.023659
v -0.016102 0.471268 0.023826
v -0.013669 0.471344 0.019895
v -0.015825 0.469431 0.015441
v -0.019445 0.466896 0.015306
v -0.022039 0.466933 0.019485
v -0.049116 0.529991 0.001093
v -0.045031 0.530941 0.001334
v -0.042372 0.530251 -0.001709
v -0.044101 0.528991 -0.005139
v -0.047984 0.528123 -0.005378
v -0.050433 0.528549 -0.002234
v -0.071233 0.591257 -0.019149
v -0.067641 0.592084 -0.019029
v -0.065444 0.591482 -0.022028
v -0.066816 0.590261 -0.025140
v -0.070302 0.589474 -0.025236
v -0.072506 0.589955 -0.022247
v -0.131556 0.685803 -0.033795
v -0.128684 0.686531 -0.034115
v -0.127781 0.685831 -0.036832
v -0.128152 0.685412 -0.039444
v -0.131012 0.684713 -0.039138
v -0.132813 0.684729 -0.036352
v -0.212053 0.750539 -0.028647
v -0.209431 0.751676 -0.028482
v -0.210093 0.751435 -0.031014
v -0.209367 0.751186 -0.033533
v -0.211994 0.750125 -0.033086
v -0.213510 0.749676 -0.030802
v -0.231843 0.759131 -0.028445
v -0.224470 0.760305 -0.026662
v -0.224089 0.759635 -0.031233
v -0.224404 0.760468 -0.035479
v -0.231828 0.759582 -0.033550
v -0.234806 0.758860 -0.030957
v -0.175402 0.723525 -0.033247
v -0.174157 0.724537 -0.030971
v -0.171884 0.724726 -0.035944
v -0.174007 0.723826 -0.035670
v -0.172038 0.725434 -0.031252
v -0.172367 0.725279 -0.033565
v -0.094886 0.639197 -0.036026
v -0.096973 0.639582 -0.033145
v -0.090678 0.640744 -0.033289
v -0.091590 0.639853 -0.036137
v -0.095669 0.640720 -0.030321
v -0.092347 0.641438 -0.030364
v 0.053312 0.399668 0.039627
v 0.060533 0.402922 0.044570
v 0.065409 0.409794 0.042174
v 0.062848 0.413111 0.034480
v 0.055628 0.409857 0.029537
v 0.050871 0.403163 0.032141
v 0.021428 0.479250 0.042354
v 0.026475 0.478752 0.043652
v 0.030111 0.479255 0.040083
v 0.028084 0.480901 0.035602
v 0.023126 0.481368 0.034372
v 0.019878 0.480399 0.037645
v 0.005855 0.554009 0.030476
v 0.009980 0.553788 0.031712
v 0.012938 0.553817 0.028775
v 0.011671 0.554482 0.025035
v 0.007811 0.554701 0.023939
v 0.004920 0.554402 0.026566
v 0.003097 0.635561 0.014651
v 0.006008 0.635725 0.015713
v 0.008429 0.635751 0.013036
v 0.008066 0.635759 0.009545
v 0.005294 0.635616 0.008549
v 0.002752 0.635452 0.010966
v -0.024830 0.773323 -0.028278
v -0.022827 0.774366 -0.027530
v -0.021321 0.774548 -0.029868
v -0.020581 0.774040 -0.032417
v -0.022579 0.773049 -0.033187
v -0.024876 0.772628 -0.031202
v -0.064107 0.858502 -0.058258
v -0.062315 0.858245 -0.057177
v -0.061609 0.858498 -0.059286
v -0.060510 0.857832 -0.061108
v -0.062435 0.858113 -0.061947
v -0.064328 0.858493 -0.060648
v -0.070476 0.874548 -0.062801
v -0.066612 0.871453 -0.058468
v -0.064873 0.870306 -0.062842
v -0.062736 0.871416 -0.065798
v -0.068016 0.874787 -0.066916
v -0.071103 0.875794 -0.066003
v -0.050457 0.825557 -0.050198
v -0.050280 0.825927 -0.047659
v -0.046612 0.825961 -0.050881
v -0.048403 0.825576 -0.051707
v -0.048501 0.826318 -0.046837
v -0.047629 0.826537 -0.048945
v -0.001451 0.715370 -0.010758
v -0.003882 0.715023 -0.008509
v 0.000527 0.716617 -0.006925
v 0.000873 0.716203 -0.009905
v -0.003797 0.715629 -0.005231
v -0.001443 0.716499 -0.004471
v -0.066175 0.868653 -0.065194
v -0.068500 0.869503 -0.063998
v -0.064129 0.867285 -0.061601
v -0.062769 0.866950 -0.064243
v -0.068040 0.868998 -0.061230
v -0.065340 0.867471 -0.058777
v 0.039261 0.428381 0.036363
v 0.041160 0.426124 0.042090
v 0.048701 0.433468 0.036563
v 0.042986 0.432108 0.033632
v 0.046890 0.427468 0.045040
v 0.050875 0.431079 0.042282
v 0.002465 0.677743 0.001862
v 0.007445 0.678438 0.000420
v 0.005221 0.678632 0.006247
v 0.004919 0.677962 -0.000490
v 0.007419 0.678689 0.003677
v 0.002666 0.678129 0.005366
v 0.049400 0.417179 0.020319
v 0.042446 0.424678 0.016782
v 0.038753 0.432103 0.023252
v 0.041828 0.432547 0.033282
v 0.048758 0.425301 0.037303
v 0.052629 0.417375 0.030788
v 0.246797 0.556738 -0.000414
v 0.242223 0.563379 -0.004371
v 0.237342 0.569614 0.000213
v 0.236506 0.569727 0.008752
v 0.241157 0.563091 0.012836
v 0.246391 0.556530 0.008169
v 0.372459 0.779535 0.079530
v 0.371953 0.784584 0.075763
v 0.367002 0.788102 0.077325
v 0.361923 0.789364 0.081328
v 0.362103 0.784306 0.085206
v 0.367514 0.779173 0.084338
v 0.431466 0.908436 0.257206
v 0.430536 0.913825 0.253767
v 0.425645 0.913975 0.256712
v 0.420053 0.913799 0.257855
v 0.421742 0.908458 0.260970
v 0.427345 0.905636 0.260864
v 0.442707 0.913275 0.291437
v 0.441934 0.920181 0.279696
v 0.433645 0.920090 0.282339
v 0.426005 0.920477 0.286428
v 0.433520 0.913733 0.295458
v 0.439911 0.910741 0.297565
v 0.412126 0.887117 0.196393
v 0.416983 0.889523 0.192892
v 0.406359 0.895775 0.194277
v 0.406511 0.890611 0.196797
v 0.416315 0.894647 0.190507
v 0.411526 0.895787 0.193117
v 0.280418 0.658270 0.024495
v 0.285821 0.652492 0.021310
v 0.280835 0.663234 0.014011
v 0.277778 0.663955 0.020581
v 0.288297 0.652741 0.014292
v 0.285617 0.658463 0.010601
v 0.151395 0.459180 0.017010
v 0.148988 0.459050 0.007029
v 0.140981 0.473697 0.019049
v 0.147295 0.466531 0.023017
v 0.142715 0.466151 0.003069
v 0.138722 0.473513 0.009052
v 0.205089 0.500471 0.007994
v 0.194732 0.514359 0.009402
v 0.198137 0.507388 -0.005533
v 0.203794 0.500514 -0.001481
v 0.200483 0.507421 0.013510
v 0.193675 0.514261 -0.000132
v 0.400908 0.845353 0.129341
v 0.390181 0.848684 0.133643
v 0.395596 0.853017 0.127888
v 0.395684 0.844285 0.133407
v 0.390312 0.853737 0.130181
v 0.400592 0.850317 0.125979
v 0.322210 0.727875 0.047946
v 0.325541 0.731951 0.038777
v 0.331683 0.722707 0.040205
v 0.327615 0.722479 0.046029
v 0.321264 0.733049 0.044025
v 0.330329 0.727956 0.036461
v -0.008886 0.623705 -0.043341
v -0.012307 0.611803 -0.041225
v -0.008627 0.603863 -0.039371
v -0.000611 0.604449 -0.040631
v 0.001141 0.613381 -0.047112
v -0.003062 0.624676 -0.047342
v 0.045576 0.870036 -0.057251
v 0.043482 0.871129 -0.053706
v 0.046419 0.871665 -0.049837
v 0.051428 0.871253 -0.049438
v 0.053494 0.870180 -0.053059
v 0.050637 0.869507 -0.057110
v 0.043122 1.057858 -0.095382
v 0.041458 1.060598 -0.091989
v 0.045545 1.061413 -0.089614
v 0.050029 1.060870 -0.088315
v 0.051593 1.058128 -0.091778
v 0.048313 1.056463 -0.095628
v 0.043626 1.180775 -0.241941
v 0.042347 1.184101 -0.238498
v 0.047264 1.183973 -0.238767
v 0.051982 1.184645 -0.237193
v 0.051969 1.181223 -0.240799
v 0.048048 1.178908 -0.243273
v 0.047492 1.188420 -0.279805
v 0.041546 1.191916 -0.267012
v 0.049382 1.191252 -0.264849
v 0.057703 1.192894 -0.265108
v 0.055738 1.189018 -0.278873
v 0.051711 1.185852 -0.284012
v 0.043570 1.162635 -0.181963
v 0.038964 1.164276 -0.181148
v 0.046896 1.167585 -0.177186
v 0.047394 1.164739 -0.179476
v 0.038462 1.167102 -0.178885
v 0.042765 1.167457 -0.178798
v 0.063063 0.972219 -0.065769
v 0.060092 0.970965 -0.069875
v 0.056393 0.975141 -0.063111
v 0.061142 0.974441 -0.062169
v 0.054946 0.972185 -0.069918
v 0.052953 0.974412 -0.066420
v 0.024945 0.753661 -0.050952
v 0.018801 0.752628 -0.051247
v 0.025277 0.751441 -0.041952
v 0.028120 0.753100 -0.046256
v 0.015835 0.751026 -0.046976
v 0.018992 0.750452 -0.042210
v 0.036299 1.123245 -0.130552
v 0.044847 1.123628 -0.128032
v 0.039668 1.126557 -0.126417
v 0.041121 1.121975 -0.131122
v 0.043996 1.126195 -0.125059
v 0.035354 1.125761 -0.127667
v 0.004079 0.664233 -0.046062
v 0.014633 0.662904 -0.041840
v 0.004453 0.656492 -0.036446
v 0.010805 0.666154 -0.046338
v 0.011859 0.658266 -0.036484
v 0.000662 0.659175 -0.041549
v 0.023294 0.442752 0.007342
v 0.025503 0.448887 0.002673
v 0.031357 0.450450 0.002678
v 0.034959 0.445707 0.006382
v 0.032891 0.439884 0.008387
v 0.027060 0.438417 0.009025
v 0.064578 0.478106 -0.053330
v 0.063219 0.475901 -0.056343
v 0.070722 0.475448 -0.054212
v 0.068205 0.477666 -0.052716
v 0.065576 0.473446 -0.058348
v 0.069332 0.473254 -0.057180
v 0.098150 0.507890 -0.124609
v 0.099247 0.509579 -0.122220
v 0.102179 0.508744 -0.122251
v 0.104632 0.507130 -0.122984
v 0.103524 0.505438 -0.125366
v 0.100229 0.505738 -0.126344
v 0.122498 0.565936 -0.230660
v 0.122949 0.566991 -0.228011
v 0.125458 0.565933 -0.228947
v 0.128018 0.564712 -0.228659
v 0.126953 0.563906 -0.231230
v 0.124295 0.564391 -0.232400
v 0.125266 0.576980 -0.247958
v 0.124483 0.578461 -0.240388
v 0.128557 0.576283 -0.240719
v 0.133211 0.575107 -0.241591
v 0.130244 0.575229 -0.248607
v 0.126999 0.575776 -0.251175
v 0.117075 0.541258 -0.194261
v 0.115228 0.543024 -0.192751
v 0.120725 0.542171 -0.191461
v 0.119886 0.540879 -0.193366
v 0.116067 0.544316 -0.190846
v 0.118441 0.543428 -0.191571
v 0.045064 0.451697 -0.019715
v 0.043766 0.458014 -0.016652
v 0.037770 0.454132 -0.019220
v 0.040631 0.451238 -0.020598
v 0.046632 0.455056 -0.017501
v 0.039404 0.457625 -0.017375
v -0.030549 0.542888 -0.054860
v -0.025127 0.545483 -0.052778
v -0.019476 0.544556 -0.056541
v -0.019232 0.541985 -0.062565
v -0.024761 0.539183 -0.064895
v -0.030374 0.539596 -0.060946
v -0.097975 0.679694 -0.096073
v -0.093011 0.682974 -0.094210
v -0.088121 0.683252 -0.098233
v -0.087818 0.680930 -0.104001
v -0.092838 0.677583 -0.105914
v -0.097934 0.676898 -0.101937
v -0.189151 0.844318 -0.174760
v -0.185165 0.847147 -0.173625
v -0.182217 0.846566 -0.177587
v -0.180888 0.844515 -0.181919
v -0.184889 0.841685 -0.183024
v -0.189272 0.841403 -0.179566
v -0.284685 1.000074 -0.289806
v -0.281032 1.002555 -0.288240
v -0.279882 1.001035 -0.292469
v -0.277040 0.999471 -0.295763
v -0.281165 0.997360 -0.296433
v -0.285136 0.997421 -0.293728
v -0.306794 1.013628 -0.307003
v -0.297372 1.016850 -0.299403
v -0.293592 1.015088 -0.305973
v -0.291084 1.015321 -0.313492
v -0.302939 1.012165 -0.315169
v -0.309207 1.011554 -0.312823
v -0.251966 0.952228 -0.254509
v -0.251755 0.955008 -0.250619
v -0.245225 0.954240 -0.256805
v -0.248194 0.952081 -0.257424
v -0.248785 0.957168 -0.250000
v -0.247343 0.956069 -0.253766
v 0.026607 0.453468 0.001409
v 0.017324 0.454100 0.003432
v 0.026263 0.467824 -0.005554
v 0.032428 0.459796 0.000394
v 0.012776 0.461771 0.001717
v 0.016119 0.469239 -0.005926
v 0.006578 0.476591 -0.036251
v 0.010636 0.485466 -0.030069
v -0.001619 0.481354 -0.028128
v -0.000293 0.476748 -0.032904
v 0.012413 0.480854 -0.034882
v 0.003675 0.485879 -0.027062
v 0.003796 0.430378 0.039020
v 0.002448 0.440532 0.036084
v -0.004113 0.447761 0.031080
v -0.005770 0.443893 0.025296
v -0.001100 0.431899 0.024256
v 0.001473 0.425948 0.031909
v -0.069340 0.461713 0.067908
v -0.065634 0.467545 0.066215
v -0.065266 0.470934 0.059900
v -0.069945 0.468356 0.055291
v -0.073061 0.462244 0.056313
v -0.072729 0.459001 0.062621
v -0.150244 0.492580 0.096250
v -0.146358 0.497138 0.095023
v -0.145535 0.499767 0.089734
v -0.149241 0.497779 0.085918
v -0.152969 0.493296 0.087107
v -0.153343 0.490755 0.092223
v -0.223558 0.511219 0.125227
v -0.220199 0.515809 0.124010
v -0.219856 0.518783 0.119026
v -0.222978 0.516880 0.115426
v -0.226238 0.512205 0.116656
v -0.226513 0.509497 0.121526
v -0.333755 0.503200 0.192957
v -0.332115 0.507065 0.191927
v -0.333227 0.508304 0.188101
v -0.335414 0.508153 0.185077
v -0.336975 0.504250 0.186054
v -0.336171 0.501520 0.189884
v -0.415725 0.485287 0.263500
v -0.413594 0.488623 0.263106
v -0.416024 0.488466 0.260377
v -0.417116 0.489449 0.257008
v -0.418827 0.486034 0.258150
v -0.418385 0.483724 0.261237
v -0.438971 0.478359 0.278231
v -0.430650 0.485053 0.277255
v -0.433372 0.485799 0.271426
v -0.437394 0.487592 0.267263
v -0.443095 0.480210 0.272681
v -0.443794 0.476363 0.276700
v -0.377816 0.491583 0.228599
v -0.375447 0.493152 0.231245
v -0.377566 0.496780 0.224829
v -0.378584 0.493786 0.225415
v -0.374412 0.496121 0.230638
v -0.376327 0.496301 0.228014
v -0.285707 0.513737 0.148755
v -0.285729 0.510725 0.153298
v -0.280314 0.519579 0.150750
v -0.282935 0.518434 0.147414
v -0.282922 0.512483 0.156597
v -0.280086 0.517178 0.155354
v -0.203461 0.818139 0.108260
v -0.203472 0.821863 0.106989
v -0.206937 0.823982 0.106958
v -0.210392 0.822286 0.108227
v -0.210378 0.818651 0.109478
v -0.206919 0.816612 0.109501
v -0.149591 0.927459 0.160056
v -0.149896 0.928317 0.157868
v -0.151742 0.929493 0.158132
v -0.153723 0.930375 0.159100
v -0.153363 0.929556 0.161278
v -0.151248 0.928065 0.161902
v -0.079346 0.976591 0.211597
v -0.079774 0.977897 0.209653
v -0.081205 0.978496 0.211231
v -0.083128 0.979328 0.211821
v -0.082288 0.977866 0.213496
v -0.080477 0.976435 0.213590
v -0.068724 0.978498 0.224988
v -0.069906 0.980726 0.219080
v -0.073358 0.981796 0.220927
v -0.075455 0.983837 0.223061
v -0.071929 0.980679 0.227453
v -0.069567 0.978494 0.228398
v -0.103107 0.964142 0.191503
v -0.101720 0.964034 0.189653
v -0.105249 0.966418 0.189886
v -0.104881 0.965443 0.191333
v -0.102095 0.965015 0.188226
v -0.103382 0.965917 0.189406
v -0.187437 0.876731 0.135337
v -0.185073 0.875190 0.135996
v -0.185812 0.876538 0.131096
v -0.187814 0.877425 0.132756
v -0.183178 0.874399 0.133981
v -0.183553 0.875141 0.131359
v -0.192825 0.845190 0.127096
v -0.195812 0.847400 0.123737
v -0.191364 0.845046 0.122251
v -0.195321 0.846730 0.126444
v -0.193781 0.846503 0.121761
v -0.190869 0.844341 0.125011
v -0.175057 0.906229 0.148839
v -0.173478 0.906117 0.145146
v -0.171015 0.903974 0.147558
v -0.172813 0.904688 0.149493
v -0.175436 0.907006 0.146447
v -0.171367 0.904795 0.145142
v -0.125490 0.945257 0.173287
v -0.128938 0.946987 0.174621
v -0.127377 0.947156 0.172090
v -0.126974 0.945671 0.175087
v -0.129313 0.947804 0.172773
v -0.125879 0.946153 0.171464
v 0.134460 0.457385 0.010747
v 0.140098 0.463932 0.009795
v 0.149907 0.465498 0.008305
v 0.151031 0.459829 0.011488
v 0.139337 0.453074 0.016826
v 0.132953 0.452178 0.013960
v 0.223995 0.464803 -0.038846
v 0.221870 0.468732 -0.035814
v 0.222951 0.469154 -0.030604
v 0.226076 0.465006 -0.028539
v 0.228171 0.461096 -0.031541
v 0.227223 0.461074 -0.036646
v 0.315188 0.477173 -0.059952
v 0.314708 0.480224 -0.057731
v 0.315862 0.480250 -0.053852
v 0.317563 0.477498 -0.052152
v 0.318102 0.474599 -0.054562
v 0.316932 0.474465 -0.058421
v 0.380473 0.493147 -0.078603
v 0.380463 0.495415 -0.077106
v 0.381264 0.494530 -0.074536
v 0.382000 0.492520 -0.072597
v 0.382064 0.490212 -0.074113
v 0.381399 0.490525 -0.077163
v 0.456412 0.493538 -0.095395
v 0.455354 0.495243 -0.094140
v 0.456419 0.493832 -0.092377
v 0.456379 0.492419 -0.090340
v 0.457375 0.490878 -0.091851
v 0.457526 0.491320 -0.094414
v 0.475999 0.495535 -0.099049
v 0.469930 0.498658 -0.097492
v 0.470546 0.496178 -0.093764
v 0.472677 0.495618 -0.090248
v 0.477622 0.494055 -0.095121
v 0.478955 0.493598 -0.098183
v 0.422902 0.490363 -0.088383
v 0.422020 0.492756 -0.089470
v 0.422760 0.491862 -0.084284
v 0.423110 0.490003 -0.085629
v 0.421678 0.494588 -0.088134
v 0.422582 0.493332 -0.086224
v 0.469714 0.491432 -0.093808
v 0.470446 0.491799 -0.096775
v 0.466345 0.494945 -0.093520
v 0.466958 0.493081 -0.090808
v 0.468604 0.494238 -0.097694
v 0.465474 0.496972 -0.096168
v 0.173861 0.453697 -0.011470
v 0.170931 0.458176 -0.014580
v 0.176624 0.458500 -0.005132
v 0.176123 0.453601 -0.006234
v 0.170299 0.463006 -0.012641
v 0.173648 0.463938 -0.008400
v 0.278647 0.467901 -0.050797
v 0.277635 0.467678 -0.055239
v 0.274369 0.474599 -0.050113
v 0.277055 0.471245 -0.048216
v 0.274979 0.470756 -0.057191
v 0.273389 0.474304 -0.054647
v 0.349354 0.485322 -0.063447
v 0.348368 0.485425 -0.066872
v 0.348036 0.490314 -0.063254
v 0.349199 0.487930 -0.061468
v 0.347132 0.488082 -0.068346
v 0.347047 0.490731 -0.066491
v 0.194405 0.512512 -0.003133
v 0.186177 0.505608 -0.001019
v 0.183542 0.503729 0.007274
v 0.190072 0.504429 0.012484
v 0.198169 0.512483 0.010673
v 0.200016 0.519426 0.003470
v 0.203667 0.614865 -0.030555
v 0.199087 0.612976 -0.028943
v 0.197648 0.612782 -0.024009
v 0.201036 0.614453 -0.020791
v 0.205546 0.616333 -0.022396
v 0.206923 0.616560 -0.027247
v 0.183118 0.717726 -0.059044
v 0.179219 0.716374 -0.057708
v 0.178047 0.716289 -0.053864
v 0.180689 0.717537 -0.051310
v 0.184379 0.718863 -0.052564
v 0.185585 0.718964 -0.056442
v 0.152381 0.815415 -0.067616
v 0.149410 0.814799 -0.066409
v 0.148968 0.815070 -0.063134
v 0.151206 0.816049 -0.060724
v 0.153973 0.816645 -0.061840
v 0.154604 0.816313 -0.065360
v 0.137538 0.986266 -0.032146
v 0.136049 0.987592 -0.030578
v 0.137629 0.988969 -0.028594
v 0.139782 0.989585 -0.027062
v 0.141158 0.988271 -0.028606
v 0.140156 0.986593 -0.031288
v 0.139070 1.063807 -0.053624
v 0.138037 1.065060 -0.051977
v 0.140353 1.065751 -0.051699
v 0.142396 1.066022 -0.050463
v 0.143150 1.064693 -0.052224
v 0.141620 1.063550 -0.053911
v 0.141539 1.072853 -0.068628
v 0.137133 1.073768 -0.063020
v 0.142050 1.074069 -0.061077
v 0.145418 1.076442 -0.060515
v 0.146196 1.074800 -0.067213
v 0.144963 1.073144 -0.070272
v 0.141612 1.036029 -0.037264
v 0.139067 1.036223 -0.037410
v 0.142190 1.039085 -0.033979
v 0.143051 1.037560 -0.035402
v 0.138171 1.037735 -0.036021
v 0.140231 1.038721 -0.035169
v 0.139562 0.916813 -0.042948
v 0.139277 0.915659 -0.046184
v 0.135546 0.916526 -0.043653
v 0.137691 0.917333 -0.041554
v 0.136982 0.915061 -0.047712
v 0.134856 0.915546 -0.046289
v 0.144526 1.071684 -0.060902
v 0.143038 1.070562 -0.063252
v 0.140787 1.072425 -0.058068
v 0.143769 1.073111 -0.056938
v 0.140067 1.070673 -0.062341
v 0.137620 1.071753 -0.058957
v 0.205485 0.548224 -0.007635
v 0.201261 0.545359 -0.011988
v 0.197853 0.543515 0.000141
v 0.203833 0.546808 -0.001683
v 0.195253 0.542258 -0.010116
v 0.193313 0.541705 -0.003928
v 0.118163 0.452337 0.028381
v 0.117691 0.456782 0.026193
v 0.112908 0.458636 0.024984
v 0.108595 0.455987 0.026101
v 0.109048 0.451662 0.028278
v 0.113828 0.449829 0.029293
v 0.146499 0.546206 0.106680
v 0.146132 0.547532 0.104553
v 0.143921 0.548198 0.104734
v 0.141793 0.548345 0.105584
v 0.142317 0.547051 0.107755
v 0.144648 0.545943 0.108436
v 0.203954 0.562793 0.197047
v 0.203546 0.564585 0.195804
v 0.202042 0.564341 0.197137
v 0.200129 0.564658 0.197609
v 0.200951 0.562874 0.198637
v 0.202778 0.561814 0.198484
v 0.212318 0.559221 0.211096
v 0.211519 0.563167 0.206921
v 0.208098 0.563078 0.208372
v 0.205766 0.563779 0.210552
v 0.208879 0.559830 0.213499
v 0.211167 0.557876 0.213820
v 0.183455 0.563088 0.166968
v 0.184919 0.563861 0.165471
v 0.181067 0.565647 0.165706
v 0.181546 0.564153 0.166901
v 0.184437 0.565348 0.164300
v 0.183014 0.565462 0.165531
v 0.120752 0.501737 0.060333
v 0.123435 0.500782 0.060989
v 0.122448 0.502798 0.056252
v 0.120260 0.502768 0.057843
v 0.125523 0.500914 0.059060
v 0.124982 0.502037 0.056522
v 0.120047 0.476220 0.045333
v 0.116610 0.478520 0.042114
v 0.121891 0.477878 0.040859
v 0.117117 0.477227 0.044658
v 0.119069 0.478783 0.040345
v 0.122414 0.476528 0.043446
v 0.129545 0.526013 0.084305
v 0.131193 0.527049 0.080739
v 0.134115 0.525158 0.083164
v 0.132101 0.525002 0.084998
v 0.129031 0.527126 0.081951
v 0.133642 0.526316 0.080821
v 0.163646 0.558178 0.132675
v 0.159814 0.558830 0.133830
v 0.161392 0.560121 0.131582
v 0.162022 0.557687 0.134353
v 0.159296 0.560251 0.132035
v 0.163130 0.559651 0.130945
v 0.117812 0.460597 0.037196
v 0.113549 0.464646 0.033982
v 0.120595 0.464648 0.033338
v 0.114031 0.461978 0.036367
v 0.116867 0.465992 0.032487
v 0.121090 0.461900 0.035750
v 0.015706 0.427269 0.027920
v 0.021253 0.433215 0.031176
v 0.028451 0.435350 0.026658
v 0.029976 0.431436 0.018947
v 0.024341 0.425554 0.015812
v 0.017264 0.423502 0.020260
v -0.136469 0.565406 -0.158896
v -0.134800 0.570411 -0.158629
v -0.132293 0.572372 -0.162918
v -0.131394 0.569611 -0.167657
v -0.133006 0.564637 -0.167830
v -0.135593 0.562467 -0.163478
v -0.238042 0.666788 -0.219371
v -0.238436 0.671612 -0.220135
v -0.238235 0.671585 -0.224959
v -0.237798 0.669578 -0.229826
v -0.237334 0.664900 -0.229031
v -0.237412 0.663095 -0.223558
v -0.406666 0.677918 -0.173671
v -0.405253 0.682231 -0.173876
v -0.406638 0.681037 -0.177967
v -0.406926 0.681227 -0.182609
v -0.408099 0.677026 -0.181238
v -0.407936 0.675013 -0.176936
v -0.439743 0.669525 -0.163860
v -0.429862 0.678308 -0.162941
v -0.429951 0.677190 -0.170283
v -0.432919 0.676791 -0.177419
v -0.441362 0.668790 -0.171243
v -0.442970 0.665059 -0.166017
v -0.353107 0.684740 -0.201089
v -0.352518 0.687645 -0.197429
v -0.353921 0.690181 -0.206224
v -0.353668 0.686481 -0.205572
v -0.352775 0.691373 -0.198080
v -0.353950 0.690528 -0.201760
v -0.086890 0.495962 -0.104342
v -0.087887 0.499208 -0.098684
v -0.079864 0.502547 -0.108121
v -0.082800 0.497795 -0.109037
v -0.084870 0.504193 -0.097685
v -0.080909 0.505743 -0.102360
v -0.182176 0.623561 -0.208124
v -0.183572 0.621537 -0.202955
v -0.182740 0.631622 -0.204071
v -0.181873 0.628937 -0.208998
v -0.184550 0.625203 -0.198627
v -0.184057 0.630575 -0.199159
v -0.294451 0.683759 -0.218847
v -0.294906 0.682093 -0.227996
v -0.295477 0.687428 -0.223923
v -0.294474 0.680456 -0.222899
v -0.295346 0.686188 -0.228665
v -0.294875 0.687990 -0.219541
v -0.016041 0.445819 -0.005289
v -0.009031 0.443928 -0.017271
v -0.005287 0.453612 -0.007751
v -0.015075 0.441957 -0.012514
v -0.004004 0.449546 -0.014824
v -0.011676 0.451850 -0.003048
v -0.051693 0.459481 -0.056274
v -0.042527 0.466434 -0.059416
v -0.048892 0.468508 -0.048104
v -0.052638 0.463065 -0.049716
v -0.046576 0.461311 -0.061126
v -0.043656 0.470042 -0.052881
v 0.092291 0.438644 0.030217
v 0.089095 0.444182 0.030694
v 0.079407 0.444765 0.030488
v 0.074415 0.439233 0.032332
v 0.078213 0.433259 0.031941
v 0.085928 0.432782 0.029715
v 0.085045 0.470424 0.091075
v 0.087485 0.468059 0.092712
v 0.079930 0.468138 0.094722
v 0.081455 0.470286 0.092312
v 0.086179 0.465687 0.095346
v 0.082438 0.465755 0.096330
v 0.063450 0.518408 0.154454
v 0.061980 0.520001 0.152765
v 0.059251 0.519591 0.153455
v 0.057090 0.518390 0.154667
v 0.058419 0.516796 0.156294
v 0.061699 0.516734 0.156299
v 0.039972 0.632989 0.214296
v 0.039340 0.634673 0.211504
v 0.036614 0.634884 0.213268
v 0.033373 0.634873 0.213844
v 0.034588 0.633057 0.216396
v 0.038089 0.632038 0.216771
v 0.046234 0.646605 0.232809
v 0.045695 0.648818 0.224009
v 0.040535 0.648741 0.225699
v 0.035519 0.649931 0.228177
v 0.040510 0.647412 0.235142
v 0.044753 0.645833 0.237000
v 0.035963 0.597867 0.189628
v 0.037598 0.598822 0.187777
v 0.032677 0.600416 0.187927
v 0.032606 0.598450 0.189711
v 0.037004 0.600492 0.186210
v 0.035164 0.601013 0.187286
v 0.083753 0.445575 0.058727
v 0.082933 0.452864 0.055222
v 0.091511 0.448608 0.054844
v 0.088813 0.445057 0.056882
v 0.080677 0.449500 0.057842
v 0.088502 0.452449 0.053988
v 0.076844 0.490269 0.127963
v 0.077287 0.486542 0.131931
v 0.072015 0.488347 0.130642
v 0.073873 0.486528 0.132323
v 0.073829 0.489925 0.128835
v 0.078728 0.488451 0.129695
v 0.048222 0.558494 0.168319
v 0.043215 0.557491 0.170101
v 0.045011 0.560202 0.167447
v 0.046523 0.557213 0.170076
v 0.042700 0.559286 0.168365
v 0.047235 0.560102 0.166717
v -0.063009 0.459245 0.066007
v -0.060587 0.465126 0.066428
v -0.064646 0.468832 0.067189
v -0.071159 0.468970 0.069784
v -0.073014 0.462264 0.067836
v -0.068869 0.458316 0.064981
v -0.090724 0.559405 0.147830
v -0.088685 0.560214 0.146564
v -0.089607 0.561381 0.144790
v -0.091219 0.562205 0.143376
v -0.093215 0.561401 0.144801
v -0.093101 0.560003 0.147072
v -0.135101 0.584440 0.243466
v -0.133667 0.585916 0.242637
v -0.135529 0.586350 0.241972
v -0.136675 0.587193 0.240573
v -0.137742 0.585579 0.241655
v -0.137142 0.584133 0.243081
v -0.144244 0.582658 0.257371
v -0.139841 0.585531 0.254921
v -0.142607 0.586569 0.252666
v -0.145240 0.588289 0.251775
v -0.147587 0.584593 0.255623
v -0.147465 0.582318 0.257614
v -0.119062 0.581900 0.210888
v -0.116910 0.581933 0.211477
v -0.118248 0.584537 0.208393
v -0.119515 0.583314 0.209283
v -0.115667 0.583154 0.210597
v -0.117292 0.583883 0.209979
v -0.077904 0.511561 0.099224
v -0.077418 0.510368 0.101802
v -0.073445 0.511386 0.098584
v -0.075810 0.512061 0.097556
v -0.074790 0.509724 0.102581
v -0.072651 0.510311 0.100852
v -0.072818 0.482964 0.088841
v -0.072572 0.485283 0.083876
v -0.067879 0.484523 0.086867
v -0.074238 0.484159 0.086199
v -0.069540 0.485396 0.084364
v -0.069622 0.483102 0.089211
v -0.086158 0.538645 0.120554
v -0.082112 0.538376 0.120301
v -0.083443 0.536536 0.123884
v -0.085923 0.537290 0.123032
v -0.084064 0.539230 0.119032
v -0.081325 0.537157 0.122408
v -0.100884 0.573259 0.176430
v -0.103347 0.575014 0.173729
v -0.100349 0.575327 0.174086
v -0.103167 0.573572 0.175813
v -0.101621 0.576029 0.172504
v -0.099194 0.574338 0.175242
v -0.070726 0.464869 0.079179
v -0.072367 0.472026 0.075084
v -0.064440 0.470405 0.076621
v -0.073688 0.468256 0.077490
v -0.068017 0.472699 0.074445
v -0.066040 0.465731 0.079227
v -0.022775 0.738414 0.097515
v -0.048958 0.790643 0.106313
v -0.029449 0.738558 0.103143
v -0.042042 0.790575 0.101467
v -0.030353 0.741863 0.095160
v -0.041647 0.787891 0.109423
v -0.032878 0.646049 0.070432
v -0.030990 0.642953 0.077961
v -0.038426 0.645617 0.076658
v -0.067261 0.842414 0.107150
v -0.021625 0.695647 0.083726
v -0.074096 0.842349 0.111236
v -0.020063 0.692639 0.091274
v -0.074094 0.844687 0.103632
v -0.027779 0.695707 0.089728
v -0.076096 1.010501 0.127961
v -0.096914 0.902580 0.103514
v -0.077026 1.007975 0.133052
v -0.091025 0.899137 0.107015
v -0.080691 1.012573 0.130505
v -0.096693 0.900151 0.109544
v -0.051276 1.039403 0.137996
v -0.051085 1.042435 0.134837
v -0.057693 1.039742 0.139586
v -0.055207 1.036585 0.142018
v -0.054573 1.043341 0.135542
v -0.060432 1.042623 0.138261
v -0.095922 0.960253 0.113845
v -0.079036 1.012656 0.128148
v -0.096522 0.957811 0.119372
v -0.075417 1.008134 0.130643
v -0.100984 0.962261 0.116390
v -0.078258 1.010809 0.131621
v -0.056311 0.599622 0.061308
v -0.046113 0.589050 0.059202
v -0.055306 0.590505 0.069417
v -0.099315 0.962423 0.113775
v -0.094791 0.957963 0.116804
v -0.098632 0.960419 0.118070
v -0.092789 0.901134 0.103631
v -0.093172 0.898554 0.110184
v -0.099000 0.901985 0.106728
v -0.076385 0.843881 0.107545
v -0.069527 0.843952 0.103435
v -0.069554 0.841609 0.111060
v -0.039471 0.788766 0.105155
v -0.046388 0.788828 0.110002
v -0.046783 0.791518 0.102041
v -0.018533 0.693624 0.086703
v -0.024668 0.693669 0.092990
v -0.026280 0.696698 0.085026
v -0.025595 0.740657 0.094154
v -0.024708 0.737364 0.101989
v -0.032275 0.740813 0.099683
v -0.046811 0.610551 0.060557
v -0.044033 0.605159 0.069356
v -0.051749 0.610135 0.068767
v -0.037283 0.646852 0.071956
v -0.029732 0.644109 0.073325
v -0.035308 0.643663 0.079778
v -0.050805 0.612341 0.063396
v -0.042912 0.607200 0.063949
v -0.048797 0.606393 0.071500
v -0.052137 0.595199 0.055889
v -0.048043 0.586713 0.065913
v -0.057875 0.597051 0.067758
v -0.020027 0.499421 0.050000
v 0.016968 0.436856 0.059071
v -0.001569 0.504756 0.039025
v 0.017254 0.436145 0.034664
v -0.001948 0.505412 0.061067
v 0.037950 0.440294 0.046791
v -0.124777 0.662513 0.072461
v -0.062114 0.563668 0.055954
v -0.114056 0.667392 0.080217
v -0.046217 0.569587 0.046155
v -0.125766 0.663415 0.087275
v -0.047008 0.570162 0.065958
v -0.182373 0.757591 0.098108
v -0.179626 0.759569 0.104853
v -0.171826 0.762105 0.092170
v -0.178575 0.758914 0.091632
v -0.173151 0.762833 0.105040
v -0.169269 0.763972 0.098714
v -0.245281 0.880847 0.097624
v -0.248312 0.879265 0.103635
v -0.238058 0.885974 0.103458
v -0.239847 0.884420 0.097462
v -0.245645 0.881531 0.109521
v -0.240216 0.885097 0.109414
v -0.381591 1.073707 0.077087
v -0.292215 0.962878 0.092447
v -0.378778 1.079863 0.072028
v -0.293301 0.962247 0.082072
v -0.375159 1.078138 0.081158
v -0.288185 0.966521 0.086581
v -0.419531 1.104610 0.090521
v -0.421378 1.101263 0.095267
v -0.410227 1.107594 0.092163
v -0.412489 1.109684 0.086332
v -0.415689 1.102152 0.099001
v -0.406888 1.106188 0.098585
v -0.337617 1.023945 0.072156
v -0.377988 1.074869 0.081416
v -0.333666 1.029296 0.066573
v -0.381458 1.076567 0.072357
v -0.331126 1.028798 0.076120
v -0.377849 1.079047 0.076934
v 0.010134 0.435109 0.046958
v -0.014202 0.501709 0.060969
v 0.031108 0.438868 0.034580
v -0.013654 0.500952 0.039073
v 0.030904 0.439421 0.058968
v 0.004284 0.506711 0.050049
v -0.056477 0.565468 0.046160
v -0.101218 0.618433 0.065416
v -0.041567 0.571693 0.056015
v -0.087367 0.623781 0.056962
v -0.057363 0.566053 0.065887
v -0.088490 0.624363 0.074176
v -0.096291 0.620116 0.056776
v -0.083562 0.625708 0.065590
v -0.097316 0.620629 0.074144
v -0.129013 0.661408 0.079775
v -0.117039 0.665468 0.073044
v -0.118395 0.666500 0.087310
v -0.334374 1.025663 0.076619
v -0.336795 1.026147 0.067005
v -0.332467 1.029568 0.071352
v -0.295157 0.960631 0.087520
v -0.289240 0.965567 0.081505
v -0.288108 0.966163 0.091895
v 0.004642 0.550302 -0.041071
v 0.015134 0.458369 0.003896
v 0.014312 0.553916 -0.027251
v 0.034676 0.462277 0.002253
v -0.002761 0.550459 -0.025515
v 0.025914 0.462443 0.020431
v -0.041054 0.748834 -0.087822
v -0.020383 0.647108 -0.065189
v -0.046992 0.751505 -0.076663
v -0.012019 0.651113 -0.053644
v -0.053814 0.746172 -0.086217
v -0.026815 0.648074 -0.051911
v -0.066674 0.896777 -0.151422
v -0.072523 0.897184 -0.147729
v -0.061297 0.903592 -0.144240
v -0.060972 0.900084 -0.149614
v -0.072693 0.900789 -0.142298
v -0.067129 0.903934 -0.140547
v -0.082668 1.079604 -0.250589
v -0.087247 1.075443 -0.251170
v -0.088764 1.083259 -0.244152
v -0.083571 1.083699 -0.246979
v -0.092660 1.075896 -0.247783
v -0.093405 1.080087 -0.244120
v -0.188308 1.238650 -0.456517
v -0.118117 1.178628 -0.332096
v -0.186792 1.246184 -0.454171
v -0.110064 1.183085 -0.335648
v -0.192710 1.240860 -0.450159
v -0.115436 1.185510 -0.331180
v -0.221321 1.250926 -0.499212
v -0.225068 1.247529 -0.500472
v -0.221359 1.250813 -0.490088
v -0.217659 1.254270 -0.492578
v -0.226846 1.246566 -0.495390
v -0.225690 1.247637 -0.486985
v -0.146028 1.219429 -0.396318
v -0.191713 1.237898 -0.452818
v -0.144269 1.227490 -0.394023
v -0.185884 1.243139 -0.456755
v -0.151082 1.222469 -0.390158
v -0.190201 1.243230 -0.453215
v 0.024557 0.459653 -0.002598
v -0.003513 0.549188 -0.035341
v 0.035353 0.463678 0.013782
v 0.013560 0.552647 -0.037078
v 0.015810 0.459771 0.015426
v 0.006143 0.552858 -0.021318
v -0.012661 0.649445 -0.061955
v -0.047587 0.746182 -0.090428
v -0.019103 0.650464 -0.048457
v -0.040760 0.751487 -0.080964
v -0.027457 0.646406 -0.060219
v -0.053513 0.748829 -0.079357
v -0.150001 1.218997 -0.392722
v -0.143186 1.224025 -0.396591
v -0.148079 1.225140 -0.392594
v -0.113482 1.178506 -0.335439
v -0.111124 1.187132 -0.333067
v -0.119181 1.182665 -0.329522
v -0.018187 0.461710 0.095977
v 0.003245 0.435363 0.060531
v -0.019385 0.466095 0.087278
v -0.006885 0.435865 0.055618
v -0.010420 0.465701 0.091515
v 0.002386 0.440576 0.049354
v -0.028708 0.522936 0.129653
v -0.025719 0.522538 0.133089
v -0.022481 0.525231 0.124547
v -0.027131 0.524357 0.125508
v -0.021230 0.523567 0.132786
v -0.019701 0.524792 0.128760
v -0.038352 0.596646 0.170092
v -0.034453 0.597610 0.169612
v -0.039630 0.598190 0.163437
v -0.040951 0.596924 0.167032
v -0.033186 0.598781 0.166069
v -0.035751 0.599094 0.162795
v -0.097736 0.697809 0.217070
v -0.063012 0.649405 0.195178
v -0.093693 0.700048 0.215085
v -0.064354 0.651343 0.189224
v -0.091901 0.698021 0.219113
v -0.058135 0.651758 0.191626
v -0.158236 0.787433 0.294190
v -0.132157 0.752749 0.257245
v -0.160646 0.789914 0.292020
v -0.137304 0.752437 0.255757
v -0.156198 0.790732 0.292877
v -0.134372 0.754726 0.255131
v -0.165210 0.798218 0.314622
v -0.163235 0.797538 0.316394
v -0.163271 0.800627 0.311660
v -0.166119 0.800248 0.311139
v -0.161270 0.799183 0.315267
v -0.160203 0.801705 0.312035
v -0.134989 0.751475 0.257421
v -0.156066 0.788894 0.293887
v -0.136947 0.754308 0.254391
v -0.160443 0.788089 0.293039
v -0.131817 0.754623 0.255872
v -0.158509 0.790337 0.292919
v -0.065519 0.649861 0.192381
v -0.095326 0.696985 0.219444
v -0.060794 0.652247 0.189043
v -0.096806 0.699450 0.214710
v -0.059257 0.650390 0.194695
v -0.091021 0.699604 0.216789
v -0.003266 0.433840 0.060893
v -0.012630 0.463018 0.095992
v -0.004123 0.439102 0.049984
v -0.021534 0.463252 0.091878
v 0.006088 0.438719 0.054858
v -0.013715 0.467363 0.086518
v -0.001610 0.525931 -0.055430
v -0.009080 0.528149 -0.051289
v 0.001999 0.540173 -0.054263
v 0.005108 0.531114 -0.055345
v -0.009951 0.535451 -0.046987
v -0.005724 0.542406 -0.050009
v -0.026993 0.599797 -0.118331
v -0.032868 0.597087 -0.119665
v -0.030855 0.603498 -0.107568
v -0.026107 0.603046 -0.112644
v -0.037954 0.597898 -0.115724
v -0.036955 0.601213 -0.109736
v -0.061263 0.681537 -0.178653
v -0.065560 0.682058 -0.175221
v -0.055343 0.686367 -0.172594
v -0.056166 0.683723 -0.177368
v -0.064702 0.684862 -0.170218
v -0.059551 0.686885 -0.168821
v -0.098144 0.798163 -0.269323
v -0.083835 0.750673 -0.224823
v -0.101489 0.800565 -0.263436
v -0.078297 0.755410 -0.219509
v -0.106377 0.796663 -0.267300
v -0.087270 0.753949 -0.217196
v -0.141065 0.851704 -0.380216
v -0.125065 0.829170 -0.322058
v -0.137368 0.856008 -0.377103
v -0.117791 0.830425 -0.323948
v -0.143925 0.854964 -0.375288
v -0.121063 0.832375 -0.320044
v -0.152611 0.867912 -0.418361
v -0.155294 0.865985 -0.420802
v -0.153536 0.870005 -0.411858
v -0.149903 0.871188 -0.412472
v -0.158074 0.866907 -0.416973
v -0.157839 0.869563 -0.410729
v -0.121627 0.828267 -0.324696
v -0.144119 0.852676 -0.377633
v -0.117431 0.832874 -0.321086
v -0.137669 0.853692 -0.379423
v -0.124704 0.831623 -0.319189
v -0.140897 0.855424 -0.377172
v -0.078991 0.752782 -0.223771
v -0.102527 0.795938 -0.270228
v -0.082450 0.755782 -0.216402
v -0.097604 0.800783 -0.265662
v -0.087975 0.751249 -0.221545
v -0.105837 0.799343 -0.263605
v -0.026222 0.527125 0.007468
v 0.002677 0.477493 0.003894
v -0.016004 0.531471 0.011453
v 0.007363 0.491152 -0.002911
v -0.020891 0.523383 0.018800
v 0.012781 0.487417 0.013515
v -0.057328 0.607311 0.010694
v -0.062253 0.605304 0.012407
v -0.052015 0.603945 0.019172
v -0.052432 0.606741 0.014032
v -0.062565 0.602908 0.017694
v -0.057492 0.602289 0.021256
v -0.087276 0.712327 0.016202
v -0.088286 0.710821 0.020745
v -0.079675 0.713748 0.017789
v -0.083007 0.713816 0.014883
v -0.084757 0.710748 0.023901
v -0.080383 0.712121 0.022173
v -0.115594 0.903393 0.010602
v -0.099729 0.815985 0.021694
v -0.115690 0.903959 0.016024
v -0.093313 0.817922 0.022877
v -0.120885 0.901444 0.015499
v -0.098715 0.815674 0.028407
v -0.185419 1.039446 -0.027226
v -0.156232 0.978602 -0.007967
v -0.180179 1.039979 -0.025853
v -0.151413 0.980320 -0.012305
v -0.184597 1.038427 -0.021820
v -0.152000 0.980748 -0.007731
v -0.199292 1.081588 -0.033032
v -0.199143 1.070839 -0.032268
v -0.196786 1.075591 -0.027981
v -0.192126 1.069370 -0.030733
v -0.204065 1.079460 -0.029206
v -0.197574 1.067453 -0.025714
v -0.154921 0.979048 -0.011473
v -0.186438 1.038537 -0.023950
v -0.149635 0.981103 -0.010074
v -0.182071 1.040073 -0.027973
v -0.154469 0.979422 -0.005741
v -0.182697 1.039881 -0.023948
v -0.095744 0.817428 0.020379
v -0.119342 0.901794 0.011685
v -0.094945 0.816959 0.026636
v -0.113621 0.904523 0.012960
v -0.101220 0.815126 0.025901
v -0.118889 0.902658 0.017807
v -0.195461 1.070833 -0.033000
v -0.203504 1.082230 -0.033069
v -0.195090 1.068930 -0.028302
v -0.193040 1.077829 -0.030380
v -0.199950 1.069241 -0.028822
v -0.200485 1.074890 -0.024366
v 0.002506 0.483296 -0.003762
v -0.026189 0.523280 0.013718
v 0.012454 0.493188 0.005625
v -0.021275 0.531325 0.006421
v 0.007773 0.479518 0.012441
v -0.015351 0.527282 0.017634
v -0.126673 0.610188 0.007072
v -0.079604 0.575207 0.049733
v -0.121781 0.618553 0.013907
v -0.079453 0.587615 0.043851
v -0.125882 0.610530 0.019730
v -0.081925 0.588154 0.058202
v -0.212241 0.678200 -0.055650
v -0.216584 0.674973 -0.055610
v -0.211274 0.678769 -0.045457
v -0.209604 0.680059 -0.050622
v -0.218302 0.673538 -0.050641
v -0.215663 0.675405 -0.045629
v -0.328644 0.759311 -0.111674
v -0.330239 0.758225 -0.107458
v -0.322767 0.763715 -0.107904
v -0.324921 0.762042 -0.111887
v -0.328081 0.759895 -0.103480
v -0.324323 0.762679 -0.103650
v -0.466246 0.884873 -0.137784
v -0.412960 0.830587 -0.136619
v -0.465796 0.885909 -0.132049
v -0.407332 0.834703 -0.133874
v -0.470724 0.882989 -0.132885
v -0.412355 0.831591 -0.129236
v -0.557864 0.999942 -0.156078
v -0.522977 0.944492 -0.138637
v -0.553035 1.001237 -0.156050
v -0.519229 0.945223 -0.143464
v -0.556237 1.001124 -0.151500
v -0.519001 0.946401 -0.139181
v -0.571275 1.028774 -0.167674
v -0.574923 1.028849 -0.166642
v -0.568968 1.027769 -0.162601
v -0.566354 1.028082 -0.165718
v -0.574265 1.028650 -0.163414
v -0.570764 1.027889 -0.159320
v -0.522351 0.944195 -0.142124
v -0.558181 1.000307 -0.152941
v -0.517133 0.946442 -0.141669
v -0.555033 1.000413 -0.157416
v -0.520876 0.945699 -0.136849
v -0.555140 1.001556 -0.154112
v -0.079115 0.579407 0.043266
v -0.127815 0.607596 0.013207
v -0.081401 0.592005 0.051243
v -0.123616 0.615619 0.007337
v -0.079839 0.579502 0.056904
v -0.122926 0.616145 0.020268
v -0.409398 0.833003 -0.137210
v -0.469662 0.883094 -0.136727
v -0.408979 0.833899 -0.130050
v -0.464084 0.886410 -0.135241
v -0.414428 0.829902 -0.132566
v -0.468552 0.884508 -0.130351
v -0.006110 0.440173 0.028052
v -0.004788 0.443465 0.032737
v -0.002520 0.446830 0.022771
v -0.003738 0.440997 0.023068
v -0.001126 0.447558 0.032537
v -0.001181 0.450200 0.027623
v -0.034445 0.496413 0.005528
v -0.037031 0.496791 0.009071
v -0.028095 0.498866 0.009713
v -0.030219 0.497539 0.005803
v -0.035589 0.498528 0.012757
v -0.031129 0.499643 0.013037
v -0.061904 0.560327 -0.013083
v -0.060640 0.561668 -0.009913
v -0.055991 0.560703 -0.015919
v -0.059597 0.559874 -0.016092
v -0.056857 0.562561 -0.009733
v -0.054488 0.561965 -0.012714
v -0.111559 0.662383 -0.038536
v -0.083681 0.615912 -0.028827
v -0.107761 0.663639 -0.036038
v -0.078131 0.616160 -0.031766
v -0.112250 0.663695 -0.032995
v -0.078928 0.617900 -0.025795
v -0.196140 0.738736 -0.031676
v -0.152560 0.706308 -0.032769
v -0.192874 0.740129 -0.034214
v -0.152226 0.705429 -0.037801
v -0.192948 0.740721 -0.029672
v -0.149783 0.706680 -0.035618
v -0.223693 0.758060 -0.032707
v -0.225828 0.757497 -0.030410
v -0.219368 0.758511 -0.030743
v -0.219048 0.758836 -0.033817
v -0.223786 0.758037 -0.028815
v -0.219160 0.759012 -0.027900
v -0.153815 0.705262 -0.035183
v -0.194900 0.739705 -0.029505
v -0.149729 0.706216 -0.038118
v -0.194828 0.739119 -0.033971
v -0.150060 0.707105 -0.033106
v -0.193627 0.740603 -0.031919
v -0.081533 0.615444 -0.031766
v -0.113532 0.662601 -0.035683
v -0.076968 0.617264 -0.028775
v -0.108434 0.663033 -0.038762
v -0.082384 0.617136 -0.025852
v -0.109109 0.664399 -0.033191
v 0.030046 0.451003 0.038086
v 0.048023 0.410680 0.040793
v 0.038785 0.453455 0.036942
v 0.050068 0.418793 0.031668
v 0.037113 0.449584 0.045213
v 0.058782 0.418322 0.042258
v 0.014013 0.515307 0.030487
v 0.010937 0.514872 0.033507
v 0.020202 0.513632 0.035577
v 0.018480 0.514792 0.031529
v 0.012212 0.514142 0.037769
v 0.016872 0.513607 0.038926
v 0.002752 0.597541 0.018410
v 0.003349 0.597428 0.022159
v 0.008688 0.597757 0.017036
v 0.005449 0.597759 0.015962
v 0.006817 0.597440 0.023350
v 0.009461 0.597482 0.020618
v -0.010401 0.742825 -0.021246
v 0.002904 0.660566 0.005697
v -0.008786 0.744286 -0.017648
v 0.007954 0.661038 0.004247
v -0.012740 0.743091 -0.015979
v 0.005788 0.661157 0.010259
v -0.059077 0.845042 -0.056490
v -0.038201 0.801571 -0.039048
v -0.055418 0.844959 -0.057025
v -0.036126 0.801261 -0.043514
v -0.057178 0.845332 -0.053228
v -0.035150 0.802531 -0.040487
v -0.066816 0.872273 -0.065647
v -0.067058 0.865734 -0.062851
v -0.064277 0.869195 -0.061975
v -0.062480 0.864200 -0.063227
v -0.068829 0.872299 -0.061885
v -0.064583 0.864685 -0.058656
v -0.038312 0.801008 -0.041771
v -0.058883 0.845236 -0.054084
v -0.034243 0.801996 -0.042722
v -0.057153 0.844862 -0.057857
v -0.036325 0.802337 -0.038260
v -0.056480 0.845599 -0.055266
v 0.003209 0.694588 -0.004370
v -0.012781 0.742397 -0.019095
v 0.005487 0.695580 -0.000356
v -0.008243 0.743815 -0.020445
v 0.000907 0.694811 0.001341
v -0.010561 0.744132 -0.015242
v -0.065014 0.865109 -0.064109
v -0.069335 0.873219 -0.064862
v -0.063671 0.864780 -0.061049
v -0.062523 0.869647 -0.064681
v -0.066737 0.865508 -0.060315
v -0.065639 0.869925 -0.058881
v 0.045879 0.413551 0.034259
v 0.031776 0.449334 0.043244
v 0.056453 0.421148 0.035615
v 0.033481 0.453178 0.035011
v 0.054415 0.413028 0.044749
v 0.040912 0.451427 0.041959
v 0.000759 0.694313 -0.002060
v 0.005660 0.695241 -0.003483
v 0.003384 0.695494 0.002153
v 0.005375 0.660737 0.003306
v 0.008075 0.661189 0.007630
v 0.003143 0.660831 0.009301
v 0.226025 0.523703 0.006603
v 0.103390 0.438224 0.013369
v 0.215758 0.537348 0.007648
v 0.102261 0.446022 0.029846
v 0.220276 0.530663 -0.006550
v 0.092960 0.452952 0.015823
v 0.343055 0.755402 0.065052
v 0.266052 0.603368 0.013209
v 0.347308 0.759256 0.056443
v 0.256984 0.615725 0.013172
v 0.353044 0.750357 0.058392
v 0.263857 0.609816 0.001579
v 0.419839 0.898788 0.230806
v 0.388556 0.812910 0.102929
v 0.413763 0.907023 0.228962
v 0.377948 0.817121 0.107793
v 0.423544 0.906681 0.225244
v 0.383239 0.821089 0.100905
v 0.429258 0.915851 0.283047
v 0.435241 0.913242 0.283979
v 0.431228 0.920777 0.274664
v 0.424835 0.921065 0.277124
v 0.437878 0.915609 0.279513
v 0.436910 0.920933 0.272187
v 0.404645 0.869322 0.163296
v 0.424390 0.901522 0.227450
v 0.399107 0.878390 0.160551
v 0.414280 0.901866 0.231256
v 0.409285 0.876126 0.156640
v 0.418966 0.907187 0.228089
v 0.260684 0.609541 0.017164
v 0.306464 0.691633 0.032067
v 0.258991 0.615337 0.005596
v 0.299371 0.702513 0.030676
v 0.267500 0.603612 0.005390
v 0.307896 0.697285 0.022010
v 0.106225 0.438397 0.023591
v 0.180594 0.479605 0.001897
v 0.095652 0.453247 0.025874
v 0.178191 0.486785 0.017415
v 0.096790 0.445512 0.009590
v 0.170409 0.493703 0.003567
v 0.182505 0.479658 0.011641
v 0.172139 0.493838 0.013383
v 0.174617 0.486564 -0.002143
v 0.225504 0.523839 -0.002518
v 0.221076 0.530499 0.011776
v 0.215555 0.537298 -0.001511
v 0.409745 0.871083 0.159533
v 0.399061 0.873270 0.163560
v 0.404338 0.878074 0.158912
v 0.383389 0.812304 0.107335
v 0.377985 0.822158 0.104049
v 0.388233 0.817886 0.099284
v 0.301056 0.697162 0.034577
v 0.303144 0.701570 0.024855
v 0.309826 0.691870 0.025697
v 0.348457 0.750102 0.063686
v 0.342579 0.760494 0.061127
v 0.352177 0.755495 0.054605
v 0.037711 0.811144 -0.053733
v -0.002172 0.640027 -0.044449
v 0.038213 0.811078 -0.045551
v 0.008279 0.634865 -0.043546
v 0.029698 0.810791 -0.050097
v -0.001802 0.626861 -0.037067
v 0.058403 1.017264 -0.077267
v 0.058623 0.922680 -0.062086
v 0.051963 1.020454 -0.074859
v 0.059562 0.925502 -0.054479
v 0.050071 1.017123 -0.081244
v 0.051636 0.925476 -0.058722
v 0.045863 1.172982 -0.213576
v 0.038276 1.093383 -0.111548
v 0.049355 1.178316 -0.209204
v 0.046817 1.093725 -0.108472
v 0.040835 1.177855 -0.210598
v 0.041221 1.096871 -0.106552
v 0.053357 1.188667 -0.262709
v 0.049249 1.186818 -0.266472
v 0.048153 1.190264 -0.255635
v 0.054211 1.191440 -0.254936
v 0.046177 1.187972 -0.263491
v 0.042732 1.190386 -0.256161
v 0.041593 1.145655 -0.154238
v 0.041354 1.174781 -0.212724
v 0.044774 1.150148 -0.148805
v 0.049721 1.175224 -0.211358
v 0.036224 1.149671 -0.150919
v 0.045227 1.177894 -0.210951
v 0.061500 0.923694 -0.058046
v 0.055305 1.015759 -0.081327
v 0.054761 0.926184 -0.055126
v 0.056592 1.019825 -0.073689
v 0.053621 0.923660 -0.062189
v 0.048171 1.019690 -0.077750
v 0.016697 0.703991 -0.048185
v 0.032188 0.810936 -0.053938
v 0.017240 0.699519 -0.038395
v 0.040663 0.811261 -0.049433
v 0.006812 0.699257 -0.043848
v 0.032645 0.810859 -0.045840
v 0.036899 1.147072 -0.153508
v 0.045400 1.147507 -0.151457
v 0.040537 1.150300 -0.150260
v 0.043296 1.092074 -0.111955
v 0.045616 1.096398 -0.105219
v 0.036967 1.096027 -0.108376
v 0.010087 0.702308 -0.048488
v 0.020200 0.702583 -0.043204
v 0.010321 0.697921 -0.038595
v 0.004231 0.641634 -0.046291
v 0.005948 0.628216 -0.037630
v -0.005620 0.631877 -0.040887
v 0.055169 0.461023 -0.035418
v 0.082625 0.492762 -0.084979
v 0.053995 0.466156 -0.030892
v 0.083596 0.488534 -0.089601
v 0.048584 0.463546 -0.034631
v 0.088388 0.490161 -0.085814
v 0.087124 0.488251 -0.088522
v 0.033076 0.444115 -0.005737
v 0.085910 0.492072 -0.084652
v 0.039925 0.449535 -0.005087
v 0.081390 0.490856 -0.087709
v 0.031689 0.452332 -0.006593
v 0.121396 0.554828 -0.217004
v 0.108917 0.526073 -0.161266
v 0.124849 0.555527 -0.214212
v 0.113915 0.523785 -0.161950
v 0.120340 0.557603 -0.213629
v 0.112497 0.526663 -0.159558
v 0.129440 0.572730 -0.241422
v 0.126579 0.573327 -0.243194
v 0.127768 0.573955 -0.236771
v 0.131237 0.572843 -0.236957
v 0.125442 0.574315 -0.240902
v 0.125015 0.575380 -0.236037
v 0.110872 0.524120 -0.162869
v 0.119622 0.556463 -0.215510
v 0.114876 0.525268 -0.159841
v 0.124055 0.554418 -0.216083
v 0.109876 0.527555 -0.159156
v 0.122596 0.556720 -0.214560
v 0.038142 0.445056 -0.005503
v 0.036722 0.453282 -0.006159
v 0.029797 0.447634 -0.005669
v 0.051146 0.460959 -0.036575
v 0.056632 0.463652 -0.032462
v 0.050057 0.466236 -0.031662
v -0.005935 0.499640 -0.050986
v -0.000918 0.506289 -0.042717
v -0.012544 0.503780 -0.041332
v -0.059104 0.600198 -0.077467
v -0.059175 0.603157 -0.071407
v -0.048447 0.603333 -0.079262
v -0.053769 0.600328 -0.081501
v -0.053933 0.605990 -0.069445
v -0.048569 0.605670 -0.073347
v -0.139378 0.762035 -0.141494
v -0.144139 0.761386 -0.137731
v -0.135596 0.767484 -0.134830
v -0.134818 0.765274 -0.139996
v -0.144112 0.764222 -0.132335
v -0.139586 0.767449 -0.130793
v -0.270900 0.981193 -0.278237
v -0.225154 0.908726 -0.216084
v -0.264395 0.983193 -0.280534
v -0.221307 0.905834 -0.223510
v -0.267903 0.986074 -0.273906
v -0.219620 0.910201 -0.219104
v -0.293607 1.010369 -0.307048
v -0.297872 1.010295 -0.305717
v -0.288279 1.013187 -0.301909
v -0.286216 1.012371 -0.305628
v -0.296584 1.012419 -0.300918
v -0.290488 1.014932 -0.296664
v -0.225351 0.905850 -0.220364
v -0.270709 0.983909 -0.274530
v -0.217867 0.908251 -0.222693
v -0.267258 0.981074 -0.281047
v -0.221719 0.911143 -0.215257
v -0.266908 0.984827 -0.277731
v 0.008972 0.463119 -0.015665
v 0.022812 0.468141 -0.018124
v 0.010705 0.475071 -0.016193
v 0.016955 0.462845 -0.018410
v 0.019093 0.474371 -0.017763
v 0.006215 0.469099 -0.013648
v -0.012028 0.500012 -0.047250
v -0.000223 0.502945 -0.048931
v -0.007014 0.507032 -0.039105
v -0.034872 0.442362 0.047359
v -0.031876 0.445869 0.053527
v -0.036279 0.455453 0.040191
v -0.036192 0.446779 0.040368
v -0.030229 0.453588 0.051279
v -0.032699 0.458623 0.045366
v -0.112699 0.478384 0.071933
v -0.112900 0.475704 0.077558
v -0.104202 0.485401 0.074811
v -0.108658 0.483222 0.070673
v -0.109566 0.477852 0.082094
v -0.105350 0.482724 0.080726
v -0.191616 0.502301 0.106768
v -0.188634 0.504016 0.110580
v -0.187843 0.509392 0.100681
v -0.191263 0.504876 0.101848
v -0.185069 0.508523 0.109386
v -0.184540 0.511358 0.104351
v -0.312567 0.509692 0.166845
v -0.257528 0.512030 0.136890
v -0.307957 0.514691 0.168784
v -0.254211 0.519703 0.130803
v -0.309556 0.508478 0.174240
v -0.251438 0.518498 0.139147
v -0.399143 0.487467 0.246690
v -0.354989 0.497943 0.212173
v -0.398771 0.492408 0.243160
v -0.358230 0.498766 0.205829
v -0.395678 0.491803 0.248733
v -0.355290 0.501973 0.208141
v -0.433404 0.484759 0.268607
v -0.433510 0.481821 0.271993
v -0.427660 0.488164 0.268967
v -0.429893 0.489600 0.265469
v -0.430485 0.483627 0.273116
v -0.425559 0.488148 0.272424
v -0.357358 0.496315 0.209303
v -0.396777 0.488983 0.249160
v -0.357040 0.502173 0.205057
v -0.399812 0.489570 0.243675
v -0.353748 0.501309 0.211345
v -0.397893 0.491664 0.246370
v -0.257314 0.514927 0.132127
v -0.312154 0.506748 0.171055
v -0.251334 0.521312 0.134301
v -0.310392 0.514068 0.165646
v -0.254610 0.513781 0.140394
v -0.307304 0.512845 0.173068
v -0.165064 0.918847 0.155197
v -0.198345 0.832737 0.122775
v -0.163465 0.918752 0.151775
v -0.201466 0.834950 0.119356
v -0.161147 0.916648 0.153955
v -0.196923 0.832560 0.117826
v -0.090883 0.971541 0.202687
v -0.137530 0.936535 0.166478
v -0.092992 0.973989 0.201316
v -0.141140 0.938460 0.167721
v -0.089918 0.972693 0.199495
v -0.139535 0.938486 0.164878
v -0.074802 0.981245 0.221384
v -0.072823 0.979544 0.221875
v -0.075087 0.981920 0.217455
v -0.076929 0.983278 0.218589
v -0.072400 0.979898 0.219738
v -0.073201 0.981421 0.216075
v -0.115118 0.955044 0.182477
v -0.089583 0.971596 0.200849
v -0.117369 0.957211 0.180500
v -0.092607 0.972866 0.202643
v -0.114086 0.955695 0.179023
v -0.091140 0.973398 0.200911
v -0.191243 0.861209 0.130492
v -0.180058 0.890456 0.142478
v -0.189642 0.860988 0.126021
v -0.182734 0.892730 0.139329
v -0.186887 0.858848 0.129098
v -0.178568 0.890483 0.137978
v -0.188815 0.859669 0.131149
v -0.191667 0.861884 0.127844
v -0.187312 0.859565 0.126402
v -0.200908 0.834279 0.122127
v -0.199447 0.834069 0.117230
v -0.196359 0.831860 0.120656
v -0.182362 0.891997 0.141820
v -0.180761 0.891848 0.137847
v -0.178207 0.889700 0.140501
v -0.162882 0.917314 0.155845
v -0.165434 0.919656 0.152904
v -0.161468 0.917492 0.151643
v -0.113683 0.954772 0.180646
v -0.116985 0.956334 0.182150
v -0.115469 0.956675 0.179921
v -0.139095 0.937059 0.168287
v -0.141503 0.939270 0.165693
v -0.137870 0.937410 0.164459
v 0.199668 0.456990 -0.024246
v 0.151034 0.457183 -0.001986
v 0.199295 0.461167 -0.016268
v 0.156218 0.452630 0.005564
v 0.194346 0.465366 -0.024153
v 0.159320 0.464053 0.000454
v 0.299766 0.470795 -0.053388
v 0.253627 0.464651 -0.047785
v 0.296524 0.476936 -0.052728
v 0.252563 0.468413 -0.040161
v 0.296441 0.473435 -0.059270
v 0.248680 0.471755 -0.046949
v 0.442533 0.490710 -0.092112
v 0.400785 0.493143 -0.084292
v 0.442000 0.491966 -0.088194
v 0.402090 0.490273 -0.080124
v 0.441010 0.494635 -0.091848
v 0.401463 0.494092 -0.080671
v 0.473839 0.493366 -0.094471
v 0.465924 0.491670 -0.095811
v 0.468654 0.495996 -0.093491
v 0.463729 0.492778 -0.090978
v 0.472574 0.495425 -0.098128
v 0.462530 0.496077 -0.095414
v 0.401657 0.490617 -0.083024
v 0.441587 0.492977 -0.093117
v 0.401917 0.492365 -0.078716
v 0.442571 0.490311 -0.089504
v 0.400642 0.495195 -0.082890
v 0.442019 0.493315 -0.090130
v 0.364786 0.488740 -0.068669
v 0.333133 0.479976 -0.061837
v 0.363745 0.493437 -0.068827
v 0.333971 0.482741 -0.055973
v 0.362884 0.491624 -0.073393
v 0.331493 0.485469 -0.061237
v 0.465496 0.491222 -0.093104
v 0.475012 0.493229 -0.097149
v 0.463542 0.494429 -0.093297
v 0.469965 0.494870 -0.090537
v 0.464493 0.493969 -0.096763
v 0.468219 0.497967 -0.096387
v 0.152142 0.452337 0.001276
v 0.196224 0.461092 -0.026902
v 0.161531 0.458380 0.003837
v 0.200959 0.456859 -0.018848
v 0.153106 0.462805 -0.001356
v 0.196086 0.466001 -0.018943
v 0.254538 0.464809 -0.043022
v 0.298643 0.470586 -0.057523
v 0.249594 0.472094 -0.042043
v 0.298725 0.473900 -0.050919
v 0.250663 0.468031 -0.049813
v 0.295430 0.476744 -0.056922
v 0.334243 0.480000 -0.058208
v 0.363943 0.488967 -0.071898
v 0.332598 0.485285 -0.057676
v 0.364712 0.491215 -0.066951
v 0.331694 0.482634 -0.063292
v 0.362876 0.494089 -0.071737
v 0.208065 0.576574 -0.015764
v 0.197757 0.526204 -0.006940
v 0.201417 0.573892 -0.008628
v 0.200871 0.527048 0.004984
v 0.199191 0.572313 -0.017744
v 0.188420 0.520316 0.002209
v 0.197672 0.666254 -0.037960
v 0.198977 0.666435 -0.042271
v 0.190626 0.663201 -0.039366
v 0.193604 0.664648 -0.036532
v 0.196160 0.664977 -0.045185
v 0.191944 0.663352 -0.043715
v 0.169496 0.767885 -0.064883
v 0.167210 0.766827 -0.067316
v 0.165258 0.766933 -0.060108
v 0.168513 0.767943 -0.061240
v 0.163746 0.765795 -0.066083
v 0.162863 0.765838 -0.062558
v 0.139382 0.956327 -0.033529
v 0.144357 0.867473 -0.057558
v 0.135616 0.956592 -0.033841
v 0.141900 0.868155 -0.052929
v 0.136231 0.954345 -0.037726
v 0.139624 0.866656 -0.058192
v 0.141575 1.052774 -0.045657
v 0.138610 1.013654 -0.032335
v 0.142325 1.055525 -0.042588
v 0.142492 1.015383 -0.029597
v 0.138263 1.054457 -0.044206
v 0.139325 1.016388 -0.029403
v 0.144933 1.073899 -0.064257
v 0.142164 1.068631 -0.059467
v 0.141153 1.073728 -0.059707
v 0.142936 1.071042 -0.054822
v 0.140689 1.072508 -0.065568
v 0.137804 1.069974 -0.056521
v 0.141229 1.013708 -0.031851
v 0.139075 1.053056 -0.045576
v 0.141395 1.016877 -0.028096
v 0.143088 1.054097 -0.044003
v 0.137450 1.015153 -0.030839
v 0.140421 1.055247 -0.043783
v 0.144177 0.868204 -0.054161
v 0.138703 0.954834 -0.036537
v 0.139740 0.867266 -0.055231
v 0.137779 0.957312 -0.032020
v 0.142139 0.866737 -0.059481
v 0.134431 0.955320 -0.036191
v 0.143691 1.069702 -0.057506
v 0.143880 1.072662 -0.066853
v 0.140473 1.070652 -0.056044
v 0.144237 1.075324 -0.058898
v 0.139436 1.068829 -0.058897
v 0.137686 1.073360 -0.061117
v 0.202634 0.530822 -0.001578
v 0.204360 0.574561 -0.019489
v 0.193880 0.521688 0.006820
v 0.206560 0.576162 -0.010372
v 0.190697 0.521442 -0.004947
v 0.197541 0.572034 -0.012247
v 0.135432 0.537371 0.096130
v 0.115994 0.454966 0.033362
v 0.137056 0.538447 0.092822
v 0.111247 0.460069 0.030159
v 0.139818 0.536506 0.095035
v 0.119318 0.460467 0.029883
v 0.194117 0.563049 0.184107
v 0.154429 0.553222 0.118957
v 0.191861 0.565554 0.183324
v 0.150421 0.553998 0.120042
v 0.195054 0.565416 0.181806
v 0.152020 0.555222 0.117379
v 0.206830 0.562466 0.208241
v 0.208775 0.561056 0.208317
v 0.206852 0.564465 0.205229
v 0.204928 0.564997 0.206372
v 0.209334 0.562190 0.206741
v 0.208749 0.564741 0.204174
v 0.172466 0.561197 0.149969
v 0.195459 0.563924 0.182735
v 0.169880 0.563792 0.148138
v 0.192321 0.564051 0.184233
v 0.173479 0.563334 0.146891
v 0.193727 0.565301 0.183135
v 0.118509 0.488844 0.051242
v 0.127156 0.513173 0.072553
v 0.120269 0.489974 0.046973
v 0.124023 0.515208 0.069453
v 0.123420 0.488040 0.049944
v 0.128686 0.514446 0.068224
v 0.121257 0.487894 0.051893
v 0.118009 0.489899 0.048703
v 0.122883 0.489172 0.047353
v 0.115763 0.468493 0.040085
v 0.118101 0.471092 0.035930
v 0.121828 0.468057 0.039123
v 0.124524 0.514150 0.071878
v 0.126192 0.515191 0.068047
v 0.129208 0.513313 0.070670
v 0.137871 0.536311 0.096827
v 0.134910 0.538571 0.093854
v 0.139420 0.537736 0.092789
v 0.174010 0.561835 0.148361
v 0.170394 0.562317 0.149657
v 0.171916 0.563649 0.147855
v 0.152696 0.552860 0.120680
v 0.149901 0.555362 0.118030
v 0.153997 0.554635 0.117004
v 0.119062 0.467328 0.040826
v 0.115264 0.470369 0.037602
v 0.121320 0.469994 0.036605
v 0.111713 0.456573 0.032439
v 0.115063 0.462066 0.028853
v 0.119802 0.456871 0.032183
v -0.110284 0.527583 -0.134315
v 0.000456 0.436961 0.012433
v -0.104647 0.534379 -0.138163
v 0.008215 0.435127 0.000350
v -0.108833 0.535495 -0.128591
v 0.012184 0.444954 0.010523
v -0.209003 0.647034 -0.220977
v -0.159537 0.594047 -0.186157
v -0.209863 0.654550 -0.216969
v -0.156630 0.601454 -0.191262
v -0.210573 0.648912 -0.211282
v -0.159423 0.602556 -0.181944
v -0.382306 0.680857 -0.187876
v -0.266054 0.677656 -0.222056
v -0.382886 0.686264 -0.192799
v -0.266012 0.675837 -0.231540
v -0.381541 0.687280 -0.184880
v -0.266786 0.681801 -0.227429
v -0.428272 0.675071 -0.174424
v -0.429341 0.672936 -0.169628
v -0.422236 0.680039 -0.172138
v -0.423688 0.680113 -0.177772
v -0.426676 0.675525 -0.168004
v -0.421178 0.680915 -0.167432
v -0.323605 0.684300 -0.213739
v -0.381527 0.683648 -0.184368
v -0.324454 0.689867 -0.219206
v -0.382845 0.682650 -0.192139
v -0.323592 0.691365 -0.210561
v -0.382926 0.686189 -0.188464
v -0.068372 0.473735 -0.078972
v -0.111207 0.530578 -0.129247
v -0.060201 0.480404 -0.082503
v -0.106942 0.529598 -0.138749
v -0.065915 0.482334 -0.071502
v -0.105606 0.537323 -0.132999
v -0.157555 0.596194 -0.190850
v -0.209703 0.645123 -0.215542
v -0.157536 0.604194 -0.186510
v -0.209184 0.652144 -0.221915
v -0.160472 0.597315 -0.181776
v -0.210602 0.654093 -0.212002
v -0.323261 0.687393 -0.209875
v -0.324118 0.685976 -0.218528
v -0.324500 0.690678 -0.214578
v -0.265737 0.674142 -0.226197
v -0.266531 0.680176 -0.232236
v -0.266545 0.682161 -0.222790
v -0.034390 0.453680 -0.026650
v -0.027920 0.451834 -0.038398
v -0.024540 0.461097 -0.029504
v 0.001665 0.433108 0.004971
v 0.013581 0.440900 0.003143
v 0.005357 0.443019 0.015144
v -0.033489 0.449931 -0.033569
v -0.023348 0.457222 -0.036307
v -0.030381 0.459463 -0.024755
v -0.069369 0.477170 -0.072819
v -0.063712 0.475517 -0.083802
v -0.061294 0.483802 -0.076287
v 0.084037 0.455184 0.076667
v 0.081785 0.479823 0.110518
v 0.082909 0.460865 0.072713
v 0.082649 0.475737 0.114735
v 0.089980 0.457709 0.072679
v 0.076958 0.477731 0.113687
v 0.066586 0.500065 0.146047
v 0.087805 0.438039 0.042179
v 0.066992 0.503106 0.142923
v 0.078108 0.443517 0.043983
v 0.071549 0.501847 0.143884
v 0.089006 0.447339 0.041014
v 0.035797 0.617065 0.203282
v 0.055605 0.537828 0.161765
v 0.032192 0.619749 0.201420
v 0.050567 0.536490 0.163506
v 0.036964 0.619682 0.199523
v 0.051865 0.539197 0.160801
v 0.038334 0.645016 0.227127
v 0.041915 0.643857 0.228274
v 0.039250 0.646123 0.221348
v 0.035337 0.646776 0.222670
v 0.043021 0.644646 0.225251
v 0.042653 0.646226 0.219610
v 0.039994 0.577764 0.178491
v 0.037540 0.618009 0.201256
v 0.036554 0.580101 0.176787
v 0.032429 0.617875 0.203256
v 0.040880 0.580488 0.175139
v 0.034925 0.620088 0.200970
v 0.081526 0.438594 0.044269
v 0.081557 0.447886 0.041662
v 0.092146 0.442648 0.041242
v 0.088262 0.454883 0.075237
v 0.081245 0.458227 0.075330
v 0.087225 0.460725 0.071339
v 0.069875 0.503528 0.142171
v 0.069919 0.500053 0.145892
v 0.064984 0.501731 0.144406
v 0.079136 0.475715 0.115385
v 0.078578 0.479548 0.111562
v 0.083926 0.477822 0.112254
v 0.041629 0.578843 0.176712
v 0.036653 0.578175 0.178571
v 0.038924 0.580879 0.175981
v 0.053845 0.536333 0.163535
v 0.049612 0.538145 0.161836
v 0.054367 0.539406 0.160118
v -0.089722 0.550950 0.132359
v -0.069810 0.460683 0.072569
v -0.085889 0.550788 0.132216
v -0.071906 0.469830 0.072162
v -0.087130 0.548884 0.135552
v -0.062559 0.467181 0.071569
v -0.128614 0.583697 0.228578
v -0.095157 0.567270 0.161296
v -0.128158 0.586371 0.226430
v -0.097601 0.569164 0.158418
v -0.125510 0.585154 0.228437
v -0.094269 0.569306 0.158583
v -0.143262 0.586243 0.251456
v -0.142913 0.584497 0.253071
v -0.140092 0.587383 0.250143
v -0.141733 0.588595 0.249080
v -0.140982 0.585054 0.252864
v -0.138276 0.586959 0.251286
v -0.110397 0.578390 0.192835
v -0.126587 0.583884 0.229131
v -0.109185 0.580965 0.189890
v -0.129196 0.585074 0.227162
v -0.106686 0.579421 0.192358
v -0.127248 0.585669 0.227934
v -0.075423 0.497128 0.091738
v -0.081552 0.524164 0.111699
v -0.070854 0.497398 0.090633
v -0.079736 0.526006 0.107599
v -0.071777 0.495845 0.094975
v -0.076853 0.523983 0.110963
v -0.074577 0.496154 0.094358
v -0.073500 0.497733 0.089824
v -0.069804 0.496551 0.093004
v -0.073829 0.474555 0.081733
v -0.068835 0.477357 0.079012
v -0.067748 0.472883 0.084344
v -0.081866 0.525490 0.109159
v -0.077594 0.525181 0.108772
v -0.079014 0.523395 0.112548
v -0.089557 0.549577 0.134734
v -0.087667 0.551639 0.130876
v -0.085035 0.549581 0.134194
v -0.108161 0.578251 0.193429
v -0.110700 0.579832 0.190971
v -0.108086 0.580305 0.191504
v -0.097485 0.567740 0.160617
v -0.095713 0.570072 0.157079
v -0.093263 0.568219 0.160067
v -0.071647 0.472317 0.084244
v -0.072416 0.476832 0.078985
v -0.066177 0.475904 0.081592
v -0.073411 0.464571 0.072819
v -0.066544 0.470225 0.070615
v -0.064483 0.461639 0.072979
v -0.203237 0.823055 0.116620
v -0.205909 0.827238 0.114035
v -0.200361 0.824994 0.112521
v -0.205978 0.825204 0.116248
v -0.203077 0.827165 0.112166
v -0.200438 0.822903 0.114778
v -0.060512 1.040677 0.143832
v -0.067228 1.045279 0.142207
v -0.057707 1.034942 0.149423
v -0.039371 1.049931 0.130009
v -0.018269 1.057420 0.111556
v -0.045766 1.057457 0.127722
v -0.033926 1.043590 0.135480
v -0.026076 1.036193 0.145085
v -0.011105 1.049779 0.117380
v -0.001078 1.041644 0.126559
v 0.013075 1.059276 0.096753
v 0.023293 1.050902 0.105687
v 0.033997 1.065604 0.073299
v 0.005289 1.067286 0.090789
v 0.026077 1.073422 0.067339
v -0.001907 1.077463 0.087623
v 0.019141 1.083655 0.064224
v -0.009591 1.091366 0.085181
v -0.025261 1.067016 0.108592
v -0.033178 1.081228 0.106107
v -0.042758 1.101274 0.101947
v -0.054127 1.070086 0.125997
v -0.077606 1.048427 0.146203
v -0.064465 1.092869 0.121482
v -0.083203 1.085919 0.139867
v -0.076725 1.118302 0.116585
v -0.054247 1.123465 0.097184
v -0.096325 1.114283 0.134391
v -0.090457 1.140907 0.112606
v -0.098068 1.167753 0.117977
v -0.110511 1.138288 0.130272
v -0.067526 1.144007 0.093300
v -0.075730 1.169013 0.098059
v -0.043931 1.146792 0.073639
v -0.057588 1.165608 0.071143
v -0.030705 1.127937 0.077170
v -0.020541 1.147278 0.053893
v -0.007588 1.129693 0.056432
v -0.035736 1.163807 0.049844
v 0.001432 1.143419 0.034181
v -0.013054 1.158966 0.030831
v 0.012635 1.126789 0.035469
v 0.019519 1.136282 0.015799
v 0.028364 1.120260 0.015261
v 0.002744 1.147392 0.009500
v 0.032556 1.128022 -0.000286
v 0.039549 1.112535 -0.003252
v 0.031732 1.113901 -0.020877
v 0.014435 1.135645 -0.006268
v 0.024451 1.125138 -0.015568
v 0.039163 1.100648 -0.024727
v 0.051868 1.085304 -0.028529
v 0.064926 1.071656 -0.034148
v 0.045578 1.096477 -0.006771
v 0.035715 1.105682 0.014906
v 0.050493 1.082514 -0.008850
v 0.041505 1.092448 0.015067
v 0.053697 1.072238 -0.007212
v 0.057638 1.064852 -0.004131
v 0.059056 1.062548 -0.027628
v 0.046079 1.080649 0.016418
v 0.051491 1.071323 0.019417
v 0.034935 1.084623 0.040331
v 0.041332 1.074512 0.043373
v 0.029056 1.097363 0.038672
v 0.012152 1.097042 0.062187
v 0.021763 1.111382 0.037043
v 0.003331 1.112629 0.059422
v -0.019138 1.108815 0.081389
v 0.049265 1.067019 0.049156
v 0.059167 1.060269 0.058056
v 0.059017 1.064490 0.024628
v 0.068860 1.058872 0.033083
v 0.064073 1.059153 -0.000152
v 0.073640 1.054195 0.006783
v 0.066606 1.053070 -0.021957
v 0.081785 1.053330 -0.022600
v 0.061550 1.057557 -0.024304
v 0.068433 1.048597 -0.036913
v 0.078344 1.053570 -0.035538
v 0.076233 1.051006 -0.048231
v 0.065039 1.051518 -0.038968
v 0.075395 1.051838 -0.049898
v 0.063289 1.054977 -0.041192
v 0.074734 1.053417 -0.049923
v 0.071543 1.062287 -0.041399
v 0.073709 1.056345 -0.047300
v 0.077143 1.051425 -0.043904
v 0.090379 1.047593 -0.005721
v 0.103671 1.041089 0.013537
v 0.085496 1.049071 0.019865
v 0.080388 1.052321 0.045380
v 0.099655 1.043269 0.036655
v 0.093769 1.043761 0.060033
v 0.114604 1.035797 0.054476
v 0.109560 1.033307 0.075455
v 0.123860 1.014005 0.065704
v 0.114899 1.032042 0.032537
v 0.122222 1.022648 0.050067
v 0.121850 1.009754 0.083881
v 0.115649 1.007854 0.107166
v 0.102642 0.999772 0.129519
v 0.100882 1.028404 0.097489
v 0.084903 1.041348 0.083524
v 0.087913 1.020950 0.120197
v 0.071744 1.035455 0.106894
v 0.070340 1.011632 0.143093
v 0.053483 1.026546 0.129949
v 0.048732 1.003424 0.166117
v 0.087830 0.997217 0.157144
v 0.068419 0.994855 0.184142
v 0.044178 0.990777 0.207481
v 0.018661 0.981242 0.225264
v 0.023699 0.997317 0.188299
v 0.006193 1.011840 0.173686
v 0.000242 0.993458 0.209154
v -0.016678 1.008589 0.193891
v -0.016993 0.991682 0.228287
v -0.033256 1.007598 0.213107
v -0.029434 0.990702 0.244960
v -0.002489 0.971611 0.241233
v -0.018021 0.967011 0.255961
v -0.029042 0.967250 0.267302
v -0.037958 0.969380 0.276915
v -0.038163 0.991393 0.259418
v -0.053669 1.005115 0.247151
v -0.044568 0.991485 0.273799
v -0.058097 1.002521 0.265020
v -0.049761 0.989417 0.290614
v -0.059103 0.997022 0.286333
v -0.055873 0.984412 0.308673
v -0.045827 0.973647 0.289147
v -0.051627 0.979622 0.301592
v -0.059463 0.989017 0.310550
v -0.063321 0.995285 0.307637
v -0.069790 1.003091 0.296319
v -0.069055 1.004668 0.280899
v -0.081959 1.009054 0.272408
v -0.071906 1.013093 0.256681
v -0.091263 1.014237 0.243885
v -0.069163 1.019089 0.236179
v -0.091757 1.021337 0.221603
v -0.061209 1.022755 0.217530
v -0.045589 1.005962 0.230502
v -0.085418 1.025640 0.201203
v -0.049882 1.023348 0.197810
v -0.071731 1.030148 0.180310
v -0.033992 1.023413 0.177943
v -0.061314 1.030696 0.160865
v -0.011213 1.025212 0.158578
v 0.013711 1.030922 0.138718
v 0.031180 1.017926 0.152390
v 0.037227 1.039913 0.117117
v 0.056768 1.047819 0.093829
v 0.043933 1.057752 0.082242
v 0.071113 1.052085 0.069951
v -0.117647 1.166423 0.135426
v -0.125841 1.136620 0.145346
v -0.133924 1.163378 0.147993
v -0.137364 1.135639 0.158493
v -0.111647 1.112924 0.149889
v -0.123890 1.113444 0.163921
v -0.097716 1.085327 0.155858
v -0.110231 1.088078 0.170964
v -0.090222 1.051727 0.158703
v -0.101459 1.057485 0.175866
v -0.112924 1.065455 0.192410
v -0.129213 1.073789 0.204062
v -0.122605 1.091984 0.185406
v -0.134879 1.114843 0.177392
v -0.135903 1.097975 0.198117
v -0.146336 1.117548 0.189890
v -0.150960 1.106862 0.208022
v -0.159654 1.121964 0.200650
v -0.168158 1.116543 0.214793
v -0.146988 1.085899 0.211740
v -0.162950 1.102364 0.218312
v -0.182258 1.115219 0.220690
v -0.199796 1.122782 0.219406
v -0.187391 1.124772 0.218563
v -0.192149 1.131386 0.213901
v -0.208372 1.129232 0.218415
v -0.210565 1.134513 0.216509
v -0.208674 1.140141 0.213683
v -0.202990 1.145129 0.210773
v -0.194548 1.137286 0.208618
v -0.193109 1.148208 0.208131
v -0.180372 1.135908 0.202771
v -0.175014 1.126968 0.208805
v -0.180314 1.151771 0.204018
v -0.167412 1.135042 0.193592
v -0.167715 1.155653 0.194829
v -0.156213 1.134753 0.182367
v -0.158515 1.158002 0.182193
v -0.146786 1.134997 0.170666
v -0.151908 1.159534 0.170480
v -0.145410 1.160538 0.158899
v -0.405974 1.114781 0.089973
v -0.437483 1.098821 0.101900
v -0.399617 1.112917 0.101888
v -0.407924 1.121592 0.077077
v -0.403909 1.137230 0.064088
v -0.443186 1.106844 0.084138
v -0.453697 1.120813 0.062772
v -0.480007 1.091670 0.092999
v -0.491071 1.104156 0.069965
v -0.473372 1.083837 0.114462
v -0.523743 1.078918 0.106623
v -0.533597 1.089269 0.083019
v -0.571839 1.063566 0.121100
v -0.517896 1.071966 0.129404
v -0.566899 1.057311 0.143544
v -0.512754 1.068015 0.156037
v -0.563310 1.053596 0.169092
v -0.506348 1.065400 0.186453
v -0.466717 1.079766 0.139850
v -0.458849 1.077638 0.170518
v -0.430784 1.095421 0.122419
v -0.422569 1.094790 0.150446
v -0.388335 1.120510 0.111754
v -0.414186 1.092770 0.191901
v -0.406830 1.087511 0.236263
v -0.386023 1.112729 0.177929
v -0.449400 1.074648 0.206400
v -0.440387 1.068341 0.245280
v -0.496855 1.061196 0.219664
v -0.485203 1.053288 0.254613
v -0.550771 1.048302 0.229103
v -0.558974 1.051591 0.197623
v -0.537982 1.041373 0.262322
v -0.600884 1.027704 0.235875
v -0.588853 1.024283 0.267417
v -0.607671 1.028804 0.206116
v -0.644331 0.994826 0.241317
v -0.650525 0.992239 0.212738
v -0.629820 0.991890 0.275365
v -0.677900 0.947619 0.246920
v -0.663434 0.954889 0.279541
v -0.684129 0.938573 0.218635
v -0.700102 0.893147 0.249656
v -0.708857 0.869165 0.225586
v -0.680560 0.912180 0.279456
v -0.663478 0.927576 0.305488
v -0.644092 0.943869 0.323058
v -0.643500 0.958835 0.309310
v -0.614442 0.958283 0.327995
v -0.613028 0.991716 0.304367
v -0.583960 0.979450 0.327324
v -0.571633 1.016833 0.299840
v -0.550755 1.005254 0.331429
v -0.522121 1.030409 0.296794
v -0.507897 1.021554 0.333953
v -0.473620 1.041427 0.291101
v -0.461630 1.026000 0.328030
v -0.433862 1.057346 0.284835
v -0.421412 1.031925 0.319688
v -0.402502 1.076890 0.277743
v -0.393217 1.052750 0.313171
v -0.374918 1.097424 0.271023
v -0.379345 1.107117 0.228176
v -0.369965 1.081604 0.308746
v -0.347666 1.116759 0.267985
v -0.345162 1.112163 0.308457
v -0.322004 1.132296 0.268543
v -0.354824 1.126535 0.225659
v -0.330952 1.143119 0.229234
v -0.363000 1.134212 0.175599
v -0.339662 1.154196 0.182877
v -0.381317 1.150285 0.122344
v -0.347479 1.164689 0.132015
v -0.321684 1.185099 0.154311
v -0.295900 1.197630 0.180233
v -0.313180 1.168558 0.197562
v -0.285903 1.176330 0.214591
v -0.306241 1.154607 0.237776
v -0.280908 1.161085 0.248151
v -0.299594 1.142124 0.271656
v -0.296866 1.140233 0.306276
v -0.278950 1.147443 0.275975
v -0.281275 1.143764 0.304932
v -0.258195 1.150179 0.280224
v -0.267229 1.146302 0.303921
v -0.238219 1.157940 0.287392
v -0.255487 1.163473 0.257481
v -0.231505 1.170847 0.269975
v -0.260533 1.177960 0.229256
v -0.239348 1.188446 0.249409
v -0.273458 1.200253 0.202262
v -0.256395 1.203567 0.228200
v -0.252749 1.150511 0.299504
v -0.318294 1.132128 0.308202
v -0.712733 0.851360 0.212275
v -0.699781 0.885110 0.200186
v -0.700909 0.889994 0.183131
v -0.684145 0.938174 0.196003
v -0.703534 0.851473 0.200252
v -0.704252 0.851999 0.187716
v -0.715294 0.828814 0.199280
v -0.717003 0.823728 0.194180
v -0.714402 0.838474 0.205175
v -0.720028 0.825367 0.189318
v -0.722282 0.835909 0.180828
v -0.709689 0.853775 0.174495
v -0.708135 0.891685 0.165767
v -0.723852 0.856653 0.163779
v -0.727604 0.883431 0.141302
v -0.701488 0.951908 0.136089
v -0.728883 0.910071 0.111880
v -0.724727 0.938244 0.088648
v -0.704344 0.967708 0.114167
v -0.670495 1.015663 0.105738
v -0.700099 0.986835 0.093540
v -0.669909 1.027352 0.084061
v -0.693047 1.005688 0.072981
v -0.710954 0.965635 0.071344
v -0.668157 1.038037 0.061415
v -0.675495 1.011012 0.042801
v -0.694617 0.991094 0.057292
v -0.656574 1.029257 0.021750
v -0.642597 1.054424 -0.005418
v -0.626419 1.083362 -0.030789
v -0.648957 1.069004 0.034992
v -0.638711 1.061913 0.064860
v -0.622985 1.095314 0.008376
v -0.608135 1.089488 0.038849
v -0.587774 1.123919 -0.003992
v -0.567733 1.111915 0.022415
v -0.556581 1.153934 -0.014525
v -0.604409 1.124377 -0.037117
v -0.580019 1.164818 -0.041008
v -0.556957 1.192876 -0.061113
v -0.531174 1.207683 -0.093189
v -0.531105 1.179370 -0.031450
v -0.504257 1.159786 -0.003346
v -0.509783 1.201075 -0.051517
v -0.481139 1.182960 -0.016283
v -0.491839 1.225081 -0.065548
v -0.463255 1.207821 -0.028673
v -0.477881 1.245724 -0.078277
v -0.511790 1.230380 -0.109675
v -0.498461 1.250754 -0.118194
v -0.489592 1.262156 -0.125688
v -0.483168 1.267226 -0.134594
v -0.468611 1.260904 -0.091714
v -0.442894 1.252149 -0.059052
v -0.463128 1.270951 -0.107020
v -0.439765 1.267197 -0.079059
v -0.460183 1.276767 -0.124717
v -0.440323 1.276528 -0.101746
v -0.458750 1.279496 -0.143266
v -0.477345 1.269009 -0.146261
v -0.472011 1.267347 -0.158619
v -0.467386 1.263991 -0.168962
v -0.461843 1.261920 -0.175706
v -0.457925 1.280313 -0.160976
v -0.445190 1.282571 -0.150311
v -0.453724 1.262805 -0.177650
v -0.444428 1.266403 -0.174893
v -0.435356 1.271588 -0.166839
v -0.426708 1.278473 -0.148826
v -0.431968 1.284249 -0.135304
v -0.418097 1.284048 -0.117257
v -0.425455 1.281266 -0.104303
v -0.442711 1.281168 -0.125886
v -0.407082 1.279493 -0.080584
v -0.418396 1.273244 -0.074956
v -0.394843 1.267425 -0.046352
v -0.413319 1.259528 -0.047992
v -0.381564 1.243873 -0.019926
v -0.412965 1.240034 -0.024000
v -0.376171 1.219977 0.006226
v -0.418441 1.215394 -0.004266
v -0.381018 1.194426 0.031429
v -0.450557 1.231909 -0.042283
v -0.430181 1.187308 0.010469
v -0.392937 1.164200 0.050193
v -0.448763 1.161011 0.021956
v -0.476822 1.140217 0.031279
v -0.509500 1.119928 0.040468
v -0.532552 1.136779 0.009874
v -0.548909 1.101028 0.053969
v -0.593309 1.081471 0.069712
v -0.580523 1.072278 0.097800
v -0.634449 1.053962 0.088410
v -0.626609 1.045745 0.112950
v -0.667328 1.005884 0.127031
v -0.618731 1.038185 0.135354
v -0.660711 0.998649 0.147715
v -0.613892 1.032662 0.156595
v -0.655378 0.993980 0.167641
v -0.610806 1.029583 0.180070
v -0.652712 0.991474 0.188908
v -0.685956 0.941711 0.176589
v -0.692404 0.945475 0.157536
v -0.198873 1.071697 -0.764430
v -0.176606 1.038514 -0.775571
v -0.227455 1.117673 -0.736286
v -0.208107 1.061194 -0.761261
v -0.191559 1.077983 -0.772779
v -0.177330 1.076068 -0.792137
v -0.216928 1.125848 -0.745854
v -0.172222 1.043856 -0.781325
v -0.166120 1.049711 -0.787551
v -0.159148 1.018343 -0.784060
v -0.160706 1.030126 -0.785996
v -0.161006 1.013144 -0.781895
v -0.166446 1.012036 -0.780296
v -0.175748 1.015527 -0.777611
v -0.182773 1.031940 -0.772900
v -0.190799 1.023923 -0.770556
v -0.216175 1.033132 -0.757626
v -0.261645 1.097519 -0.720807
v -0.256545 1.043652 -0.739222
v -0.299415 1.058110 -0.711412
v -0.291196 1.094993 -0.698736
v -0.324026 1.094890 -0.663534
v -0.306940 1.133531 -0.645192
v -0.283115 1.141982 -0.668115
v -0.333725 1.119602 -0.612027
v -0.306374 1.159547 -0.595753
v -0.286679 1.171655 -0.617805
v -0.330563 1.146898 -0.567544
v -0.302152 1.179390 -0.555331
v -0.279398 1.191840 -0.574835
v -0.327696 1.166572 -0.532109
v -0.296334 1.198754 -0.523236
v -0.271470 1.210011 -0.540409
v -0.324162 1.185315 -0.502661
v -0.287716 1.216110 -0.495468
v -0.261602 1.227099 -0.512072
v -0.317772 1.201914 -0.475976
v -0.278562 1.231937 -0.471011
v -0.250343 1.242551 -0.488021
v -0.311323 1.217686 -0.450781
v -0.272280 1.249649 -0.447321
v -0.307618 1.234356 -0.425805
v -0.224910 1.259538 -0.459752
v -0.275837 1.270339 -0.422791
v -0.308866 1.253543 -0.400252
v -0.291344 1.290448 -0.398554
v -0.234812 1.282290 -0.439498
v -0.256014 1.305702 -0.416397
v -0.278616 1.319880 -0.387445
v -0.288864 1.323813 -0.345506
v -0.299254 1.301897 -0.366888
v -0.319140 1.284204 -0.346603
v -0.307577 1.306544 -0.333433
v -0.323805 1.290181 -0.318096
v -0.320189 1.303033 -0.301342
v -0.330906 1.289340 -0.290436
v -0.325735 1.288389 -0.269111
v -0.300966 1.316235 -0.309238
v -0.313555 1.297886 -0.285316
v -0.333080 1.280633 -0.262183
v -0.339214 1.273388 -0.260876
v -0.344081 1.266009 -0.264659
v -0.342554 1.276339 -0.281732
v -0.341501 1.272759 -0.303393
v -0.349912 1.260166 -0.273973
v -0.358893 1.255253 -0.288912
v -0.367320 1.246444 -0.308669
v -0.373958 1.233916 -0.332549
v -0.341095 1.264192 -0.326870
v -0.339817 1.250115 -0.351354
v -0.313423 1.271409 -0.373887
v -0.333367 1.227929 -0.375237
v -0.332474 1.209553 -0.401182
v -0.367122 1.210570 -0.354350
v -0.360257 1.187842 -0.378262
v -0.371055 1.181043 -0.411259
v -0.380267 1.170842 -0.439754
v -0.338514 1.196673 -0.429160
v -0.349505 1.186377 -0.457085
v -0.354251 1.171030 -0.481716
v -0.355880 1.153900 -0.506571
v -0.384636 1.156765 -0.461169
v -0.384137 1.140052 -0.479415
v -0.374288 1.119582 -0.502224
v -0.358797 1.101540 -0.539020
v -0.351896 1.134499 -0.538122
v -0.353530 1.115373 -0.574077
v -0.355716 1.085400 -0.620979
v -0.329126 1.058694 -0.669865
v -0.360910 1.082115 -0.576322
v -0.359946 1.065374 -0.628003
v -0.221215 1.252121 -0.475037
v -0.215842 1.255920 -0.483992
v -0.235107 1.247574 -0.499312
v -0.226846 1.252571 -0.506182
v -0.243841 1.234701 -0.523143
v -0.232631 1.241951 -0.530632
v -0.252178 1.219047 -0.552077
v -0.238686 1.228160 -0.560685
v -0.261895 1.202900 -0.588628
v -0.247207 1.213536 -0.598671
v -0.268221 1.183065 -0.632532
v -0.252589 1.194172 -0.643105
v -0.262853 1.151989 -0.681946
v -0.247347 1.162803 -0.691344
v -0.240774 1.107001 -0.730071
v -0.236564 1.173588 -0.702404
v -0.227687 1.186031 -0.713972
v -0.241830 1.206422 -0.654281
v -0.236645 1.225999 -0.608683
v -0.232374 1.220386 -0.666082
v -0.227068 1.241546 -0.619562
v -0.221458 1.237306 -0.677406
v -0.214736 1.260998 -0.630964
v -0.204468 1.255940 -0.684663
v -0.219994 1.204000 -0.722388
v -0.210454 1.226327 -0.727492
v -0.208230 1.161092 -0.762438
v -0.205167 1.190406 -0.763293
v -0.189612 1.112069 -0.796335
v -0.210716 1.138119 -0.756610
v -0.192772 1.151778 -0.793022
v -0.187432 1.187830 -0.781982
v -0.179753 1.217501 -0.766932
v -0.199191 1.221821 -0.759978
v -0.195236 1.250139 -0.728529
v -0.169041 1.237391 -0.749231
v -0.160190 1.260091 -0.724420
v -0.152036 1.294725 -0.693772
v -0.150959 1.334181 -0.666837
v -0.176351 1.272462 -0.687670
v -0.170240 1.304091 -0.652033
v -0.198186 1.283750 -0.642664
v -0.169512 1.335570 -0.619165
v -0.159345 1.352485 -0.584192
v -0.147101 1.365238 -0.635809
v -0.190689 1.306702 -0.603549
v -0.184632 1.325831 -0.568875
v -0.207327 1.279829 -0.590098
v -0.201960 1.295710 -0.555400
v -0.220039 1.256886 -0.578802
v -0.215311 1.269906 -0.545168
v -0.229209 1.240057 -0.569198
v -0.224453 1.252573 -0.537375
v -0.219847 1.261614 -0.511051
v -0.209196 1.265224 -0.486748
v -0.211134 1.279128 -0.516326
v -0.204164 1.281458 -0.479105
v -0.197604 1.308192 -0.526406
v -0.194873 1.322873 -0.500154
v -0.180164 1.341559 -0.540047
v -0.176829 1.358433 -0.514622
v -0.156496 1.370787 -0.556323
v -0.157001 1.392639 -0.532150
v -0.131051 1.398741 -0.574795
v -0.128100 1.421242 -0.548339
v -0.136823 1.381879 -0.602579
v -0.121300 1.438393 -0.516650
v -0.119400 1.453232 -0.481530
v -0.153663 1.414142 -0.506164
v -0.172543 1.380850 -0.490357
v -0.147054 1.431686 -0.476490
v -0.166833 1.402974 -0.466745
v -0.136324 1.443098 -0.447843
v -0.156951 1.420340 -0.441665
v -0.120261 1.449413 -0.424401
v -0.112131 1.461321 -0.451926
v -0.103718 1.468085 -0.428213
v -0.094316 1.472775 -0.408898
v -0.086317 1.474857 -0.395623
v -0.098289 1.451997 -0.407879
v -0.111974 1.440968 -0.401133
v -0.082538 1.472684 -0.387541
v -0.083665 1.467200 -0.381920
v -0.092206 1.457911 -0.378248
v -0.116175 1.444094 -0.379813
v -0.129807 1.430069 -0.397245
v -0.153537 1.422861 -0.394174
v -0.158444 1.414682 -0.414533
v -0.141551 1.433155 -0.419178
v -0.172669 1.394194 -0.407475
v -0.167387 1.394147 -0.431605
v -0.176937 1.362454 -0.415530
v -0.174240 1.371576 -0.450446
v -0.183219 1.334411 -0.430666
v -0.189568 1.345866 -0.474931
v -0.198759 1.307248 -0.457501
v -0.163813 0.805235 0.306693
v -0.158645 0.807723 0.306261
v -0.169334 0.805559 0.304416
v -0.163906 0.795756 0.323490
v -0.162620 0.783010 0.339367
v -0.157557 0.798680 0.324522
v -0.170699 0.795249 0.322415
v -0.180592 0.796135 0.321840
v -0.170596 0.781980 0.338699
v -0.181134 0.781957 0.338933
v -0.168359 0.767260 0.355918
v -0.179016 0.767230 0.356224
v -0.165505 0.748105 0.372242
v -0.160003 0.768249 0.356486
v -0.157713 0.748475 0.372789
v -0.152341 0.771638 0.358284
v -0.150464 0.751822 0.374525
v -0.143348 0.776854 0.361535
v -0.155090 0.786309 0.341022
v -0.145624 0.791621 0.344441
v -0.132673 0.798314 0.349992
v -0.148777 0.804176 0.327295
v -0.154729 0.813830 0.303105
v -0.134382 0.811853 0.334068
v -0.136369 0.824482 0.320365
v -0.118061 0.820581 0.341033
v -0.117894 0.805858 0.355724
v -0.118394 0.834065 0.328395
v -0.102496 0.829264 0.345837
v -0.091841 0.842945 0.354996
v -0.101724 0.842271 0.332993
v -0.103299 0.813804 0.359725
v -0.092800 0.826695 0.367739
v -0.104343 0.797834 0.373825
v -0.090781 0.806119 0.376676
v -0.118122 0.790122 0.370610
v -0.106186 0.779832 0.387318
v -0.119991 0.771041 0.384511
v -0.091915 0.787686 0.388259
v -0.110382 0.758727 0.398773
v -0.096820 0.767329 0.399186
v -0.122959 0.749358 0.396206
v -0.116241 0.737908 0.407636
v -0.126598 0.727561 0.405517
v -0.101671 0.743571 0.404417
v -0.121489 0.719734 0.414097
v -0.130134 0.708327 0.412625
v -0.119760 0.699271 0.412684
v -0.106755 0.724192 0.408188
v -0.113294 0.710158 0.411453
v -0.127358 0.688334 0.413494
v -0.138006 0.675564 0.417279
v -0.147231 0.663262 0.422283
v -0.138536 0.696158 0.411120
v -0.136839 0.718480 0.403198
v -0.146772 0.686567 0.409281
v -0.146439 0.710479 0.400714
v -0.153848 0.681665 0.406847
v -0.159179 0.679611 0.405346
v -0.151699 0.662993 0.413519
v -0.153169 0.705012 0.398382
v -0.159472 0.702007 0.396802
v -0.151357 0.728906 0.387820
v -0.158241 0.725598 0.386153
v -0.143980 0.734328 0.390377
v -0.142341 0.757150 0.377378
v -0.135103 0.741071 0.393224
v -0.132151 0.763593 0.380963
v -0.131590 0.783100 0.366100
v -0.165512 0.725514 0.385693
v -0.173393 0.728408 0.385834
v -0.166247 0.701818 0.396491
v -0.173370 0.705086 0.396754
v -0.165139 0.678949 0.405273
v -0.172344 0.680969 0.405883
v -0.161203 0.660861 0.412211
v -0.166652 0.659304 0.420757
v -0.156510 0.662064 0.411973
v -0.156954 0.649926 0.416735
v -0.159636 0.652228 0.423522
v -0.153660 0.644712 0.425398
v -0.153497 0.650491 0.416745
v -0.152199 0.644357 0.425736
v -0.150404 0.651162 0.417727
v -0.151157 0.645190 0.426006
v -0.150197 0.654077 0.425077
v -0.150271 0.648137 0.425887
v -0.155975 0.646973 0.424757
v -0.177293 0.667792 0.416536
v -0.188231 0.679457 0.413145
v -0.180037 0.688249 0.405744
v -0.181887 0.711032 0.396510
v -0.189668 0.698743 0.404943
v -0.191660 0.718199 0.395999
v -0.200982 0.708730 0.403737
v -0.205691 0.723522 0.395383
v -0.214903 0.708685 0.393781
v -0.197882 0.690998 0.407803
v -0.206903 0.700784 0.401379
v -0.222750 0.718676 0.387111
v -0.231154 0.731865 0.380330
v -0.238355 0.744342 0.368131
v -0.212764 0.737386 0.384824
v -0.196597 0.736151 0.385231
v -0.220913 0.749934 0.372119
v -0.203231 0.751518 0.372440
v -0.227245 0.763597 0.357427
v -0.209561 0.765410 0.357484
v -0.231624 0.778811 0.341313
v -0.245395 0.762249 0.357746
v -0.250288 0.781002 0.345272
v -0.251962 0.798462 0.329919
v -0.251928 0.809639 0.309737
v -0.233151 0.795183 0.324669
v -0.214612 0.796140 0.324103
v -0.233121 0.809236 0.307802
v -0.214370 0.811067 0.308773
v -0.233713 0.818004 0.291494
v -0.215141 0.821355 0.294361
v -0.234868 0.823886 0.277812
v -0.252263 0.814384 0.287471
v -0.252336 0.817145 0.269528
v -0.251303 0.819715 0.257688
v -0.249841 0.822148 0.248225
v -0.235983 0.828137 0.266187
v -0.219993 0.833374 0.269903
v -0.238112 0.831071 0.254282
v -0.225251 0.836012 0.256716
v -0.242267 0.833037 0.240393
v -0.233966 0.836383 0.240552
v -0.247842 0.836396 0.227077
v -0.249052 0.826189 0.238782
v -0.248800 0.831858 0.231156
v -0.245353 0.839411 0.225808
v -0.240416 0.841799 0.227181
v -0.230908 0.843841 0.233170
v -0.225225 0.841121 0.242742
v -0.215394 0.845436 0.245367
v -0.212849 0.842816 0.260549
v -0.199504 0.845121 0.258327
v -0.204544 0.840639 0.274667
v -0.188492 0.842658 0.269607
v -0.199502 0.834339 0.286025
v -0.217081 0.828446 0.281673
v -0.181739 0.835571 0.280040
v -0.196397 0.824544 0.296836
v -0.177639 0.824100 0.292112
v -0.195210 0.811583 0.308263
v -0.173972 0.811181 0.299273
v -0.196307 0.796376 0.322939
v -0.196044 0.781476 0.339952
v -0.213536 0.780385 0.340984
v -0.192813 0.766715 0.356960
v -0.187560 0.751257 0.372508
v -0.174959 0.749675 0.372364
v -0.183491 0.732525 0.385671
v -0.090541 0.855638 0.342677
v -0.100621 0.850361 0.321227
v -0.088424 0.861915 0.329806
v -0.099888 0.856035 0.311330
v -0.118037 0.844350 0.318071
v -0.117087 0.851912 0.309015
v -0.136902 0.836778 0.311967
v -0.136147 0.847570 0.305098
v -0.153275 0.825323 0.298515
v -0.153426 0.839683 0.295087
v -0.151905 0.852890 0.291312
v -0.145334 0.862367 0.284073
v -0.134048 0.856367 0.297521
v -0.115822 0.858296 0.300441
v -0.129656 0.863898 0.289781
v -0.113346 0.864286 0.292069
v -0.122073 0.870561 0.282317
v -0.108723 0.870258 0.283703
v -0.112044 0.876378 0.274495
v -0.134445 0.869308 0.276880
v -0.122110 0.876028 0.272367
v -0.108257 0.881000 0.265411
v -0.096490 0.884324 0.258768
v -0.101001 0.882112 0.266281
v -0.094202 0.881531 0.266607
v -0.089657 0.886795 0.257000
v -0.085909 0.887624 0.258394
v -0.083494 0.887269 0.262155
v -0.083036 0.886090 0.267705
v -0.088774 0.880768 0.268458
v -0.085411 0.884055 0.274794
v -0.093741 0.875712 0.276560
v -0.102144 0.876017 0.275197
v -0.088712 0.881877 0.284505
v -0.097071 0.870452 0.285387
v -0.090234 0.878388 0.295584
v -0.098862 0.865392 0.294288
v -0.089668 0.873958 0.304951
v -0.099538 0.860763 0.302686
v -0.088528 0.870056 0.312345
v -0.087541 0.865963 0.319334
v -0.150441 0.875199 -0.405656
v -0.157937 0.878442 -0.400192
v -0.140902 0.878358 -0.408067
v -0.162699 0.859012 -0.447968
v -0.194171 0.872018 -0.424161
v -0.125354 0.883743 -0.436887
v -0.098171 0.894156 -0.454355
v -0.117583 0.894441 -0.428402
v -0.132367 0.867017 -0.458540
v -0.104538 0.877787 -0.472937
v -0.138129 0.846361 -0.486158
v -0.167986 0.837589 -0.477953
v -0.110573 0.857850 -0.497940
v -0.143040 0.823717 -0.515121
v -0.116822 0.835145 -0.525250
v -0.147725 0.798540 -0.545458
v -0.171161 0.814905 -0.507918
v -0.172975 0.790244 -0.539262
v -0.202679 0.811059 -0.506105
v -0.200965 0.786458 -0.537788
v -0.236007 0.809579 -0.507010
v -0.201877 0.833853 -0.476149
v -0.237910 0.832390 -0.477555
v -0.198322 0.854912 -0.447993
v -0.235832 0.852857 -0.451441
v -0.231853 0.869828 -0.430007
v -0.272982 0.849687 -0.453906
v -0.273809 0.829985 -0.478380
v -0.310815 0.859289 -0.466849
v -0.268516 0.866629 -0.433581
v -0.305427 0.873395 -0.445617
v -0.262742 0.881446 -0.416423
v -0.297068 0.887319 -0.425578
v -0.257902 0.895720 -0.401409
v -0.228381 0.882970 -0.413905
v -0.226768 0.895890 -0.400774
v -0.193306 0.883000 -0.409699
v -0.195183 0.894773 -0.398952
v -0.163762 0.890134 -0.392818
v -0.199903 0.912373 -0.387463
v -0.227897 0.912018 -0.387711
v -0.208128 0.932590 -0.373454
v -0.171849 0.910618 -0.384017
v -0.184083 0.933414 -0.372179
v -0.200116 0.949507 -0.354115
v -0.216445 0.958342 -0.337323
v -0.220021 0.951251 -0.356204
v -0.238184 0.948258 -0.354338
v -0.230922 0.960028 -0.328317
v -0.243230 0.957939 -0.325787
v -0.254223 0.955984 -0.329331
v -0.264249 0.952607 -0.340276
v -0.255418 0.944432 -0.353952
v -0.273300 0.945703 -0.360066
v -0.255185 0.927280 -0.371975
v -0.231819 0.930127 -0.372643
v -0.279892 0.934770 -0.381620
v -0.255627 0.910942 -0.387291
v -0.283984 0.918884 -0.396017
v -0.289074 0.902238 -0.408549
v -0.310393 0.838203 -0.487695
v -0.302183 0.804581 -0.507331
v -0.288595 0.776114 -0.536225
v -0.269226 0.807391 -0.507436
v -0.259793 0.782830 -0.539354
v -0.230420 0.784897 -0.538739
v -0.246541 0.757345 -0.571924
v -0.221920 0.758797 -0.571462
v -0.230075 0.731410 -0.603137
v -0.270667 0.750973 -0.568296
v -0.248535 0.717775 -0.592093
v -0.224857 0.695475 -0.622752
v -0.202239 0.681389 -0.658214
v -0.211323 0.705320 -0.631154
v -0.197487 0.706310 -0.630404
v -0.192958 0.679254 -0.654622
v -0.183633 0.679966 -0.653682
v -0.177349 0.653451 -0.672915
v -0.170714 0.652458 -0.672783
v -0.163654 0.628709 -0.688651
v -0.183841 0.659206 -0.677166
v -0.171161 0.639760 -0.685897
v -0.158519 0.623972 -0.689209
v -0.154027 0.622156 -0.689604
v -0.150237 0.622267 -0.690599
v -0.164412 0.652626 -0.672220
v -0.158484 0.653698 -0.672319
v -0.174435 0.681277 -0.652549
v -0.165549 0.683264 -0.652622
v -0.183704 0.707555 -0.629530
v -0.170457 0.709900 -0.630074
v -0.191517 0.733227 -0.602281
v -0.210791 0.732332 -0.602777
v -0.173126 0.735844 -0.603373
v -0.197261 0.759968 -0.570787
v -0.173779 0.763201 -0.572102
v -0.152472 0.770439 -0.577226
v -0.132370 0.779811 -0.584404
v -0.156332 0.741615 -0.607474
v -0.140432 0.749126 -0.613208
v -0.158139 0.714011 -0.633310
v -0.146357 0.719182 -0.638014
v -0.157118 0.685937 -0.655063
v -0.148993 0.689212 -0.658760
v -0.152997 0.655486 -0.673927
v -0.147873 0.658117 -0.676213
v -0.147649 0.623948 -0.692312
v -0.146033 0.627138 -0.693968
v -0.144809 0.632838 -0.694485
v -0.142993 0.645026 -0.690935
v -0.142994 0.661846 -0.678107
v -0.137544 0.666310 -0.678524
v -0.140980 0.692960 -0.662347
v -0.131920 0.695962 -0.664310
v -0.134627 0.724541 -0.642677
v -0.121685 0.728540 -0.645667
v -0.124561 0.756640 -0.618880
v -0.104956 0.759155 -0.620028
v -0.112276 0.789024 -0.591478
v -0.085080 0.787993 -0.590361
v -0.100262 0.819589 -0.562799
v -0.123991 0.809200 -0.554197
v -0.072093 0.823227 -0.566298
v -0.090649 0.846283 -0.535253
v -0.062421 0.854153 -0.542839
v -0.083151 0.869138 -0.509755
v -0.056759 0.881719 -0.522412
v -0.076851 0.888631 -0.487262
v -0.049398 0.899666 -0.501653
v -0.070759 0.904927 -0.470381
v -0.038543 0.909756 -0.481636
v -0.064044 0.918442 -0.460809
v -0.091040 0.906721 -0.445242
v -0.056593 0.930927 -0.454955
v -0.029280 0.921201 -0.468297
v -0.021417 0.932466 -0.459354
v -0.015172 0.943433 -0.452237
v -0.010651 0.953597 -0.444353
v -0.048446 0.943963 -0.448652
v -0.073711 0.933539 -0.435935
v -0.039535 0.957132 -0.440730
v -0.061843 0.949865 -0.429452
v -0.029919 0.969692 -0.431039
v -0.046411 0.966052 -0.421839
v -0.016915 0.975786 -0.416616
v -0.008560 0.962334 -0.434256
v -0.010618 0.970358 -0.424546
v -0.026450 0.977733 -0.410679
v -0.038965 0.976081 -0.406904
v -0.056696 0.968289 -0.404525
v -0.063937 0.960746 -0.413170
v -0.084046 0.941512 -0.417360
v -0.077517 0.948056 -0.399501
v -0.098658 0.925432 -0.397146
v -0.115348 0.903898 -0.399648
v -0.130092 0.887807 -0.405843
v -0.098410 0.922053 -0.421745
v -0.108780 0.905617 -0.425400
v -0.082996 0.918800 -0.440920
v -0.192921 1.071346 -0.024944
v -0.196566 1.067936 -0.016582
v -0.183021 1.074007 -0.027514
v -0.216514 1.098455 -0.042671
v -0.227475 1.090302 -0.012018
v -0.179332 1.099475 -0.043872
v -0.160016 1.110770 -0.058905
v -0.165927 1.095974 -0.037016
v -0.195169 1.108056 -0.057554
v -0.174701 1.118680 -0.071565
v -0.212654 1.116216 -0.075399
v -0.235190 1.107316 -0.062270
v -0.191539 1.128909 -0.088099
v -0.231504 1.121595 -0.095141
v -0.210872 1.134957 -0.106569
v -0.249833 1.123778 -0.114025
v -0.253543 1.112737 -0.083330
v -0.270068 1.115330 -0.103652
v -0.277303 1.112420 -0.071337
v -0.290991 1.114648 -0.093396
v -0.302366 1.120094 -0.059814
v -0.260673 1.107749 -0.048950
v -0.288059 1.116933 -0.036137
v -0.243068 1.100213 -0.028916
v -0.271421 1.110462 -0.015238
v -0.255618 1.099554 0.002170
v -0.300038 1.120779 -0.001569
v -0.316120 1.127646 -0.024259
v -0.327181 1.134536 0.013918
v -0.283119 1.109459 0.017386
v -0.307366 1.130301 0.036483
v -0.268136 1.097821 0.031952
v -0.290033 1.116041 0.051114
v -0.257725 1.085440 0.043293
v -0.243324 1.091262 0.015840
v -0.235145 1.082870 0.027265
v -0.218535 1.084268 0.000245
v -0.213119 1.079558 0.011139
v -0.193642 1.065298 -0.005583
v -0.209039 1.075330 0.022800
v -0.229959 1.075681 0.038074
v -0.205714 1.070871 0.035147
v -0.188131 1.065701 0.007794
v -0.183914 1.067717 0.021750
v -0.182196 1.066441 0.036760
v -0.182217 1.058233 0.054405
v -0.202881 1.065357 0.048242
v -0.221570 1.061603 0.059659
v -0.200073 1.057626 0.064148
v -0.215880 1.052727 0.073248
v -0.196319 1.048061 0.084592
v -0.207725 1.044522 0.091779
v -0.192723 1.042272 0.108746
v -0.182620 1.046935 0.075274
v -0.186581 1.043443 0.096159
v -0.199220 1.040597 0.114330
v -0.206348 1.039391 0.116161
v -0.216566 1.038250 0.112495
v -0.218861 1.038122 0.096569
v -0.232031 1.039130 0.102040
v -0.231700 1.047203 0.081610
v -0.248306 1.048952 0.091075
v -0.240268 1.056875 0.070567
v -0.258686 1.062519 0.082890
v -0.246099 1.065471 0.061710
v -0.264538 1.075746 0.076372
v -0.225864 1.068866 0.048674
v -0.251264 1.074365 0.052955
v -0.269322 1.088964 0.069721
v -0.276514 1.102790 0.061675
v -0.344764 1.132000 -0.012962
v -0.355306 1.131833 -0.039242
v -0.360423 1.128950 -0.065008
v -0.328448 1.127243 -0.049142
v -0.336079 1.125184 -0.073956
v -0.312887 1.119022 -0.083451
v -0.339212 1.123481 -0.096916
v -0.319051 1.117878 -0.105107
v -0.340370 1.118299 -0.120485
v -0.362607 1.116789 -0.090529
v -0.360959 1.110361 -0.115638
v -0.359191 1.102193 -0.142910
v -0.357093 1.092559 -0.169158
v -0.342088 1.110312 -0.146295
v -0.328103 1.106559 -0.150621
v -0.344273 1.097264 -0.172881
v -0.333228 1.094014 -0.175537
v -0.345906 1.078405 -0.197474
v -0.338284 1.074876 -0.200403
v -0.346994 1.059443 -0.219717
v -0.354244 1.082929 -0.193739
v -0.350808 1.067661 -0.210464
v -0.343240 1.055381 -0.224539
v -0.339873 1.053229 -0.227686
v -0.337101 1.052574 -0.229915
v -0.332000 1.072152 -0.202780
v -0.327172 1.071683 -0.205242
v -0.324338 1.092197 -0.178080
v -0.317142 1.092142 -0.181238
v -0.316298 1.104208 -0.154585
v -0.306053 1.104437 -0.159130
v -0.308511 1.110097 -0.133171
v -0.294746 1.110519 -0.139568
v -0.323428 1.113314 -0.127047
v -0.300658 1.113814 -0.113283
v -0.283204 1.114414 -0.121638
v -0.265962 1.122183 -0.130350
v -0.249759 1.133651 -0.138868
v -0.281226 1.116621 -0.146724
v -0.268393 1.125897 -0.153785
v -0.296531 1.108918 -0.164878
v -0.287529 1.115928 -0.170973
v -0.311039 1.095089 -0.185627
v -0.305335 1.100100 -0.190644
v -0.323367 1.073429 -0.208241
v -0.319924 1.077910 -0.211602
v -0.334909 1.053395 -0.231471
v -0.332566 1.055750 -0.232609
v -0.328987 1.060332 -0.232868
v -0.322417 1.070358 -0.228967
v -0.315822 1.083457 -0.214842
v -0.311003 1.090178 -0.217522
v -0.299564 1.106763 -0.195547
v -0.294624 1.115706 -0.199814
v -0.278970 1.123164 -0.176460
v -0.256825 1.135054 -0.159924
v -0.269779 1.127743 -0.182776
v -0.243438 1.134216 -0.169973
v -0.219320 1.143222 -0.159037
v -0.195350 1.151294 -0.146968
v -0.235350 1.144088 -0.146675
v -0.213563 1.148181 -0.133557
v -0.230857 1.136270 -0.124123
v -0.191124 1.147765 -0.117507
v -0.170415 1.152293 -0.131901
v -0.170079 1.139704 -0.100248
v -0.147709 1.146476 -0.113478
v -0.152678 1.128033 -0.084452
v -0.129665 1.137113 -0.096728
v -0.138115 1.118823 -0.072046
v -0.114444 1.125673 -0.086485
v -0.124319 1.114523 -0.063454
v -0.145836 1.106257 -0.050718
v -0.109231 1.113448 -0.056146
v -0.100182 1.116565 -0.080894
v -0.086562 1.112675 -0.075159
v -0.072486 1.110754 -0.068509
v -0.057416 1.111231 -0.060125
v -0.091430 1.116982 -0.047715
v -0.106430 1.107577 -0.034100
v -0.071072 1.121924 -0.039133
v -0.080728 1.115053 -0.025493
v -0.049003 1.127058 -0.031795
v -0.054162 1.122505 -0.020843
v -0.024413 1.119623 -0.029996
v -0.041756 1.115633 -0.049221
v -0.029200 1.118739 -0.038818
v -0.025472 1.118847 -0.022641
v -0.030517 1.117008 -0.015730
v -0.042709 1.113840 -0.007704
v -0.060039 1.117958 -0.009289
v -0.089715 1.108613 -0.010785
v -0.064550 1.104482 -0.000432
v -0.093400 1.088423 -0.001383
v -0.129336 1.078079 -0.011561
v -0.163933 1.076985 -0.021342
v -0.120934 1.100623 -0.019693
v -0.147973 1.096591 -0.030305
v -0.128841 1.105584 -0.043457
v -0.564066 1.028227 -0.158951
v -0.566185 1.028240 -0.152061
v -0.557861 1.028602 -0.163140
v -0.583602 1.033652 -0.172109
v -0.604977 1.034968 -0.186081
v -0.587641 1.034830 -0.164317
v -0.577930 1.034730 -0.178584
v -0.569706 1.038538 -0.187180
v -0.598950 1.036351 -0.194398
v -0.591180 1.040285 -0.204980
v -0.622687 1.036975 -0.209875
v -0.615035 1.040820 -0.220709
v -0.646794 1.036004 -0.224172
v -0.628830 1.035513 -0.200931
v -0.652859 1.034490 -0.215174
v -0.634452 1.037226 -0.191447
v -0.658368 1.036046 -0.205681
v -0.641398 1.040936 -0.179940
v -0.610290 1.036558 -0.177026
v -0.617465 1.040691 -0.165409
v -0.628380 1.045960 -0.150001
v -0.593651 1.038836 -0.152986
v -0.563128 1.029654 -0.142736
v -0.605907 1.046520 -0.136314
v -0.586078 1.046826 -0.123918
v -0.618783 1.055189 -0.117211
v -0.640286 1.049845 -0.131516
v -0.600646 1.056797 -0.103128
v -0.629238 1.062394 -0.098101
v -0.637599 1.079028 -0.081647
v -0.611709 1.064622 -0.083126
v -0.649774 1.055740 -0.113434
v -0.657337 1.071160 -0.097408
v -0.671041 1.047176 -0.128813
v -0.678886 1.052667 -0.111136
v -0.661714 1.045807 -0.147546
v -0.690058 1.042669 -0.146395
v -0.681583 1.041612 -0.164120
v -0.698010 1.043237 -0.128114
v -0.705568 1.041909 -0.165907
v -0.712900 1.040638 -0.148447
v -0.698383 1.040373 -0.181963
v -0.718414 1.039811 -0.184052
v -0.713557 1.035182 -0.197764
v -0.724209 1.034051 -0.166955
v -0.729275 1.034678 -0.198474
v -0.726932 1.027126 -0.210384
v -0.738331 1.016051 -0.204966
v -0.732226 1.027481 -0.182056
v -0.736946 1.022285 -0.194641
v -0.738302 1.008732 -0.216101
v -0.739314 1.001929 -0.231836
v -0.742335 0.995457 -0.247183
v -0.725116 1.017721 -0.221914
v -0.709229 1.030444 -0.210035
v -0.722670 1.010002 -0.231933
v -0.705104 1.024992 -0.220294
v -0.718344 1.005771 -0.238985
v -0.714083 1.004497 -0.245241
v -0.732106 0.991003 -0.247487
v -0.700587 1.020415 -0.228989
v -0.695828 1.018520 -0.237128
v -0.680361 1.030756 -0.218046
v -0.675198 1.028802 -0.227136
v -0.685662 1.034683 -0.207980
v -0.664688 1.038631 -0.194323
v -0.691691 1.038036 -0.196045
v -0.672732 1.040515 -0.180367
v -0.651130 1.043951 -0.165061
v -0.669336 1.030373 -0.236006
v -0.661698 1.034925 -0.245859
v -0.690678 1.020058 -0.245503
v -0.683657 1.025257 -0.254907
v -0.710268 1.005664 -0.252431
v -0.704898 1.010500 -0.261549
v -0.725991 0.991237 -0.257327
v -0.730678 0.997207 -0.267863
v -0.728280 0.990739 -0.251631
v -0.736151 0.981372 -0.260793
v -0.739858 0.989066 -0.265288
v -0.747663 0.980345 -0.265184
v -0.738024 0.980772 -0.257015
v -0.748987 0.979674 -0.264210
v -0.740579 0.980986 -0.254113
v -0.749479 0.980316 -0.262962
v -0.745978 0.988605 -0.256293
v -0.748508 0.982930 -0.260758
v -0.744910 0.983086 -0.265555
v -0.716582 1.006825 -0.276833
v -0.700071 1.019168 -0.289146
v -0.694654 1.019276 -0.272015
v -0.673311 1.032218 -0.265597
v -0.680756 1.030491 -0.284201
v -0.660686 1.039953 -0.278537
v -0.665608 1.040801 -0.297807
v -0.647602 1.047295 -0.294505
v -0.647817 1.035638 -0.314055
v -0.681517 1.028181 -0.300771
v -0.663776 1.033592 -0.309623
v -0.632138 1.039783 -0.313485
v -0.614006 1.048127 -0.308631
v -0.592119 1.051566 -0.301091
v -0.627712 1.051041 -0.289290
v -0.639969 1.046471 -0.272248
v -0.605630 1.053573 -0.281654
v -0.617881 1.049245 -0.263861
v -0.581845 1.055714 -0.271084
v -0.594054 1.051088 -0.252702
v -0.557515 1.057359 -0.256888
v -0.569391 1.061221 -0.289698
v -0.546065 1.069140 -0.274718
v -0.523061 1.072452 -0.256850
v -0.500500 1.069098 -0.240378
v -0.534013 1.058611 -0.239261
v -0.546666 1.052430 -0.220588
v -0.512876 1.060796 -0.221997
v -0.526052 1.054111 -0.203518
v -0.495149 1.064350 -0.208706
v -0.508867 1.058718 -0.190430
v -0.480126 1.065566 -0.198662
v -0.479740 1.064194 -0.227259
v -0.463296 1.057879 -0.216286
v -0.453231 1.052774 -0.206968
v -0.445860 1.048061 -0.198455
v -0.467467 1.064204 -0.190493
v -0.479909 1.065583 -0.174076
v -0.454665 1.059903 -0.183946
v -0.463829 1.062976 -0.170096
v -0.439786 1.051874 -0.178845
v -0.444388 1.054046 -0.169075
v -0.423690 1.044111 -0.174842
v -0.437347 1.044333 -0.189407
v -0.428714 1.043301 -0.180959
v -0.422809 1.045786 -0.169873
v -0.426139 1.049081 -0.164450
v -0.436653 1.055254 -0.157682
v -0.449970 1.058921 -0.159358
v -0.456998 1.061072 -0.149386
v -0.472630 1.066034 -0.156294
v -0.478861 1.058960 -0.142346
v -0.491221 1.065892 -0.157374
v -0.496389 1.052346 -0.139771
v -0.506757 1.060004 -0.162746
v -0.494048 1.063729 -0.180962
v -0.512639 1.043653 -0.143579
v -0.522197 1.051965 -0.171902
v -0.531440 1.037989 -0.153047
v -0.539149 1.046230 -0.184854
v -0.547051 1.030986 -0.161588
v -0.558987 1.045209 -0.202459
v -0.581264 1.045983 -0.220130
v -0.569791 1.052066 -0.238179
v -0.605338 1.045869 -0.235361
v -0.629322 1.044472 -0.247897
v -0.639156 1.039825 -0.234575
v -0.651562 1.040625 -0.257699
v -0.621176 1.081288 -0.066291
v -0.597930 1.063878 -0.070214
v -0.608007 1.077945 -0.053241
v -0.586487 1.063803 -0.059922
v -0.586343 1.059165 -0.091019
v -0.574968 1.060411 -0.079751
v -0.572003 1.050934 -0.112392
v -0.560675 1.056552 -0.100898
v -0.554223 1.035510 -0.131324
v -0.543670 1.045409 -0.119792
v -0.534381 1.055256 -0.107026
v -0.527234 1.058768 -0.089726
v -0.550381 1.060544 -0.088315
v -0.564400 1.062614 -0.068999
v -0.541894 1.064212 -0.073854
v -0.554674 1.065390 -0.057176
v -0.536071 1.067220 -0.056417
v -0.546403 1.066893 -0.042863
v -0.532169 1.067122 -0.036760
v -0.524107 1.060990 -0.069341
v -0.524136 1.065093 -0.047905
v -0.524460 1.062663 -0.025730
v -0.525441 1.056311 -0.008735
v -0.529448 1.063057 -0.017036
v -0.534874 1.061105 -0.010638
v -0.527626 1.054242 0.000679
v -0.531107 1.054684 0.004601
v -0.536155 1.056978 0.005607
v -0.541665 1.061018 0.003488
v -0.540917 1.060175 -0.006757
v -0.546914 1.066616 -0.002776
v -0.547139 1.064268 -0.019143
v -0.539788 1.065628 -0.026861
v -0.554194 1.073606 -0.011777
v -0.555867 1.066198 -0.031289
v -0.565371 1.078175 -0.021901
v -0.565990 1.066062 -0.042142
v -0.577352 1.078473 -0.030713
v -0.576108 1.064927 -0.051207
v -0.587462 1.077358 -0.037356
v -0.596988 1.075834 -0.043786
v -0.214900 0.760194 -0.030948
v -0.212249 0.762940 -0.026234
v -0.214500 0.760401 -0.037310
v -0.243699 0.757846 -0.028882
v -0.232158 0.768932 -0.008841
v -0.228278 0.763558 -0.052135
v -0.233077 0.766102 -0.072373
v -0.220612 0.767274 -0.056769
v -0.244432 0.757645 -0.049301
v -0.247301 0.759937 -0.069419
v -0.265217 0.750548 -0.047953
v -0.266077 0.750709 -0.028201
v -0.266075 0.752594 -0.067357
v -0.287425 0.743101 -0.047325
v -0.287532 0.744829 -0.065572
v -0.309080 0.732832 -0.045881
v -0.288565 0.743238 -0.028777
v -0.310041 0.732892 -0.029182
v -0.292339 0.746903 -0.009855
v -0.313540 0.736020 -0.012364
v -0.297412 0.752165 0.009380
v -0.270144 0.754881 -0.007937
v -0.275767 0.760848 0.012742
v -0.249245 0.762474 -0.007961
v -0.256722 0.769017 0.013098
v -0.241073 0.775689 0.011912
v -0.263750 0.774742 0.034306
v -0.281193 0.766241 0.033581
v -0.274975 0.789077 0.051991
v -0.248684 0.781422 0.032651
v -0.259697 0.793847 0.050428
v -0.235610 0.786963 0.030031
v -0.244732 0.798059 0.046992
v -0.224074 0.792735 0.027456
v -0.229190 0.780833 0.010683
v -0.219389 0.786728 0.009809
v -0.221923 0.773521 -0.008531
v -0.214101 0.779503 -0.007446
v -0.206942 0.770013 -0.023489
v -0.205453 0.790202 -0.006256
v -0.209794 0.796319 0.008760
v -0.195129 0.804613 -0.003663
v -0.199747 0.782434 -0.020616
v -0.190908 0.798810 -0.016339
v -0.179359 0.811535 -0.006798
v -0.170040 0.816909 0.005344
v -0.182818 0.816846 0.004100
v -0.185333 0.817047 0.015120
v -0.167006 0.817248 0.015653
v -0.168314 0.816318 0.023378
v -0.172604 0.816944 0.029148
v -0.180969 0.818683 0.032986
v -0.188895 0.816327 0.025447
v -0.194725 0.820048 0.034993
v -0.202413 0.808985 0.023891
v -0.198679 0.807660 0.009826
v -0.209812 0.817928 0.036426
v -0.213680 0.800459 0.024921
v -0.221010 0.810693 0.039326
v -0.231412 0.803238 0.043069
v -0.290317 0.779111 0.051438
v -0.306436 0.760878 0.048387
v -0.326007 0.745882 0.039808
v -0.302142 0.756795 0.028829
v -0.323067 0.744806 0.021634
v -0.318395 0.740622 0.004572
v -0.341260 0.729132 0.013582
v -0.336959 0.725232 -0.000516
v -0.355091 0.709857 0.005427
v -0.343621 0.730014 0.028882
v -0.352922 0.706084 0.019741
v -0.361937 0.685961 0.008061
v -0.372940 0.668811 -0.004610
v -0.363892 0.688170 -0.002368
v -0.360739 0.685981 -0.010122
v -0.368453 0.666001 -0.008738
v -0.366072 0.664642 -0.013932
v -0.370557 0.645031 -0.012994
v -0.368856 0.643132 -0.016383
v -0.372827 0.625617 -0.016460
v -0.375352 0.649127 -0.011268
v -0.374293 0.633873 -0.014533
v -0.371660 0.621840 -0.018341
v -0.370959 0.619893 -0.020521
v -0.370992 0.619089 -0.022808
v -0.367387 0.642081 -0.019877
v -0.366600 0.641547 -0.023472
v -0.363875 0.663733 -0.019227
v -0.362664 0.663164 -0.024684
v -0.357774 0.684037 -0.017959
v -0.356035 0.682776 -0.025980
v -0.347667 0.703241 -0.016336
v -0.351317 0.706515 -0.005436
v -0.345367 0.701127 -0.027379
v -0.332648 0.721175 -0.014581
v -0.329719 0.718506 -0.028684
v -0.329206 0.718497 -0.042863
v -0.329889 0.719992 -0.057055
v -0.345321 0.701055 -0.038625
v -0.346519 0.702214 -0.050001
v -0.356306 0.682531 -0.034246
v -0.357801 0.682986 -0.042698
v -0.363052 0.662811 -0.030337
v -0.364931 0.662893 -0.036294
v -0.367345 0.641379 -0.027283
v -0.368571 0.641670 -0.031137
v -0.371843 0.619300 -0.024849
v -0.373027 0.620572 -0.026680
v -0.374011 0.623550 -0.028754
v -0.373780 0.630857 -0.032305
v -0.369773 0.642724 -0.035070
v -0.370204 0.644343 -0.039358
v -0.366723 0.663324 -0.042269
v -0.367328 0.663338 -0.048486
v -0.359835 0.683865 -0.051361
v -0.360660 0.683927 -0.060234
v -0.347695 0.703596 -0.061411
v -0.346611 0.701863 -0.073622
v -0.330332 0.721568 -0.071199
v -0.326689 0.716070 -0.086587
v -0.309167 0.735922 -0.078881
v -0.309298 0.734417 -0.062441
v -0.306792 0.732768 -0.096092
v -0.287374 0.746433 -0.083681
v -0.286285 0.745895 -0.102168
v -0.267112 0.754738 -0.086732
v -0.268885 0.758166 -0.106014
v -0.250136 0.762292 -0.089456
v -0.253012 0.764809 -0.109401
v -0.236949 0.768652 -0.092543
v -0.238315 0.766328 -0.113645
v -0.228359 0.774079 -0.096836
v -0.224843 0.770950 -0.076832
v -0.221988 0.779169 -0.102042
v -0.227506 0.769658 -0.118386
v -0.219474 0.773633 -0.123082
v -0.212772 0.777951 -0.127134
v -0.205986 0.782061 -0.129939
v -0.215176 0.784392 -0.107652
v -0.212877 0.781977 -0.089346
v -0.207296 0.789367 -0.113431
v -0.204936 0.788344 -0.097571
v -0.198387 0.793662 -0.119200
v -0.195871 0.793810 -0.107599
v -0.187268 0.793064 -0.125017
v -0.198468 0.785589 -0.130741
v -0.191857 0.789562 -0.129135
v -0.184823 0.795413 -0.118851
v -0.184605 0.796510 -0.110796
v -0.186871 0.795247 -0.099034
v -0.194065 0.793259 -0.095237
v -0.202258 0.786588 -0.081451
v -0.189961 0.787147 -0.083047
v -0.195019 0.778023 -0.066967
v -0.202119 0.769176 -0.054457
v -0.210251 0.763478 -0.044583
v -0.209810 0.778682 -0.070931
v -0.215918 0.771654 -0.063040
v -0.219345 0.775856 -0.082581
v -0.061371 0.866640 -0.060130
v -0.061592 0.866604 -0.053706
v -0.055906 0.866500 -0.064463
v -0.078885 0.883261 -0.071331
v -0.078054 0.885345 -0.049111
v -0.056616 0.879278 -0.080716
v -0.048133 0.883886 -0.097341
v -0.046875 0.877298 -0.079228
v -0.069368 0.883940 -0.086943
v -0.060205 0.888164 -0.102695
v -0.084723 0.890855 -0.097010
v -0.095116 0.890016 -0.082621
v -0.075253 0.895886 -0.111331
v -0.103222 0.900175 -0.108605
v -0.093821 0.905257 -0.121695
v -0.123159 0.909679 -0.118466
v -0.113121 0.897719 -0.095089
v -0.131708 0.905259 -0.106091
v -0.123966 0.900910 -0.081710
v -0.140456 0.905369 -0.093904
v -0.135727 0.907267 -0.068685
v -0.107123 0.895539 -0.068764
v -0.120266 0.903971 -0.055407
v -0.091443 0.890119 -0.057597
v -0.104971 0.899808 -0.044264
v -0.091195 0.895671 -0.035895
v -0.118661 0.908758 -0.030637
v -0.134063 0.912296 -0.042411
v -0.130595 0.921804 -0.017872
v -0.103843 0.904739 -0.021655
v -0.112816 0.922477 -0.009038
v -0.090975 0.900691 -0.015192
v -0.098839 0.916839 -0.002459
v -0.080246 0.897072 -0.010341
v -0.080223 0.892082 -0.029380
v -0.071298 0.889349 -0.023911
v -0.069673 0.882671 -0.042730
v -0.062968 0.881367 -0.037088
v -0.057104 0.866672 -0.047430
v -0.055869 0.881281 -0.031417
v -0.063530 0.887891 -0.018756
v -0.048462 0.881861 -0.025460
v -0.049571 0.868794 -0.041375
v -0.041312 0.872782 -0.035697
v -0.033751 0.875770 -0.028433
v -0.026884 0.876119 -0.017466
v -0.041068 0.882569 -0.018746
v -0.048991 0.886965 -0.008099
v -0.033222 0.883425 -0.009728
v -0.040452 0.886831 -0.000755
v -0.024663 0.884681 0.002719
v -0.030035 0.887037 0.009551
v -0.016365 0.887159 0.016973
v -0.020728 0.877171 -0.003254
v -0.016479 0.882723 0.009164
v -0.018762 0.889928 0.021318
v -0.022541 0.892278 0.023578
v -0.029704 0.894451 0.023261
v -0.036092 0.889803 0.015512
v -0.042308 0.896168 0.020000
v -0.048192 0.890977 0.007888
v -0.055624 0.899099 0.015408
v -0.057394 0.892142 0.002343
v -0.065017 0.902739 0.011296
v -0.064680 0.893283 -0.001946
v -0.071593 0.906359 0.007747
v -0.056311 0.887276 -0.013627
v -0.071819 0.894720 -0.006051
v -0.077979 0.909676 0.004461
v -0.086590 0.912970 0.001300
v -0.148255 0.919499 -0.029638
v -0.161420 0.919768 -0.043929
v -0.172090 0.918188 -0.058160
v -0.148263 0.914057 -0.056143
v -0.160666 0.914411 -0.069971
v -0.150079 0.909367 -0.081868
v -0.170513 0.913290 -0.082927
v -0.161944 0.909027 -0.093700
v -0.180354 0.909972 -0.095709
v -0.181527 0.910018 -0.070993
v -0.189678 0.905308 -0.085114
v -0.200181 0.900965 -0.099827
v -0.211477 0.897014 -0.113510
v -0.192607 0.906033 -0.108612
v -0.187152 0.903668 -0.116039
v -0.206556 0.900022 -0.120741
v -0.202346 0.898194 -0.126443
v -0.220265 0.890997 -0.131553
v -0.218101 0.888973 -0.136135
v -0.232440 0.881230 -0.141663
v -0.222306 0.893529 -0.126406
v -0.229541 0.885766 -0.135607
v -0.232958 0.878797 -0.145638
v -0.232745 0.877422 -0.148662
v -0.232319 0.876955 -0.150995
v -0.216250 0.887429 -0.139960
v -0.214783 0.887264 -0.143372
v -0.198938 0.896941 -0.131329
v -0.196565 0.896768 -0.135906
v -0.182561 0.902047 -0.122598
v -0.178917 0.901935 -0.128989
v -0.167861 0.904296 -0.113566
v -0.162675 0.904122 -0.122060
v -0.173666 0.906612 -0.105000
v -0.154384 0.905771 -0.104175
v -0.147474 0.905801 -0.114688
v -0.140662 0.910592 -0.125504
v -0.133728 0.917057 -0.135788
v -0.157715 0.907584 -0.131027
v -0.152699 0.913016 -0.139627
v -0.175915 0.904275 -0.135896
v -0.172987 0.908544 -0.142860
v -0.195010 0.898894 -0.140860
v -0.193772 0.902118 -0.145994
v -0.213926 0.888507 -0.146649
v -0.213113 0.891062 -0.149975
v -0.231811 0.877434 -0.152760
v -0.230943 0.878874 -0.154411
v -0.228876 0.881611 -0.156214
v -0.222898 0.887290 -0.157380
v -0.211854 0.894107 -0.153512
v -0.209813 0.897685 -0.157119
v -0.192030 0.905595 -0.151132
v -0.190317 0.910177 -0.155696
v -0.169878 0.912845 -0.149227
v -0.147583 0.918504 -0.147113
v -0.166204 0.914722 -0.156032
v -0.141947 0.916897 -0.156291
v -0.119502 0.917298 -0.155578
v -0.097277 0.913548 -0.152856
v -0.126891 0.921901 -0.144864
v -0.105905 0.918138 -0.141111
v -0.114474 0.914856 -0.130352
v -0.084251 0.909021 -0.133942
v -0.074371 0.904898 -0.147150
v -0.064803 0.898668 -0.125330
v -0.054079 0.898645 -0.139741
v -0.049793 0.891896 -0.118102
v -0.038110 0.894170 -0.133447
v -0.037601 0.887573 -0.113225
v -0.025290 0.886251 -0.129235
v -0.026680 0.884919 -0.110884
v -0.037598 0.882091 -0.095361
v -0.015015 0.882487 -0.109403
v -0.014557 0.877894 -0.126463
v -0.004200 0.871231 -0.123288
v 0.006414 0.864424 -0.118777
v 0.017739 0.858269 -0.112846
v -0.000970 0.878903 -0.106978
v -0.008974 0.880443 -0.094385
v 0.014773 0.873702 -0.103561
v 0.009944 0.876673 -0.092975
v 0.030850 0.867528 -0.099975
v 0.028428 0.870881 -0.092666
v 0.044109 0.855170 -0.096119
v 0.029988 0.854905 -0.106324
v 0.039675 0.853753 -0.100655
v 0.044550 0.857509 -0.091963
v 0.042385 0.860721 -0.087853
v 0.035995 0.866308 -0.082971
v 0.025904 0.874486 -0.085191
v 0.006214 0.879229 -0.082081
v 0.023010 0.870793 -0.076211
v 0.004475 0.868887 -0.071116
v -0.019241 0.865561 -0.068548
v -0.042607 0.867033 -0.065912
v -0.015448 0.879910 -0.081100
v -0.034279 0.877549 -0.079963
v -0.025404 0.881543 -0.095167
v 0.432053 0.924599 0.274044
v 0.444408 0.908496 0.299331
v 0.442779 0.926119 0.269303
v 0.419704 0.927711 0.275645
v 0.405917 0.939082 0.273321
v 0.427460 0.911353 0.304061
v 0.406053 0.917776 0.313412
v 0.436974 0.893156 0.332290
v 0.414811 0.898901 0.342582
v 0.456682 0.890016 0.326156
v 0.448398 0.871044 0.361833
v 0.426591 0.875690 0.371556
v 0.460412 0.844512 0.391241
v 0.468758 0.867514 0.355505
v 0.479887 0.840541 0.384800
v 0.492212 0.868826 0.351649
v 0.502031 0.841105 0.381377
v 0.519100 0.873235 0.348067
v 0.479253 0.891837 0.321705
v 0.506214 0.896955 0.317353
v 0.462657 0.910176 0.294699
v 0.486785 0.915786 0.289778
v 0.450201 0.935940 0.261489
v 0.522503 0.922750 0.285664
v 0.561265 0.927147 0.282087
v 0.507694 0.939499 0.262500
v 0.537713 0.902709 0.312220
v 0.572125 0.906116 0.307271
v 0.548781 0.878055 0.342923
v 0.580793 0.881162 0.336684
v 0.555792 0.849524 0.373889
v 0.527433 0.844850 0.378539
v 0.586522 0.853687 0.367396
v 0.559719 0.817588 0.400937
v 0.589167 0.823194 0.394828
v 0.532794 0.812514 0.405170
v 0.562348 0.780054 0.423625
v 0.536735 0.772782 0.427818
v 0.590367 0.789243 0.417610
v 0.565280 0.735339 0.442490
v 0.592150 0.753181 0.436639
v 0.540425 0.722446 0.446284
v 0.568590 0.685930 0.457166
v 0.547047 0.663360 0.466090
v 0.593744 0.709745 0.444741
v 0.614420 0.735127 0.437554
v 0.629596 0.758784 0.428835
v 0.617077 0.769850 0.428804
v 0.638283 0.775073 0.410720
v 0.618503 0.798662 0.410040
v 0.644399 0.797781 0.392923
v 0.619625 0.828161 0.386637
v 0.650394 0.831967 0.376815
v 0.618813 0.856094 0.359306
v 0.652835 0.861951 0.354254
v 0.614676 0.881314 0.330350
v 0.649348 0.878666 0.323215
v 0.607653 0.905076 0.303558
v 0.642046 0.892368 0.292755
v 0.598395 0.924865 0.279469
v 0.633212 0.911157 0.270439
v 0.589357 0.935492 0.253011
v 0.551403 0.941217 0.258014
v 0.624305 0.926073 0.247577
v 0.583516 0.941091 0.224313
v 0.618326 0.937774 0.220827
v 0.581379 0.944155 0.196873
v 0.546128 0.950806 0.234039
v 0.546326 0.956002 0.209051
v 0.502188 0.951768 0.240730
v 0.504843 0.960263 0.216880
v 0.453650 0.960526 0.258554
v 0.459940 0.967086 0.225566
v 0.475046 0.974259 0.198246
v 0.494764 0.976229 0.170561
v 0.514831 0.963397 0.188812
v 0.528196 0.963205 0.160265
v 0.551717 0.957667 0.182892
v 0.559744 0.957157 0.156546
v 0.582544 0.945707 0.173458
v 0.611957 0.944571 0.170199
v 0.585693 0.946419 0.152680
v 0.610609 0.945157 0.154785
v 0.589446 0.947589 0.132894
v 0.609777 0.946598 0.141607
v 0.594894 0.956671 0.116505
v 0.567893 0.956578 0.131435
v 0.578018 0.965365 0.111148
v 0.540974 0.962467 0.135254
v 0.556889 0.975248 0.118625
v 0.513342 0.975535 0.147848
v 0.535245 0.981564 0.133582
v 0.605864 0.950445 0.128871
v 0.614648 0.943469 0.192281
v 0.536020 0.647553 0.472268
v 0.523690 0.673758 0.459806
v 0.509528 0.677293 0.462501
v 0.520334 0.719851 0.447848
v 0.524542 0.644870 0.466045
v 0.513980 0.644758 0.468249
v 0.526397 0.627961 0.479549
v 0.522716 0.623726 0.482674
v 0.530664 0.636358 0.476345
v 0.518875 0.625475 0.485554
v 0.511455 0.634388 0.486731
v 0.504362 0.646909 0.474279
v 0.497075 0.680587 0.471016
v 0.498564 0.653039 0.487514
v 0.483836 0.674844 0.490054
v 0.475665 0.726192 0.467126
v 0.463906 0.686373 0.490112
v 0.444046 0.694449 0.489884
v 0.457769 0.729461 0.474372
v 0.444297 0.770616 0.455280
v 0.437460 0.732399 0.478486
v 0.422848 0.768127 0.462171
v 0.415946 0.737205 0.481132
v 0.424323 0.703897 0.486403
v 0.400225 0.767217 0.468652
v 0.389364 0.733618 0.473351
v 0.405923 0.718802 0.482170
v 0.371920 0.748389 0.459476
v 0.351026 0.771111 0.445752
v 0.329545 0.795812 0.428291
v 0.380727 0.796463 0.452034
v 0.405444 0.805702 0.444097
v 0.359890 0.822668 0.430569
v 0.386881 0.836412 0.421346
v 0.340628 0.837739 0.399217
v 0.368985 0.861317 0.394670
v 0.322102 0.857406 0.373227
v 0.311830 0.816380 0.404618
v 0.294185 0.839583 0.383538
v 0.275823 0.879965 0.380188
v 0.254147 0.913034 0.374744
v 0.304905 0.890975 0.362975
v 0.336924 0.910390 0.350440
v 0.289083 0.924530 0.358888
v 0.323300 0.933239 0.335340
v 0.273402 0.944294 0.347866
v 0.309618 0.953892 0.323407
v 0.257673 0.957268 0.334962
v 0.236120 0.932292 0.361422
v 0.223363 0.946399 0.349474
v 0.214281 0.955405 0.341613
v 0.206080 0.960091 0.335733
v 0.243458 0.969364 0.328687
v 0.275309 0.983467 0.306382
v 0.228846 0.976699 0.324440
v 0.255398 0.991725 0.306005
v 0.213147 0.979502 0.321103
v 0.234162 0.994957 0.307116
v 0.197521 0.979318 0.318290
v 0.196676 0.962288 0.329923
v 0.187627 0.961140 0.323767
v 0.180611 0.958267 0.318100
v 0.176161 0.956735 0.312295
v 0.183025 0.977558 0.315327
v 0.192249 0.987801 0.308163
v 0.174901 0.959581 0.305678
v 0.176732 0.966853 0.299684
v 0.182507 0.977538 0.295521
v 0.196679 0.993341 0.294144
v 0.205811 0.999436 0.300763
v 0.223268 1.010739 0.291047
v 0.233125 1.006365 0.296064
v 0.212771 0.992259 0.308536
v 0.256559 1.016155 0.279542
v 0.260406 1.006075 0.287749
v 0.288590 1.012452 0.265833
v 0.286441 0.999426 0.280707
v 0.315286 1.001436 0.254187
v 0.310705 0.989160 0.281432
v 0.341647 0.990743 0.251142
v 0.332329 0.980728 0.287524
v 0.367940 0.979431 0.257134
v 0.293648 0.968797 0.313321
v 0.349905 0.964884 0.297639
v 0.389540 0.960584 0.266482
v 0.363346 0.942621 0.311090
v 0.373696 0.921084 0.332263
v 0.385111 0.898070 0.356625
v 0.352176 0.883959 0.368503
v 0.399014 0.873153 0.383424
v 0.414484 0.846124 0.411112
v 0.439730 0.848572 0.400479
v 0.429959 0.812997 0.435718
v 0.452451 0.815082 0.426549
v 0.464151 0.771842 0.447997
v 0.471469 0.812195 0.417964
v 0.481244 0.770684 0.440270
v 0.489413 0.808424 0.411200
v 0.497448 0.768706 0.433730
v 0.509456 0.808833 0.407715
v 0.515393 0.768810 0.430174
v 0.504875 0.722678 0.451287
v 0.490916 0.725166 0.458474
v 0.112670 0.955533 -0.476442
v 0.119244 0.915939 -0.481694
v 0.100840 1.009035 -0.461046
v 0.099657 0.952254 -0.481017
v 0.125499 0.954894 -0.477488
v 0.145223 0.943622 -0.485966
v 0.116962 1.009819 -0.461952
v 0.127956 0.916898 -0.482300
v 0.138429 0.916990 -0.482331
v 0.127428 0.889155 -0.485277
v 0.132660 0.898734 -0.483681
v 0.122626 0.886263 -0.486163
v 0.117351 0.888650 -0.487992
v 0.110704 0.897152 -0.489641
v 0.110369 0.914766 -0.484823
v 0.099822 0.912757 -0.489291
v 0.079169 0.934188 -0.489626
v 0.058644 1.014259 -0.473700
v 0.045172 0.966797 -0.496581
v 0.006214 1.009535 -0.501524
v 0.024390 1.035832 -0.478128
v -0.014617 1.067109 -0.474830
v 0.005960 1.090260 -0.444428
v 0.039244 1.075039 -0.442738
v -0.031502 1.111249 -0.439788
v -0.004901 1.130475 -0.407152
v 0.027184 1.119082 -0.405772
v -0.041021 1.144248 -0.404514
v -0.010091 1.158553 -0.371812
v 0.021067 1.149176 -0.369226
v -0.045451 1.168579 -0.372317
v -0.012160 1.178689 -0.339344
v 0.018596 1.170262 -0.335746
v -0.047610 1.187311 -0.341997
v -0.012520 1.194791 -0.309582
v 0.018328 1.185819 -0.305093
v -0.049051 1.203825 -0.314546
v -0.012042 1.208995 -0.282977
v 0.020062 1.198529 -0.277588
v -0.050664 1.219724 -0.289137
v -0.011765 1.226000 -0.258421
v -0.053186 1.237803 -0.265418
v 0.028613 1.206209 -0.238086
v -0.015453 1.249743 -0.236776
v -0.057431 1.259912 -0.243165
v -0.024423 1.276214 -0.216727
v 0.024558 1.234099 -0.223875
v 0.014830 1.265718 -0.207341
v -0.005010 1.293432 -0.191025
v -0.034585 1.315931 -0.170990
v -0.040439 1.297524 -0.195317
v -0.076120 1.302939 -0.202461
v -0.063726 1.317451 -0.180612
v -0.092089 1.318256 -0.184095
v -0.092197 1.330972 -0.167181
v -0.112301 1.328344 -0.167180
v -0.121795 1.330366 -0.147778
v -0.068881 1.329295 -0.159252
v -0.100199 1.327518 -0.151578
v -0.134354 1.329730 -0.147966
v -0.142752 1.327436 -0.151683
v -0.147615 1.323076 -0.158578
v -0.131326 1.326189 -0.169338
v -0.120520 1.317227 -0.185900
v -0.149073 1.319029 -0.170095
v -0.148694 1.315918 -0.187707
v -0.147452 1.308257 -0.209302
v -0.144448 1.300489 -0.236067
v -0.111865 1.304140 -0.204963
v -0.105096 1.287163 -0.225709
v -0.064680 1.282910 -0.222210
v -0.099567 1.267314 -0.247255
v -0.094600 1.246807 -0.270018
v -0.140440 1.280809 -0.256343
v -0.135205 1.257725 -0.276390
v -0.126755 1.242319 -0.305022
v -0.121754 1.220300 -0.327163
v -0.089819 1.227710 -0.294370
v -0.086094 1.210322 -0.319220
v -0.084105 1.194163 -0.343708
v -0.082535 1.177394 -0.369381
v -0.120462 1.201571 -0.346068
v -0.120504 1.184971 -0.364310
v -0.115901 1.161539 -0.383383
v -0.099518 1.133814 -0.410369
v -0.076322 1.155664 -0.398997
v -0.068531 1.131703 -0.429087
v -0.052136 1.097705 -0.462714
v -0.030441 1.040794 -0.488753
v -0.087309 1.110977 -0.439662
v -0.060302 1.082508 -0.473012
v 0.035235 1.194438 -0.248695
v 0.045560 1.192405 -0.251820
v 0.038185 1.191771 -0.276402
v 0.049706 1.189737 -0.276011
v 0.039256 1.179876 -0.301850
v 0.054119 1.177962 -0.299842
v 0.041723 1.164222 -0.331487
v 0.059781 1.162088 -0.328414
v 0.046193 1.142629 -0.365047
v 0.066950 1.140120 -0.361679
v 0.053728 1.111709 -0.401544
v 0.075970 1.108843 -0.397852
v 0.065827 1.067086 -0.437376
v 0.087356 1.064805 -0.433046
v 0.082857 1.008744 -0.465903
v 0.106201 1.066368 -0.433869
v 0.124142 1.071582 -0.437576
v 0.095889 1.110603 -0.397984
v 0.085981 1.142327 -0.361300
v 0.115778 1.115412 -0.400141
v 0.106514 1.147770 -0.362009
v 0.137232 1.123288 -0.402553
v 0.131189 1.155299 -0.361444
v 0.161019 1.133611 -0.403001
v 0.142822 1.081547 -0.440654
v 0.162761 1.097601 -0.441552
v 0.149062 1.032277 -0.469611
v 0.165659 1.056862 -0.469864
v 0.156702 0.976719 -0.488969
v 0.133120 1.014334 -0.466081
v 0.171585 1.010934 -0.485698
v 0.185791 1.041225 -0.475166
v 0.196586 1.067566 -0.460489
v 0.183260 1.083062 -0.464917
v 0.184672 1.115220 -0.437659
v 0.203692 1.085698 -0.441308
v 0.209341 1.112198 -0.417609
v 0.220598 1.148391 -0.383517
v 0.230433 1.179446 -0.347226
v 0.189365 1.139801 -0.393501
v 0.193824 1.168957 -0.351756
v 0.160407 1.164016 -0.359040
v 0.193463 1.197609 -0.316712
v 0.189227 1.214853 -0.281240
v 0.232615 1.205513 -0.311820
v 0.156063 1.189445 -0.321540
v 0.150819 1.210516 -0.288457
v 0.123668 1.179973 -0.325020
v 0.116186 1.198807 -0.292799
v 0.097008 1.170948 -0.327134
v 0.088132 1.187667 -0.296630
v 0.076800 1.164579 -0.327600
v 0.068669 1.180511 -0.298600
v 0.061623 1.192111 -0.274262
v 0.056228 1.195712 -0.248617
v 0.079519 1.200280 -0.270584
v 0.063972 1.208070 -0.237385
v 0.109417 1.213978 -0.266063
v 0.104467 1.231050 -0.242103
v 0.146027 1.228187 -0.261318
v 0.143119 1.246471 -0.237310
v 0.185464 1.235179 -0.255448
v 0.183520 1.257436 -0.232898
v 0.226319 1.239033 -0.250047
v 0.225892 1.258671 -0.222391
v 0.229271 1.222030 -0.277660
v 0.225922 1.275675 -0.191059
v 0.226590 1.299299 -0.166638
v 0.183985 1.277646 -0.206060
v 0.143647 1.268511 -0.213039
v 0.187714 1.297632 -0.179353
v 0.148636 1.290940 -0.188283
v 0.195178 1.310971 -0.152733
v 0.158342 1.308760 -0.163355
v 0.206434 1.314480 -0.124854
v 0.230120 1.307707 -0.140541
v 0.234947 1.309459 -0.118146
v 0.238845 1.310426 -0.098795
v 0.240382 1.313286 -0.084376
v 0.221066 1.302897 -0.097064
v 0.200896 1.307060 -0.100288
v 0.237937 1.314473 -0.075750
v 0.231317 1.313830 -0.071596
v 0.218242 1.312442 -0.073245
v 0.190995 1.310131 -0.087183
v 0.175619 1.302400 -0.106170
v 0.145890 1.320895 -0.121921
v 0.139988 1.317149 -0.147155
v 0.175115 1.309830 -0.131422
v 0.102325 1.316258 -0.161638
v 0.119120 1.303844 -0.174523
v 0.079610 1.290415 -0.179702
v 0.109283 1.281756 -0.196617
v 0.071516 1.262862 -0.194706
v 0.104811 1.255293 -0.219136
v 0.067875 1.233848 -0.217055
v 0.129022 0.576914 -0.231956
v 0.123862 0.579566 -0.229335
v 0.135367 0.575501 -0.230507
v 0.125858 0.575870 -0.253289
v 0.120643 0.571346 -0.275194
v 0.119407 0.580053 -0.251709
v 0.133371 0.574094 -0.253669
v 0.144585 0.573675 -0.254350
v 0.129494 0.569056 -0.276489
v 0.141526 0.567665 -0.278603
v 0.124003 0.558689 -0.298911
v 0.135629 0.558324 -0.301554
v 0.118964 0.542266 -0.318584
v 0.114773 0.561191 -0.297409
v 0.109603 0.544365 -0.317202
v 0.106696 0.567221 -0.296258
v 0.101255 0.550583 -0.316287
v 0.097452 0.576520 -0.295516
v 0.112833 0.576525 -0.273846
v 0.103304 0.584904 -0.272886
v 0.090094 0.596217 -0.272703
v 0.110700 0.587860 -0.250068
v 0.121039 0.583952 -0.222331
v 0.095999 0.600676 -0.250282
v 0.101862 0.605374 -0.230560
v 0.079426 0.615284 -0.249881
v 0.075065 0.608968 -0.271992
v 0.083568 0.621496 -0.230465
v 0.063847 0.628821 -0.247544
v 0.054478 0.648800 -0.247675
v 0.067236 0.635885 -0.228219
v 0.060447 0.621197 -0.269408
v 0.051154 0.639763 -0.268850
v 0.057218 0.613049 -0.291699
v 0.043858 0.624926 -0.288060
v 0.071069 0.600866 -0.294342
v 0.055182 0.601511 -0.312301
v 0.069502 0.586590 -0.314099
v 0.040732 0.613134 -0.308489
v 0.056428 0.585085 -0.330003
v 0.041253 0.598363 -0.326851
v 0.068507 0.567875 -0.331515
v 0.057979 0.565110 -0.344677
v 0.068480 0.547054 -0.345948
v 0.042236 0.576544 -0.339470
v 0.059658 0.545683 -0.355991
v 0.069659 0.527156 -0.357703
v 0.056868 0.520256 -0.360360
v 0.044317 0.554267 -0.348955
v 0.049430 0.536136 -0.356158
v 0.067570 0.504285 -0.364144
v 0.083829 0.488980 -0.371316
v 0.098358 0.477799 -0.380041
v 0.081110 0.509250 -0.359438
v 0.078952 0.530596 -0.346677
v 0.092564 0.495498 -0.360424
v 0.089672 0.517221 -0.346636
v 0.102046 0.488400 -0.359638
v 0.109194 0.486002 -0.359536
v 0.104471 0.472696 -0.371556
v 0.098799 0.509279 -0.346780
v 0.107510 0.504937 -0.347135
v 0.098332 0.530571 -0.332763
v 0.107187 0.524908 -0.333412
v 0.089319 0.539805 -0.332393
v 0.092513 0.560299 -0.315663
v 0.079621 0.551621 -0.331902
v 0.081977 0.572566 -0.315157
v 0.085056 0.588226 -0.295236
v 0.116512 0.523569 -0.334749
v 0.126300 0.526445 -0.337168
v 0.116260 0.504319 -0.348383
v 0.125012 0.508052 -0.350551
v 0.116570 0.485715 -0.360699
v 0.124601 0.488901 -0.362834
v 0.115729 0.470961 -0.371858
v 0.121057 0.475287 -0.381858
v 0.110172 0.471336 -0.370574
v 0.113695 0.462202 -0.380213
v 0.115130 0.468754 -0.386389
v 0.110097 0.461701 -0.391453
v 0.109821 0.462201 -0.379632
v 0.108495 0.461329 -0.391909
v 0.106111 0.462911 -0.380149
v 0.107124 0.462264 -0.391793
v 0.104063 0.470584 -0.386727
v 0.105539 0.465445 -0.390468
v 0.112276 0.463834 -0.389786
v 0.131050 0.483046 -0.378477
v 0.142177 0.493367 -0.377874
v 0.133361 0.497723 -0.364962
v 0.135682 0.514110 -0.352744
v 0.144466 0.507575 -0.367277
v 0.147708 0.522024 -0.356484
v 0.156961 0.516587 -0.370612
v 0.162560 0.527268 -0.361139
v 0.171082 0.512727 -0.369216
v 0.153209 0.501741 -0.376761
v 0.163135 0.508111 -0.374307
v 0.178055 0.520347 -0.362481
v 0.186920 0.530735 -0.352497
v 0.197178 0.536132 -0.336559
v 0.169511 0.537253 -0.349239
v 0.153139 0.534417 -0.343738
v 0.178388 0.545318 -0.333709
v 0.160142 0.546417 -0.328975
v 0.188885 0.551544 -0.314211
v 0.169240 0.555673 -0.310097
v 0.197013 0.558545 -0.291053
v 0.208916 0.547172 -0.318194
v 0.217946 0.559672 -0.296844
v 0.223661 0.570046 -0.272925
v 0.227637 0.574597 -0.248385
v 0.202482 0.567175 -0.266425
v 0.182163 0.570380 -0.262275
v 0.206988 0.576485 -0.243761
v 0.186266 0.579094 -0.239906
v 0.212101 0.585563 -0.226148
v 0.191401 0.588477 -0.222740
v 0.217193 0.593697 -0.212812
v 0.232215 0.577620 -0.227127
v 0.236087 0.581671 -0.210913
v 0.237856 0.586230 -0.199778
v 0.238694 0.590399 -0.190524
v 0.221624 0.600242 -0.201912
v 0.203948 0.604763 -0.198948
v 0.226909 0.604621 -0.191198
v 0.212926 0.609270 -0.188213
v 0.234487 0.606529 -0.178947
v 0.225795 0.610185 -0.175941
v 0.243391 0.606785 -0.165819
v 0.240580 0.595981 -0.180645
v 0.242891 0.602360 -0.171597
v 0.241404 0.609964 -0.162949
v 0.236159 0.613201 -0.162391
v 0.224842 0.615966 -0.165020
v 0.216306 0.613952 -0.173610
v 0.205131 0.615084 -0.170777
v 0.199307 0.613677 -0.184895
v 0.184222 0.609788 -0.176905
v 0.186870 0.609208 -0.195187
v 0.168987 0.604104 -0.184143
v 0.177838 0.601150 -0.205942
v 0.197365 0.597423 -0.209756
v 0.158029 0.595697 -0.194477
v 0.170515 0.590876 -0.218908
v 0.149551 0.587271 -0.210379
v 0.165083 0.580759 -0.235578
v 0.142101 0.578040 -0.223363
v 0.161992 0.572423 -0.257940
v 0.158019 0.565597 -0.282368
v 0.177214 0.562520 -0.286878
v 0.151051 0.557656 -0.305535
v 0.143641 0.545412 -0.324686
v 0.129738 0.543559 -0.321174
v 0.138493 0.530666 -0.340023
v 0.057468 0.656573 -0.229060
v 0.070610 0.642181 -0.213072
v 0.059528 0.660949 -0.213658
v 0.074093 0.647875 -0.201225
v 0.087078 0.628163 -0.215277
v 0.090260 0.635243 -0.203069
v 0.105685 0.612619 -0.215954
v 0.108560 0.621343 -0.203772
v 0.122180 0.592225 -0.211474
v 0.125642 0.603714 -0.200529
v 0.127882 0.616263 -0.189946
v 0.125362 0.627466 -0.177682
v 0.110717 0.630705 -0.192204
v 0.093289 0.642576 -0.192092
v 0.110792 0.640783 -0.181062
v 0.095114 0.650353 -0.181417
v 0.107553 0.651601 -0.170292
v 0.094621 0.658575 -0.170430
v 0.101410 0.661687 -0.159197
v 0.118657 0.639535 -0.166551
v 0.110464 0.653824 -0.158071
v 0.099862 0.664159 -0.147647
v 0.089715 0.669412 -0.138137
v 0.093279 0.669650 -0.147240
v 0.086428 0.672135 -0.147080
v 0.083566 0.673591 -0.134293
v 0.079756 0.676275 -0.134716
v 0.076858 0.678561 -0.138245
v 0.075594 0.680194 -0.144189
v 0.080378 0.673765 -0.148508
v 0.076770 0.680489 -0.152395
v 0.082944 0.669575 -0.159409
v 0.091639 0.666158 -0.158981
v 0.078047 0.680298 -0.163115
v 0.082947 0.664337 -0.170594
v 0.076220 0.678123 -0.175267
v 0.080896 0.658677 -0.181338
v 0.071654 0.673656 -0.185748
v 0.077702 0.653250 -0.191164
v 0.066915 0.669204 -0.194007
v 0.062398 0.664476 -0.202019
v -0.291212 1.019728 -0.291799
v -0.318630 1.013915 -0.302954
v -0.295233 1.024469 -0.282658
v -0.282745 1.017945 -0.299959
v -0.268141 1.022176 -0.306990
v -0.308933 1.010609 -0.315839
v -0.297326 1.008934 -0.334993
v -0.337047 1.003836 -0.331950
v -0.325035 0.998747 -0.350897
v -0.348277 1.009194 -0.317048
v -0.370122 1.000003 -0.350982
v -0.357751 0.992349 -0.368412
v -0.406444 0.995385 -0.372613
v -0.382317 1.007493 -0.336775
v -0.418578 1.003636 -0.359860
v -0.395646 1.017998 -0.322279
v -0.432145 1.013388 -0.346725
v -0.410271 1.030553 -0.305351
v -0.360209 1.018988 -0.301990
v -0.373784 1.032794 -0.284766
v -0.327675 1.021826 -0.289916
v -0.339050 1.035317 -0.273949
v -0.292328 1.034644 -0.273983
v -0.358223 1.054899 -0.252361
v -0.380961 1.074177 -0.228944
v -0.329186 1.062153 -0.246100
v -0.390374 1.048039 -0.263305
v -0.409841 1.063620 -0.240340
v -0.426117 1.042796 -0.283964
v -0.442219 1.056502 -0.261374
v -0.462500 1.035959 -0.310798
v -0.446999 1.024690 -0.331160
v -0.476697 1.048762 -0.288312
v -0.496269 1.024165 -0.337709
v -0.509144 1.038249 -0.316395
v -0.481501 1.012557 -0.356499
v -0.527607 1.006976 -0.362393
v -0.514367 0.992122 -0.379935
v -0.538456 1.023835 -0.341291
v -0.557214 0.974115 -0.383519
v -0.566171 0.999538 -0.358361
v -0.546730 0.948139 -0.405554
v -0.585946 0.928123 -0.405531
v -0.584922 0.893414 -0.435256
v -0.586363 0.966058 -0.367477
v -0.587626 0.995399 -0.344369
v -0.581657 1.020271 -0.329227
v -0.569458 1.022573 -0.336956
v -0.566288 1.037174 -0.310605
v -0.545006 1.043782 -0.321629
v -0.548301 1.051493 -0.290178
v -0.518697 1.056406 -0.295368
v -0.528375 1.069106 -0.269363
v -0.488556 1.065943 -0.267758
v -0.502631 1.083886 -0.246271
v -0.456837 1.075590 -0.243832
v -0.474347 1.089138 -0.221820
v -0.429318 1.083314 -0.223343
v -0.449520 1.088517 -0.198129
v -0.405378 1.088650 -0.207208
v -0.427602 1.093761 -0.183026
v -0.380600 1.099522 -0.198458
v -0.355514 1.084006 -0.220930
v -0.404505 1.107956 -0.176046
v -0.357950 1.111072 -0.188680
v -0.380838 1.127811 -0.169748
v -0.339739 1.121759 -0.177023
v -0.334333 1.096364 -0.212894
v -0.317797 1.109773 -0.202151
v -0.308142 1.076348 -0.239601
v -0.292703 1.094237 -0.228796
v -0.283398 1.059778 -0.275011
v -0.266291 1.075645 -0.254789
v -0.257637 1.101135 -0.236863
v -0.254291 1.122815 -0.214554
v -0.282176 1.111844 -0.210971
v -0.275668 1.125836 -0.188841
v -0.306164 1.122064 -0.186502
v -0.297583 1.131900 -0.167621
v -0.326775 1.130087 -0.164541
v -0.345564 1.145458 -0.148312
v -0.317447 1.136086 -0.150831
v -0.336032 1.147387 -0.139756
v -0.308973 1.140481 -0.136292
v -0.327808 1.148903 -0.131753
v -0.300683 1.149478 -0.122593
v -0.290210 1.138449 -0.147481
v -0.283201 1.149791 -0.128830
v -0.271451 1.134455 -0.166521
v -0.269017 1.151292 -0.147477
v -0.254960 1.135567 -0.191819
v -0.260129 1.150439 -0.171259
v -0.316911 1.149988 -0.125268
v -0.360114 1.140807 -0.158808
v -0.585914 0.872041 -0.448678
v -0.561405 0.892313 -0.441501
v -0.551270 0.886600 -0.449274
v -0.534091 0.933660 -0.416984
v -0.575038 0.865749 -0.447936
v -0.568467 0.858388 -0.454552
v -0.588551 0.848737 -0.455992
v -0.588619 0.842591 -0.458212
v -0.587633 0.858673 -0.453658
v -0.586882 0.841104 -0.462440
v -0.579551 0.843463 -0.468304
v -0.563617 0.851941 -0.461669
v -0.544925 0.877889 -0.459098
v -0.563867 0.848415 -0.473402
v -0.544690 0.855378 -0.475240
v -0.505708 0.906157 -0.445493
v -0.521542 0.859734 -0.472335
v -0.498736 0.865217 -0.469644
v -0.491178 0.903614 -0.451225
v -0.456327 0.939403 -0.437572
v -0.472850 0.900525 -0.457638
v -0.440690 0.925785 -0.450083
v -0.452829 0.895167 -0.465081
v -0.474636 0.870596 -0.466148
v -0.424280 0.911693 -0.461343
v -0.428375 0.880174 -0.463398
v -0.451280 0.876282 -0.465460
v -0.402730 0.883325 -0.457677
v -0.372563 0.890143 -0.455491
v -0.339955 0.900900 -0.453472
v -0.390710 0.925259 -0.455160
v -0.404754 0.943713 -0.440530
v -0.354590 0.934453 -0.445397
v -0.367221 0.954754 -0.427261
v -0.320160 0.948028 -0.434724
v -0.330670 0.962295 -0.412825
v -0.288024 0.963119 -0.428213
v -0.309631 0.925726 -0.453153
v -0.279713 0.949776 -0.453377
v -0.246995 0.957511 -0.454084
v -0.212253 0.951223 -0.451129
v -0.257097 0.972043 -0.425890
v -0.268756 0.985190 -0.397306
v -0.228029 0.976979 -0.425914
v -0.242301 0.996070 -0.395034
v -0.202623 0.985586 -0.427001
v -0.217812 1.007196 -0.396147
v -0.180946 0.991655 -0.428656
v -0.185340 0.957438 -0.451277
v -0.166333 0.966039 -0.452442
v -0.153621 0.969501 -0.452884
v -0.143907 0.968230 -0.452915
v -0.163218 0.993349 -0.431427
v -0.173940 1.016580 -0.406074
v -0.148312 0.990456 -0.435215
v -0.155281 1.012597 -0.414100
v -0.135056 0.983529 -0.439732
v -0.139180 1.003128 -0.423046
v -0.123376 0.974456 -0.444449
v -0.134374 0.963455 -0.452830
v -0.126135 0.956242 -0.451944
v -0.119987 0.949081 -0.450347
v -0.114790 0.944761 -0.447674
v -0.113269 0.965022 -0.448823
v -0.112531 0.975798 -0.439802
v -0.109756 0.945289 -0.443283
v -0.105599 0.950646 -0.438294
v -0.103792 0.960687 -0.433251
v -0.107100 0.979348 -0.427712
v -0.114388 0.990180 -0.429853
v -0.118635 1.006371 -0.418279
v -0.129708 1.009342 -0.417476
v -0.125141 0.990080 -0.431818
v -0.136014 1.029471 -0.400748
v -0.146200 1.025202 -0.403181
v -0.154601 1.046170 -0.379550
v -0.164582 1.035585 -0.388355
v -0.172488 1.049696 -0.355721
v -0.185629 1.039323 -0.374985
v -0.193426 1.049566 -0.335914
v -0.208737 1.035734 -0.364622
v -0.218767 1.045183 -0.321893
v -0.194916 1.014642 -0.399853
v -0.232946 1.025233 -0.358413
v -0.245574 1.033724 -0.313320
v -0.257593 1.012463 -0.357988
v -0.283397 1.000757 -0.365700
v -0.311137 0.988406 -0.376051
v -0.297817 0.974198 -0.402735
v -0.344057 0.979721 -0.390189
v -0.380948 0.973061 -0.407607
v -0.394347 0.986621 -0.388423
v -0.418937 0.960971 -0.424381
v -0.432078 0.974528 -0.408118
v -0.469692 0.950820 -0.424282
v -0.443595 0.984050 -0.393941
v -0.480358 0.959970 -0.411853
v -0.455037 0.992492 -0.382031
v -0.490326 0.968637 -0.401342
v -0.467665 1.001961 -0.370402
v -0.501691 0.979262 -0.391640
v -0.523248 0.923977 -0.425679
v -0.514872 0.915137 -0.435089
v -0.423981 0.493635 0.267435
v -0.419168 0.497581 0.273185
v -0.428532 0.495848 0.260102
v -0.450830 0.467635 0.282950
v -0.429765 0.483963 0.306893
v -0.455797 0.492336 0.252159
v -0.477584 0.496672 0.233095
v -0.453472 0.503787 0.245303
v -0.467041 0.472166 0.259897
v -0.486605 0.477718 0.239833
v -0.483543 0.447387 0.267552
v -0.469462 0.441722 0.290627
v -0.500351 0.454070 0.247128
v -0.501867 0.421275 0.274888
v -0.516845 0.427895 0.255203
v -0.517442 0.392229 0.281109
v -0.488981 0.415676 0.296716
v -0.505736 0.387169 0.300688
v -0.480475 0.411845 0.322517
v -0.498255 0.383503 0.323613
v -0.473955 0.408690 0.350335
v -0.460514 0.437875 0.318425
v -0.453851 0.434696 0.348610
v -0.443160 0.462954 0.312534
v -0.438436 0.458851 0.344455
v -0.426878 0.479041 0.339328
v -0.432686 0.454149 0.375806
v -0.446543 0.430989 0.378519
v -0.438707 0.456686 0.410657
v -0.422090 0.474007 0.370445
v -0.426767 0.474549 0.404098
v -0.413657 0.491264 0.364283
v -0.416270 0.492027 0.395211
v -0.406902 0.507547 0.359096
v -0.418393 0.494544 0.335110
v -0.412202 0.509145 0.332823
v -0.421502 0.497136 0.304920
v -0.415908 0.509755 0.305927
v -0.415507 0.508993 0.278047
v -0.411987 0.528284 0.309588
v -0.408399 0.527770 0.332754
v -0.407316 0.551932 0.316320
v -0.412754 0.527859 0.285443
v -0.409418 0.552091 0.296081
v -0.397256 0.573006 0.309064
v -0.381352 0.583241 0.321548
v -0.395453 0.573366 0.326580
v -0.389758 0.568716 0.340556
v -0.370549 0.583331 0.331982
v -0.365496 0.579232 0.340879
v -0.365870 0.575025 0.350034
v -0.372538 0.569338 0.359750
v -0.385164 0.562387 0.353698
v -0.385958 0.559437 0.369881
v -0.396244 0.543853 0.354195
v -0.402381 0.549005 0.335421
v -0.399264 0.544728 0.377851
v -0.402377 0.525102 0.355758
v -0.404614 0.526989 0.382322
v -0.408376 0.509414 0.387211
v -0.449456 0.433504 0.411582
v -0.458343 0.401099 0.404879
v -0.476796 0.371030 0.395647
v -0.466567 0.405042 0.377826
v -0.487022 0.376906 0.372743
v -0.492897 0.380383 0.348283
v -0.503277 0.347031 0.362988
v -0.507431 0.349756 0.342276
v -0.513118 0.316607 0.348647
v -0.494537 0.342148 0.382197
v -0.497882 0.310359 0.361517
v -0.504973 0.283724 0.340178
v -0.516512 0.259104 0.320576
v -0.516162 0.287375 0.330653
v -0.517609 0.289449 0.318834
v -0.513476 0.260592 0.311828
v -0.514228 0.262316 0.303843
v -0.507306 0.236548 0.294919
v -0.507085 0.236655 0.289000
v -0.501566 0.213908 0.279970
v -0.513203 0.236884 0.301888
v -0.506170 0.221490 0.288080
v -0.499709 0.211094 0.274868
v -0.499570 0.210038 0.270806
v -0.500904 0.209710 0.267710
v -0.507653 0.237556 0.283610
v -0.509286 0.238521 0.278775
v -0.515495 0.264422 0.296116
v -0.518091 0.266173 0.288918
v -0.519450 0.291671 0.307169
v -0.523073 0.293734 0.296345
v -0.518393 0.320771 0.315903
v -0.515658 0.318695 0.332244
v -0.523268 0.323112 0.300812
v -0.511463 0.352306 0.321500
v -0.517716 0.355324 0.302250
v -0.527991 0.359428 0.285805
v -0.540341 0.364270 0.270894
v -0.531754 0.326007 0.287912
v -0.542304 0.329328 0.276266
v -0.529519 0.295405 0.286897
v -0.537757 0.296939 0.278297
v -0.522606 0.266946 0.282445
v -0.529131 0.267106 0.276653
v -0.512867 0.238738 0.274700
v -0.517231 0.239100 0.271107
v -0.503455 0.209806 0.265945
v -0.506776 0.210770 0.265253
v -0.511017 0.213868 0.265250
v -0.517523 0.223163 0.265654
v -0.522052 0.240355 0.267889
v -0.526661 0.242948 0.264228
v -0.535775 0.267730 0.271015
v -0.541146 0.268891 0.264237
v -0.546946 0.298575 0.269996
v -0.554596 0.300310 0.260329
v -0.552980 0.332927 0.264708
v -0.560212 0.335037 0.249139
v -0.552452 0.369382 0.255966
v -0.557386 0.370133 0.233118
v -0.544397 0.404246 0.245433
v -0.531168 0.398159 0.263316
v -0.553323 0.407094 0.222614
v -0.531373 0.434551 0.235464
v -0.544046 0.439644 0.213480
v -0.517376 0.460714 0.226887
v -0.535799 0.468188 0.207931
v -0.506107 0.483345 0.219884
v -0.525671 0.489098 0.200162
v -0.498366 0.501730 0.213643
v -0.514578 0.503560 0.188804
v -0.495771 0.515741 0.207777
v -0.475164 0.509795 0.226860
v -0.495978 0.527853 0.201787
v -0.508878 0.517098 0.179989
v -0.506365 0.529145 0.173038
v -0.504922 0.540354 0.167712
v -0.502328 0.551071 0.163637
v -0.496109 0.540571 0.195193
v -0.478448 0.534903 0.213402
v -0.495132 0.553901 0.187710
v -0.480040 0.550480 0.203969
v -0.492708 0.567283 0.179290
v -0.481350 0.566410 0.191341
v -0.485338 0.576948 0.166630
v -0.497130 0.561191 0.161111
v -0.491279 0.570463 0.162071
v -0.479413 0.579906 0.173895
v -0.473652 0.579201 0.183661
v -0.466326 0.572916 0.197442
v -0.469757 0.563994 0.204185
v -0.464016 0.546423 0.219903
v -0.452853 0.557214 0.212186
v -0.440773 0.538781 0.227393
v -0.433675 0.519974 0.239739
v -0.431392 0.504564 0.251570
v -0.459423 0.528830 0.230796
v -0.455828 0.514053 0.238504
v -0.476584 0.521151 0.220577
v -0.076313 0.984341 0.214304
v -0.073325 0.985319 0.210318
v -0.080327 0.986749 0.216872
v -0.065469 0.974818 0.233355
v -0.052322 0.979451 0.216612
v -0.082837 0.991116 0.233265
v -0.092466 0.998835 0.245734
v -0.087208 0.997089 0.229928
v -0.077145 0.982280 0.243396
v -0.087557 0.990211 0.254458
v -0.072277 0.970203 0.256049
v -0.063696 0.960609 0.246773
v -0.082031 0.979874 0.266518
v -0.066757 0.958565 0.270492
v -0.075929 0.968261 0.279985
v -0.062645 0.944965 0.284957
v -0.058691 0.949257 0.262007
v -0.055528 0.936364 0.277385
v -0.041267 0.947399 0.257386
v -0.040313 0.934263 0.273284
v -0.023199 0.945390 0.253089
v -0.044590 0.958990 0.242002
v -0.025328 0.956410 0.237396
v -0.047968 0.970571 0.228267
v -0.029073 0.966684 0.224148
v -0.033239 0.975388 0.213625
v -0.010865 0.962120 0.219622
v -0.007936 0.952315 0.232234
v 0.010288 0.964154 0.219655
v -0.015090 0.970862 0.209721
v 0.005264 0.971511 0.209560
v -0.020265 0.977865 0.201318
v -0.001192 0.978828 0.200440
v -0.026848 0.981967 0.192739
v -0.036862 0.981823 0.205636
v -0.040780 0.986059 0.197975
v -0.054621 0.984536 0.209072
v -0.056262 0.988271 0.202216
v -0.071640 0.989775 0.204942
v -0.058265 0.992312 0.193293
v -0.044827 0.989689 0.188931
v -0.060344 0.995522 0.181691
v -0.071048 0.995432 0.196862
v -0.071058 0.999171 0.185387
v -0.070153 0.999768 0.170791
v -0.066121 1.000581 0.158721
v -0.060593 0.998414 0.168326
v -0.051089 0.996835 0.165270
v -0.060423 1.000165 0.151958
v -0.055006 0.998079 0.148855
v -0.049237 0.996246 0.148934
v -0.042846 0.993860 0.152852
v -0.044509 0.991771 0.161771
v -0.034217 0.991696 0.162176
v -0.039168 0.987770 0.173214
v -0.048912 0.992637 0.177772
v -0.024152 0.990832 0.174244
v -0.033149 0.984959 0.183561
v -0.016539 0.987872 0.183516
v -0.009305 0.983819 0.191487
v 0.011924 0.953699 0.230738
v 0.008108 0.941387 0.246145
v 0.002854 0.932192 0.266590
v -0.007618 0.944960 0.250865
v -0.010143 0.935227 0.270268
v -0.023857 0.934371 0.271078
v -0.015342 0.917482 0.284187
v -0.027562 0.918548 0.286289
v -0.024667 0.901540 0.298796
v -0.004335 0.914727 0.280815
v -0.017851 0.893542 0.291303
v -0.032311 0.881600 0.306679
v -0.045857 0.873235 0.323650
v -0.037974 0.887070 0.312269
v -0.046780 0.887672 0.313097
v -0.053077 0.872390 0.322437
v -0.059047 0.872871 0.322695
v -0.066247 0.858831 0.330093
v -0.070586 0.858587 0.330507
v -0.076423 0.846855 0.337559
v -0.059465 0.861638 0.332233
v -0.068783 0.852949 0.336406
v -0.080398 0.844670 0.338126
v -0.083027 0.844174 0.338828
v -0.084687 0.844636 0.339906
v -0.074153 0.859188 0.330929
v -0.076530 0.860458 0.332148
v -0.064357 0.873963 0.323103
v -0.068585 0.875823 0.324411
v -0.055230 0.888402 0.313915
v -0.061897 0.890498 0.315902
v -0.047617 0.903342 0.302610
v -0.035581 0.903107 0.301036
v -0.057254 0.905436 0.305401
v -0.042408 0.919141 0.288808
v -0.054963 0.921279 0.292309
v -0.060931 0.928671 0.298736
v -0.065803 0.937780 0.306582
v -0.062059 0.911242 0.310554
v -0.064515 0.918764 0.316923
v -0.065595 0.894591 0.319805
v -0.066710 0.899957 0.324994
v -0.070807 0.878518 0.327525
v -0.071661 0.881885 0.331394
v -0.078001 0.862168 0.334221
v -0.078749 0.864427 0.336596
v -0.085261 0.845743 0.341294
v -0.084904 0.847571 0.342644
v -0.083523 0.850929 0.343639
v -0.079926 0.858833 0.343619
v -0.078815 0.867417 0.338847
v -0.078894 0.871133 0.340606
v -0.072214 0.885693 0.335167
v -0.074160 0.889375 0.338397
v -0.068505 0.905529 0.330453
v -0.072977 0.909718 0.334864
v -0.069231 0.925413 0.323389
v -0.077083 0.929095 0.327757
v -0.072986 0.944699 0.313504
v -0.085410 0.947070 0.317901
v -0.079196 0.962009 0.301505
v -0.070051 0.954573 0.293775
v -0.091849 0.966312 0.307644
v -0.086409 0.976094 0.288474
v -0.098434 0.982428 0.296277
v -0.092626 0.987986 0.276218
v -0.102490 0.996686 0.286120
v -0.097907 0.998149 0.265448
v -0.108118 1.006168 0.276426
v -0.102413 1.006736 0.257517
v -0.115891 1.011929 0.267938
v -0.106242 1.014048 0.253376
v -0.096492 1.005701 0.241919
v -0.109904 1.020941 0.251213
v -0.121715 1.018340 0.262426
v -0.126163 1.024604 0.258857
v -0.129552 1.030610 0.255942
v -0.132286 1.036057 0.252407
v -0.113935 1.028166 0.248919
v -0.104472 1.020656 0.239085
v -0.118590 1.035499 0.245946
v -0.110102 1.029856 0.237167
v -0.123916 1.042555 0.242239
v -0.117656 1.039256 0.235261
v -0.132119 1.046521 0.236983
v -0.134300 1.040553 0.247456
v -0.134288 1.044358 0.242069
v -0.128306 1.046674 0.232495
v -0.122957 1.044779 0.228732
v -0.115294 1.039350 0.225060
v -0.110928 1.035031 0.228442
v -0.101876 1.023657 0.228044
v -0.107456 1.027290 0.220066
v -0.099204 1.014019 0.216420
v -0.092250 1.001723 0.215818
v -0.085253 0.992409 0.217133
v -0.095598 1.012631 0.228656
v -0.091160 1.003459 0.229427
v -0.100223 1.012455 0.240616
v 0.464855 0.497911 -0.091383
v 0.461783 0.503154 -0.094912
v 0.465620 0.496454 -0.083762
v 0.490704 0.490005 -0.103849
v 0.481851 0.509067 -0.114503
v 0.487450 0.491518 -0.076732
v 0.499661 0.487734 -0.060317
v 0.482362 0.494792 -0.067719
v 0.497676 0.484054 -0.086438
v 0.508863 0.482376 -0.069535
v 0.509800 0.473010 -0.097366
v 0.503952 0.476997 -0.115364
v 0.519716 0.472249 -0.080116
v 0.520752 0.455116 -0.109525
v 0.529237 0.453852 -0.092606
v 0.530488 0.437725 -0.121994
v 0.515907 0.459811 -0.127227
v 0.526436 0.442688 -0.138345
v 0.516799 0.466510 -0.145271
v 0.527357 0.449176 -0.154147
v 0.521216 0.474175 -0.163570
v 0.505041 0.483936 -0.134628
v 0.509930 0.491982 -0.154748
v 0.492840 0.497879 -0.123795
v 0.498471 0.506777 -0.144591
v 0.488228 0.518701 -0.134954
v 0.503822 0.516531 -0.165616
v 0.515241 0.500452 -0.175191
v 0.513450 0.528515 -0.184699
v 0.493168 0.529662 -0.155250
v 0.506959 0.545185 -0.171484
v 0.484230 0.539700 -0.145852
v 0.495917 0.555015 -0.160712
v 0.477315 0.547628 -0.138265
v 0.480050 0.528046 -0.127517
v 0.473960 0.536055 -0.121979
v 0.474588 0.516854 -0.109464
v 0.469827 0.524305 -0.106038
v 0.458107 0.510662 -0.093678
v 0.466583 0.532870 -0.102510
v 0.469620 0.543887 -0.117612
v 0.464057 0.542244 -0.099067
v 0.456480 0.520724 -0.089682
v 0.457221 0.531861 -0.085278
v 0.456654 0.543678 -0.082611
v 0.452241 0.557290 -0.082742
v 0.461484 0.552395 -0.096189
v 0.463164 0.560401 -0.110341
v 0.458177 0.564952 -0.094272
v 0.459349 0.571279 -0.106693
v 0.453721 0.581130 -0.093525
v 0.454263 0.585872 -0.102752
v 0.449103 0.599204 -0.093398
v 0.447320 0.573825 -0.085383
v 0.447756 0.589934 -0.088913
v 0.450440 0.603290 -0.098207
v 0.452406 0.604617 -0.103182
v 0.455745 0.601891 -0.110000
v 0.455346 0.589598 -0.111857
v 0.460325 0.593554 -0.120131
v 0.460928 0.577263 -0.118922
v 0.466422 0.584157 -0.129931
v 0.465156 0.568187 -0.124260
v 0.472522 0.577459 -0.136300
v 0.468650 0.561188 -0.128521
v 0.478116 0.572674 -0.140415
v 0.466301 0.551859 -0.113882
v 0.472381 0.554581 -0.132792
v 0.483340 0.568093 -0.144545
v 0.488838 0.562536 -0.150912
v 0.519558 0.508461 -0.196115
v 0.530088 0.489275 -0.201812
v 0.538710 0.469983 -0.204139
v 0.526291 0.482141 -0.182292
v 0.535736 0.463472 -0.186480
v 0.531246 0.456238 -0.169957
v 0.542846 0.446031 -0.187902
v 0.538983 0.439923 -0.173576
v 0.549017 0.429080 -0.187799
v 0.539173 0.449420 -0.206041
v 0.543694 0.430693 -0.204265
v 0.550014 0.411976 -0.201606
v 0.556977 0.394616 -0.198811
v 0.555433 0.411565 -0.187587
v 0.552587 0.408523 -0.177575
v 0.560316 0.393500 -0.188279
v 0.557898 0.391367 -0.180631
v 0.561903 0.375228 -0.190471
v 0.559972 0.372609 -0.185517
v 0.561453 0.357168 -0.193516
v 0.563923 0.378407 -0.195893
v 0.562927 0.365010 -0.195075
v 0.560060 0.352921 -0.191501
v 0.559016 0.350161 -0.189465
v 0.558580 0.348366 -0.187567
v 0.558358 0.370440 -0.181441
v 0.557766 0.368534 -0.178006
v 0.555787 0.389236 -0.174456
v 0.555087 0.386941 -0.169184
v 0.550087 0.405508 -0.169188
v 0.549354 0.402357 -0.161570
v 0.542834 0.419999 -0.164878
v 0.542075 0.415673 -0.154558
v 0.545715 0.424452 -0.175616
v 0.535607 0.433957 -0.160351
v 0.534755 0.428367 -0.147222
v 0.538010 0.423499 -0.133303
v 0.543021 0.418934 -0.119714
v 0.544700 0.411454 -0.143670
v 0.548865 0.407537 -0.132971
v 0.551449 0.398951 -0.153787
v 0.554899 0.395514 -0.146087
v 0.556642 0.384345 -0.164082
v 0.559409 0.381580 -0.158928
v 0.558737 0.366754 -0.174795
v 0.560700 0.365085 -0.171354
v 0.558940 0.347408 -0.185767
v 0.560013 0.347094 -0.183532
v 0.561634 0.347804 -0.179995
v 0.563570 0.352201 -0.173513
v 0.562934 0.363621 -0.167284
v 0.565242 0.362612 -0.162595
v 0.562152 0.378808 -0.153656
v 0.566308 0.376778 -0.148702
v 0.558010 0.392280 -0.138869
v 0.552481 0.404088 -0.123338
v 0.558536 0.387894 -0.131642
v 0.548679 0.396533 -0.113536
v 0.544656 0.407046 -0.095460
v 0.543049 0.423339 -0.077793
v 0.547571 0.415148 -0.107540
v 0.543071 0.431016 -0.091826
v 0.536866 0.433770 -0.106219
v 0.537091 0.452338 -0.076550
v 0.539351 0.444442 -0.060335
v 0.528808 0.470626 -0.062729
v 0.534134 0.463035 -0.044852
v 0.518697 0.480013 -0.051759
v 0.526071 0.472774 -0.032981
v 0.509626 0.483960 -0.042301
v 0.515296 0.474790 -0.023274
v 0.503034 0.485195 -0.032941
v 0.493617 0.489984 -0.050629
v 0.498257 0.486645 -0.022286
v 0.505276 0.473475 -0.014040
v 0.498029 0.473737 -0.004885
v 0.491358 0.476015 0.004560
v 0.485672 0.481108 0.014742
v 0.494163 0.490619 -0.009586
v 0.486523 0.498526 -0.022532
v 0.490768 0.496794 0.004983
v 0.484409 0.505451 -0.003721
v 0.487787 0.502789 0.020947
v 0.483189 0.509963 0.015993
v 0.477327 0.503520 0.037511
v 0.482270 0.489169 0.025727
v 0.479334 0.497038 0.034458
v 0.475559 0.508673 0.036233
v 0.473887 0.513324 0.031979
v 0.472372 0.518501 0.022348
v 0.478578 0.517551 0.010485
v 0.477710 0.514900 -0.011992
v 0.467859 0.522158 0.004937
v 0.460494 0.518857 -0.018065
v 0.459261 0.509355 -0.045035
v 0.464277 0.501423 -0.069839
v 0.478108 0.506938 -0.035176
v 0.479828 0.498975 -0.054847
v 0.489605 0.492637 -0.038624
v 0.139404 1.074170 -0.055392
v 0.132399 1.074277 -0.055143
v 0.144538 1.078141 -0.051421
v 0.149902 1.072381 -0.082278
v 0.125951 1.075775 -0.082003
v 0.162037 1.086473 -0.062973
v 0.180733 1.095779 -0.061135
v 0.161183 1.092683 -0.053980
v 0.167663 1.079487 -0.076359
v 0.185665 1.088777 -0.072986
v 0.175940 1.070609 -0.091928
v 0.159580 1.063023 -0.099391
v 0.192993 1.080355 -0.087459
v 0.183443 1.057277 -0.106925
v 0.199754 1.067721 -0.102511
v 0.187330 1.040716 -0.119029
v 0.167842 1.049395 -0.114364
v 0.172870 1.033434 -0.126083
v 0.153900 1.045465 -0.126535
v 0.160878 1.030205 -0.137134
v 0.141243 1.043541 -0.141688
v 0.144341 1.058941 -0.112474
v 0.129787 1.056394 -0.128798
v 0.133944 1.068376 -0.096223
v 0.118432 1.065797 -0.113193
v 0.110463 1.073921 -0.099229
v 0.102505 1.062521 -0.129796
v 0.115123 1.053065 -0.145275
v 0.087576 1.063673 -0.148390
v 0.093910 1.071552 -0.115034
v 0.079317 1.078546 -0.134971
v 0.087781 1.078920 -0.102250
v 0.073247 1.085564 -0.119757
v 0.083078 1.084904 -0.092163
v 0.104124 1.080155 -0.088248
v 0.098638 1.085413 -0.080033
v 0.119636 1.080640 -0.073361
v 0.113879 1.085220 -0.067518
v 0.125908 1.078151 -0.051455
v 0.108023 1.091056 -0.062680
v 0.093353 1.090725 -0.073865
v 0.101799 1.097670 -0.058411
v 0.119761 1.085985 -0.047528
v 0.113920 1.095819 -0.045115
v 0.106212 1.104453 -0.042744
v 0.094325 1.110758 -0.039094
v 0.094693 1.104422 -0.054430
v 0.082243 1.102107 -0.064086
v 0.085034 1.111773 -0.050408
v 0.074517 1.109159 -0.058671
v 0.071653 1.120163 -0.046123
v 0.063687 1.118089 -0.052010
v 0.056483 1.129302 -0.042040
v 0.078805 1.117202 -0.036503
v 0.065159 1.125442 -0.038542
v 0.051519 1.129734 -0.045867
v 0.048767 1.128652 -0.050349
v 0.048634 1.124641 -0.057106
v 0.056742 1.115711 -0.058263
v 0.051496 1.115822 -0.066971
v 0.064506 1.106636 -0.067138
v 0.055885 1.107260 -0.077819
v 0.070192 1.099937 -0.073844
v 0.059975 1.102353 -0.086512
v 0.074591 1.094801 -0.079281
v 0.063578 1.099689 -0.093400
v 0.088025 1.096249 -0.068856
v 0.078782 1.090016 -0.084895
v 0.066881 1.096967 -0.100010
v 0.069895 1.092484 -0.108211
v 0.099683 1.047927 -0.160835
v 0.116177 1.037611 -0.172942
v 0.129986 1.025219 -0.179177
v 0.129000 1.041392 -0.157584
v 0.140293 1.027669 -0.164726
v 0.150346 1.028860 -0.150373
v 0.149719 1.014860 -0.168821
v 0.158258 1.016252 -0.157138
v 0.158644 1.003317 -0.172624
v 0.138602 1.007617 -0.178779
v 0.148403 0.995311 -0.180492
v 0.158573 0.984200 -0.183530
v 0.168813 0.974575 -0.187222
v 0.167568 0.991872 -0.177401
v 0.172874 0.993807 -0.169433
v 0.175798 0.979579 -0.182381
v 0.179584 0.981034 -0.176015
v 0.182771 0.965777 -0.186309
v 0.185418 0.965632 -0.181947
v 0.189798 0.951110 -0.188892
v 0.179799 0.966127 -0.190956
v 0.185720 0.956527 -0.190612
v 0.192517 0.948539 -0.186719
v 0.194720 0.947176 -0.184709
v 0.196680 0.946655 -0.183187
v 0.188048 0.965634 -0.178480
v 0.190966 0.965933 -0.176220
v 0.183282 0.982074 -0.171019
v 0.187795 0.983342 -0.168056
v 0.178341 0.995519 -0.163274
v 0.183958 0.996671 -0.157467
v 0.172514 1.006459 -0.154513
v 0.180111 1.008124 -0.146721
v 0.165714 1.005175 -0.163248
v 0.166853 1.017464 -0.146214
v 0.176594 1.019802 -0.136541
v 0.188689 1.025021 -0.129256
v 0.202007 1.032797 -0.124676
v 0.189804 1.011488 -0.140552
v 0.200586 1.016377 -0.135941
v 0.191316 0.998618 -0.153133
v 0.199840 1.001345 -0.149828
v 0.193038 0.984356 -0.165464
v 0.200372 0.986187 -0.163945
v 0.195664 0.967213 -0.175779
v 0.200298 0.968437 -0.174871
v 0.198566 0.946979 -0.182306
v 0.200794 0.948263 -0.181695
v 0.203653 0.951175 -0.180674
v 0.206843 0.958476 -0.177962
v 0.205275 0.970099 -0.173444
v 0.210367 0.972294 -0.171258
v 0.207207 0.987830 -0.161826
v 0.213923 0.990208 -0.160378
v 0.208858 1.004545 -0.146811
v 0.210891 1.021781 -0.132281
v 0.216596 1.005885 -0.141684
v 0.221526 1.022561 -0.124156
v 0.228459 1.044634 -0.114801
v 0.232869 1.066179 -0.105196
v 0.214997 1.041534 -0.122218
v 0.217548 1.061180 -0.112182
v 0.202801 1.050870 -0.115092
v 0.215741 1.078042 -0.098476
v 0.231934 1.083586 -0.090775
v 0.209712 1.090095 -0.082541
v 0.226627 1.098128 -0.075841
v 0.203287 1.098724 -0.068411
v 0.220660 1.108912 -0.062906
v 0.198589 1.105850 -0.056957
v 0.216849 1.114188 -0.050055
v 0.196743 1.112765 -0.047553
v 0.179265 1.102723 -0.051600
v 0.196593 1.120734 -0.038499
v 0.215666 1.117486 -0.038126
v 0.215035 1.122258 -0.028014
v 0.214116 1.127787 -0.017762
v 0.212738 1.134932 -0.007351
v 0.196840 1.130629 -0.028231
v 0.181418 1.124731 -0.030135
v 0.197894 1.141795 -0.016787
v 0.184678 1.139172 -0.017002
v 0.200291 1.153285 -0.004666
v 0.190730 1.152714 -0.003979
v 0.204142 1.158224 0.013376
v 0.210809 1.144877 0.002068
v 0.208207 1.153390 0.009819
v 0.198991 1.159859 0.014086
v 0.192759 1.159519 0.012902
v 0.183497 1.156499 0.008347
v 0.180577 1.152078 -0.003608
v 0.170970 1.137110 -0.016669
v 0.170354 1.146626 0.001309
v 0.158546 1.127834 -0.007143
v 0.151672 1.105837 -0.022840
v 0.147126 1.088900 -0.041894
v 0.165504 1.118939 -0.031244
v 0.162785 1.102589 -0.044468
v 0.179938 1.111855 -0.041982
v 0.205794 0.567403 0.203464
v 0.208683 0.569958 0.200980
v 0.201650 0.568056 0.205847
v 0.214805 0.553413 0.216966
v 0.227558 0.564740 0.207052
v 0.197269 0.565330 0.220455
v 0.186464 0.566151 0.232021
v 0.192858 0.571057 0.219215
v 0.202386 0.554690 0.226064
v 0.191107 0.556225 0.236628
v 0.205759 0.539655 0.230512
v 0.215650 0.535966 0.220808
v 0.195132 0.543054 0.241719
v 0.210367 0.527642 0.236747
v 0.200056 0.530847 0.247148
v 0.216050 0.518167 0.243439
v 0.219919 0.524044 0.227894
v 0.224797 0.514841 0.235668
v 0.235575 0.525916 0.225416
v 0.238379 0.516249 0.233169
v 0.252152 0.526872 0.224211
v 0.233057 0.538267 0.218718
v 0.251413 0.539956 0.217522
v 0.231272 0.553336 0.213576
v 0.249156 0.553546 0.211813
v 0.245346 0.564266 0.205896
v 0.266511 0.553226 0.209295
v 0.268505 0.540457 0.215275
v 0.284994 0.556818 0.213076
v 0.262456 0.563667 0.203691
v 0.280440 0.566122 0.206700
v 0.258111 0.572631 0.199213
v 0.274643 0.575049 0.201068
v 0.254400 0.581056 0.195486
v 0.242161 0.572416 0.201399
v 0.240111 0.580073 0.197979
v 0.225732 0.571783 0.202684
v 0.225509 0.578694 0.199796
v 0.210587 0.576452 0.199180
v 0.226487 0.588380 0.197276
v 0.239305 0.589227 0.194863
v 0.228814 0.599739 0.193786
v 0.213347 0.587108 0.197982
v 0.217701 0.599406 0.195486
v 0.223229 0.609881 0.188905
v 0.229048 0.616987 0.181678
v 0.232516 0.611058 0.188332
v 0.240652 0.610713 0.185451
v 0.234796 0.619672 0.176809
v 0.240190 0.619610 0.174304
v 0.245560 0.618607 0.174544
v 0.251202 0.615788 0.177820
v 0.248509 0.609737 0.183155
v 0.257258 0.610002 0.184411
v 0.250202 0.599392 0.188158
v 0.239575 0.599667 0.190958
v 0.262378 0.602084 0.191330
v 0.251942 0.589851 0.192070
v 0.265696 0.593021 0.194599
v 0.269295 0.583954 0.196857
v 0.286619 0.544257 0.218244
v 0.281931 0.528097 0.223342
v 0.275921 0.516781 0.233522
v 0.266353 0.528190 0.225008
v 0.263762 0.518387 0.235076
v 0.252320 0.517502 0.233581
v 0.263608 0.507638 0.240503
v 0.253281 0.508410 0.240837
v 0.261227 0.499806 0.248013
v 0.273321 0.505108 0.238477
v 0.268961 0.493712 0.240901
v 0.262162 0.488862 0.250679
v 0.255096 0.485732 0.263458
v 0.256070 0.493104 0.255826
v 0.248889 0.493219 0.255820
v 0.249616 0.484507 0.261758
v 0.244640 0.484094 0.261619
v 0.243704 0.473330 0.266623
v 0.239829 0.471004 0.266610
v 0.238692 0.460037 0.271747
v 0.248329 0.476776 0.269175
v 0.243354 0.467607 0.271696
v 0.235967 0.456935 0.271825
v 0.233863 0.455655 0.272250
v 0.232279 0.455439 0.273152
v 0.236356 0.469671 0.266750
v 0.233784 0.469537 0.267780
v 0.239237 0.481622 0.261663
v 0.234571 0.480357 0.262695
v 0.241806 0.492753 0.255940
v 0.234763 0.490077 0.257470
v 0.242265 0.500388 0.249176
v 0.252039 0.500933 0.248969
v 0.233462 0.499517 0.251167
v 0.240915 0.507986 0.241374
v 0.229673 0.506892 0.243695
v 0.222122 0.509801 0.250127
v 0.215025 0.513123 0.258596
v 0.227362 0.501898 0.256183
v 0.222659 0.505163 0.262894
v 0.230823 0.493879 0.261175
v 0.227971 0.496665 0.266396
v 0.232188 0.482921 0.265647
v 0.230815 0.486674 0.269435
v 0.232058 0.470622 0.269692
v 0.230914 0.472847 0.272061
v 0.231409 0.456065 0.274454
v 0.231112 0.457584 0.275840
v 0.231227 0.460742 0.277098
v 0.231865 0.468514 0.277962
v 0.230095 0.475814 0.274404
v 0.228701 0.478280 0.276271
v 0.228912 0.488632 0.273170
v 0.225853 0.490019 0.276308
v 0.224346 0.498801 0.271927
v 0.218928 0.499381 0.276106
v 0.216235 0.506713 0.269530
v 0.208136 0.505877 0.273491
v 0.206598 0.514114 0.265845
v 0.195012 0.511317 0.269377
v 0.196973 0.522406 0.261322
v 0.206952 0.521308 0.253077
v 0.184735 0.520979 0.266874
v 0.189151 0.532566 0.256243
v 0.177203 0.533212 0.263957
v 0.184189 0.545447 0.251831
v 0.173705 0.548313 0.262279
v 0.179877 0.557785 0.247126
v 0.168661 0.559355 0.257506
v 0.175415 0.567347 0.243045
v 0.161743 0.566505 0.251488
v 0.171369 0.574518 0.241697
v 0.182276 0.572819 0.230755
v 0.167347 0.580628 0.241846
v 0.156184 0.573264 0.248414
v 0.151685 0.579307 0.247076
v 0.148100 0.584996 0.246332
v 0.145235 0.590515 0.244978
v 0.162962 0.587025 0.241951
v 0.173344 0.585385 0.232592
v 0.158072 0.593705 0.241450
v 0.167225 0.593114 0.233477
v 0.152694 0.600368 0.240153
v 0.159370 0.600825 0.234166
v 0.145347 0.604813 0.236083
v 0.143275 0.595847 0.242230
v 0.143251 0.600959 0.239170
v 0.149129 0.606949 0.233008
v 0.154496 0.607281 0.230020
v 0.162408 0.604897 0.226186
v 0.166577 0.600508 0.228049
v 0.176257 0.592169 0.224988
v 0.171539 0.597588 0.218946
v 0.181082 0.588826 0.212439
v 0.189049 0.579617 0.208584
v 0.196454 0.572144 0.207361
v 0.183331 0.583488 0.222480
v 0.188496 0.576098 0.220496
v 0.178131 0.578490 0.231547
v -0.516138 0.446250 -0.138233
v -0.521226 0.412806 -0.142763
v -0.508042 0.489005 -0.135847
v -0.516620 0.443395 -0.125589
v -0.520225 0.445345 -0.149192
v -0.531799 0.434977 -0.163999
v -0.512760 0.487936 -0.150028
v -0.523908 0.413708 -0.150212
v -0.526378 0.413611 -0.159327
v -0.526333 0.389097 -0.150040
v -0.526215 0.397776 -0.154617
v -0.525898 0.386348 -0.145718
v -0.526209 0.388321 -0.140538
v -0.525967 0.395714 -0.133920
v -0.521704 0.411490 -0.134217
v -0.522744 0.409203 -0.123827
v -0.517802 0.427210 -0.105347
v -0.510630 0.493445 -0.096905
v -0.517618 0.453821 -0.075125
v -0.521205 0.487716 -0.043745
v -0.512681 0.510709 -0.067740
v -0.507831 0.534289 -0.035034
v -0.500655 0.555265 -0.067098
v -0.502496 0.542723 -0.096364
v -0.489820 0.571004 -0.032036
v -0.486182 0.590357 -0.070417
v -0.491063 0.580301 -0.100427
v -0.476942 0.604299 -0.037679
v -0.473425 0.621683 -0.078754
v -0.479455 0.611218 -0.108367
v -0.463410 0.634908 -0.045175
v -0.458874 0.650103 -0.088896
v -0.465035 0.639184 -0.118735
v -0.451016 0.662785 -0.053197
v -0.445181 0.674904 -0.099641
v -0.449333 0.663450 -0.129816
v -0.441392 0.686802 -0.065399
v -0.434285 0.696413 -0.110839
v -0.434919 0.683809 -0.141280
v -0.431319 0.709217 -0.076481
v -0.424090 0.719535 -0.114590
v -0.420374 0.732652 -0.081363
v -0.410350 0.703529 -0.155160
v -0.416494 0.747934 -0.109150
v -0.412331 0.760264 -0.076657
v -0.409859 0.778914 -0.098776
v -0.410041 0.732481 -0.147786
v -0.408076 0.766453 -0.134995
v -0.402163 0.798969 -0.119329
v -0.388882 0.830232 -0.108074
v -0.398330 0.807308 -0.092813
v -0.396765 0.815267 -0.071738
v -0.389684 0.833224 -0.086995
v -0.385688 0.837746 -0.071079
v -0.378029 0.854397 -0.078779
v -0.371927 0.856012 -0.066068
v -0.355508 0.866742 -0.067319
v -0.377013 0.851725 -0.095440
v -0.362609 0.858956 -0.080584
v -0.352242 0.868547 -0.057323
v -0.352027 0.866898 -0.048910
v -0.354272 0.861698 -0.042354
v -0.367941 0.857019 -0.052356
v -0.379395 0.841388 -0.053826
v -0.360982 0.854304 -0.037335
v -0.372431 0.844597 -0.032482
v -0.383953 0.828902 -0.027425
v -0.398669 0.810221 -0.023180
v -0.389436 0.821395 -0.052073
v -0.397009 0.797026 -0.052976
v -0.404348 0.788376 -0.075834
v -0.403042 0.769949 -0.053251
v -0.411664 0.743576 -0.049808
v -0.403600 0.784355 -0.020457
v -0.407540 0.756484 -0.015528
v -0.423829 0.732601 -0.007305
v -0.432460 0.707245 0.002984
v -0.422919 0.718939 -0.042353
v -0.435216 0.696354 -0.030806
v -0.444535 0.674276 -0.019713
v -0.452371 0.650356 -0.010009
v -0.438224 0.685880 0.013170
v -0.443090 0.666053 0.022061
v -0.445847 0.638740 0.025421
v -0.458707 0.602658 0.018170
v -0.464920 0.619972 -0.006654
v -0.480269 0.590235 -0.003391
v -0.488594 0.555414 0.001732
v -0.503367 0.512371 -0.012763
v -0.473220 0.573174 0.020212
v -0.487996 0.542694 0.014182
v -0.415258 0.688622 -0.160867
v -0.419416 0.683766 -0.170295
v -0.436215 0.675323 -0.157149
v -0.437949 0.671615 -0.167012
v -0.450899 0.655863 -0.149360
v -0.452426 0.652224 -0.162702
v -0.467133 0.631703 -0.140948
v -0.468853 0.627808 -0.157677
v -0.481245 0.604055 -0.132685
v -0.483020 0.599864 -0.152210
v -0.492021 0.573483 -0.125747
v -0.493519 0.569119 -0.146445
v -0.500522 0.535816 -0.120079
v -0.500818 0.532576 -0.139461
v -0.507815 0.489317 -0.118935
v -0.506363 0.530469 -0.156157
v -0.514460 0.530162 -0.172003
v -0.499345 0.566602 -0.163756
v -0.488576 0.597987 -0.168791
v -0.507986 0.565507 -0.180759
v -0.497048 0.597807 -0.186411
v -0.517475 0.565109 -0.200286
v -0.506702 0.598533 -0.208200
v -0.526407 0.565090 -0.223641
v -0.523659 0.531372 -0.190152
v -0.534564 0.533473 -0.211485
v -0.530327 0.495497 -0.180990
v -0.539662 0.504759 -0.200671
v -0.539843 0.458156 -0.174406
v -0.520161 0.488954 -0.163728
v -0.544102 0.476406 -0.193008
v -0.543516 0.488416 -0.214921
v -0.541442 0.499062 -0.234804
v -0.547880 0.513583 -0.223001
v -0.543356 0.536788 -0.235953
v -0.535876 0.508678 -0.250563
v -0.535237 0.529897 -0.263774
v -0.539885 0.564995 -0.281282
v -0.535667 0.601436 -0.299385
v -0.531699 0.563404 -0.251609
v -0.524430 0.598695 -0.266101
v -0.517309 0.599600 -0.234692
v -0.510065 0.634900 -0.277921
v -0.486294 0.663087 -0.286138
v -0.519059 0.635611 -0.313373
v -0.500434 0.633667 -0.243913
v -0.481245 0.664231 -0.250837
v -0.490341 0.630934 -0.214521
v -0.471379 0.659790 -0.219204
v -0.481148 0.628097 -0.190475
v -0.462583 0.654737 -0.193365
v -0.473620 0.626789 -0.172652
v -0.456197 0.651955 -0.175685
v -0.440595 0.671905 -0.177890
v -0.421033 0.685577 -0.181425
v -0.445701 0.676453 -0.194818
v -0.419546 0.698323 -0.192283
v -0.455355 0.683478 -0.222587
v -0.441299 0.706194 -0.226703
v -0.464272 0.688725 -0.256167
v -0.446278 0.710071 -0.260307
v -0.470095 0.688678 -0.291873
v -0.453785 0.712140 -0.295879
v -0.472980 0.684253 -0.327024
v -0.449652 0.707937 -0.330528
v -0.495602 0.662198 -0.321934
v -0.419422 0.731380 -0.332193
v -0.391444 0.753761 -0.333195
v -0.430383 0.734843 -0.299805
v -0.424688 0.732690 -0.264913
v -0.401736 0.756254 -0.304585
v -0.398963 0.755116 -0.270825
v -0.371458 0.771389 -0.311064
v -0.369691 0.771943 -0.279108
v -0.345994 0.780564 -0.321534
v -0.365144 0.767614 -0.337381
v -0.344619 0.777813 -0.344022
v -0.328290 0.786299 -0.351367
v -0.317028 0.792724 -0.356895
v -0.320997 0.779497 -0.336689
v -0.319016 0.783412 -0.320208
v -0.309347 0.795731 -0.357547
v -0.303801 0.796848 -0.353175
v -0.300993 0.796916 -0.341671
v -0.303507 0.794699 -0.315131
v -0.313973 0.781980 -0.297078
v -0.324108 0.793006 -0.273806
v -0.348714 0.784472 -0.267085
v -0.339812 0.779582 -0.293601
v -0.367163 0.790359 -0.240573
v -0.380854 0.773926 -0.250435
v -0.389990 0.774004 -0.221492
v -0.406489 0.754757 -0.240998
v -0.401028 0.752272 -0.211868
v -0.426660 0.730984 -0.233280
v -0.413820 0.724969 -0.203124
v 0.037947 0.650934 0.215958
v 0.043798 0.651244 0.211336
v 0.030469 0.653139 0.216359
v 0.046534 0.644999 0.239020
v 0.055352 0.634289 0.262095
v 0.054818 0.646031 0.235148
v 0.038214 0.647197 0.241860
v 0.027084 0.652756 0.246211
v 0.045679 0.636550 0.266399
v 0.033600 0.641342 0.272634
v 0.051526 0.619625 0.290091
v 0.040551 0.624678 0.296355
v 0.053022 0.596355 0.309851
v 0.061684 0.617438 0.285385
v 0.063163 0.594750 0.305781
v 0.072649 0.619315 0.281374
v 0.074074 0.596818 0.301944
v 0.085278 0.623159 0.276762
v 0.065606 0.635572 0.258045
v 0.079172 0.639002 0.253714
v 0.095840 0.642094 0.247892
v 0.067354 0.649573 0.230462
v 0.047072 0.655254 0.202502
v 0.089154 0.654735 0.225915
v 0.080418 0.665658 0.205510
v 0.113424 0.660702 0.219959
v 0.116487 0.646539 0.241624
v 0.107550 0.672318 0.199448
v 0.135750 0.666491 0.212237
v 0.156522 0.682051 0.209364
v 0.131157 0.678578 0.191597
v 0.136979 0.651502 0.233902
v 0.157561 0.666201 0.230713
v 0.135199 0.634628 0.254809
v 0.155011 0.640613 0.246817
v 0.115482 0.629274 0.262339
v 0.130598 0.615548 0.274577
v 0.113645 0.610341 0.283763
v 0.150989 0.620549 0.265895
v 0.125145 0.596727 0.295061
v 0.144595 0.601506 0.285529
v 0.109177 0.588413 0.303091
v 0.121726 0.577952 0.314449
v 0.108118 0.568403 0.320421
v 0.138059 0.579372 0.301743
v 0.119459 0.560976 0.328951
v 0.106499 0.546940 0.330570
v 0.117560 0.533853 0.328796
v 0.132852 0.560337 0.315737
v 0.126321 0.546757 0.325464
v 0.105252 0.518881 0.328851
v 0.089379 0.502366 0.331668
v 0.076942 0.488859 0.338566
v 0.092168 0.530015 0.328509
v 0.095112 0.557431 0.322570
v 0.078320 0.516328 0.326300
v 0.081632 0.546998 0.321935
v 0.067383 0.510702 0.325593
v 0.059453 0.509732 0.327259
v 0.066485 0.487359 0.330822
v 0.070074 0.540695 0.322315
v 0.060125 0.537669 0.323508
v 0.072259 0.570352 0.315700
v 0.061736 0.567268 0.317967
v 0.083337 0.575528 0.313009
v 0.085894 0.600931 0.297504
v 0.095050 0.581414 0.309109
v 0.099125 0.605440 0.291634
v 0.100179 0.626515 0.270526
v 0.052106 0.568366 0.321425
v 0.043954 0.573897 0.326524
v 0.051417 0.538698 0.326863
v 0.044052 0.544505 0.332225
v 0.052180 0.510776 0.330870
v 0.045112 0.515621 0.336611
v 0.054696 0.488230 0.335275
v 0.054056 0.491034 0.348292
v 0.060122 0.487581 0.331629
v 0.057764 0.474259 0.339777
v 0.060461 0.480197 0.348266
v 0.065137 0.469288 0.350001
v 0.061579 0.473406 0.337464
v 0.066772 0.468342 0.349805
v 0.065756 0.473107 0.336635
v 0.068312 0.469090 0.349389
v 0.071999 0.479377 0.344842
v 0.070100 0.472707 0.348264
v 0.063097 0.472724 0.349459
v 0.043119 0.504384 0.351958
v 0.032444 0.520687 0.358997
v 0.038184 0.527623 0.344053
v 0.035427 0.553683 0.338299
v 0.029395 0.542461 0.352625
v 0.026547 0.566140 0.346772
v 0.019633 0.557925 0.362522
v 0.014418 0.577900 0.357124
v 0.001958 0.561508 0.366640
v 0.021446 0.535710 0.364505
v 0.011088 0.549397 0.367620
v -0.004757 0.578155 0.363900
v -0.011891 0.601289 0.358640
v -0.023414 0.620728 0.346746
v 0.008186 0.599539 0.349648
v 0.021887 0.589943 0.339412
v -0.000525 0.621220 0.338715
v 0.016755 0.613671 0.328567
v -0.012420 0.641614 0.324320
v 0.008184 0.636522 0.314177
v -0.022878 0.659998 0.304186
v -0.033600 0.646667 0.334478
v -0.041313 0.671446 0.317161
v -0.047615 0.689864 0.292491
v -0.054033 0.704933 0.266433
v -0.030343 0.675859 0.278374
v -0.009676 0.668609 0.267172
v -0.034635 0.694480 0.254455
v -0.014610 0.684447 0.243302
v -0.037738 0.713631 0.236528
v -0.017898 0.702741 0.225789
v -0.040405 0.730526 0.223370
v -0.060620 0.719138 0.244352
v -0.065229 0.731510 0.227581
v -0.066869 0.740491 0.215695
v -0.067769 0.747096 0.205536
v -0.043062 0.744006 0.212672
v -0.025563 0.735423 0.203312
v -0.048562 0.753677 0.202304
v -0.034183 0.748361 0.194192
v -0.058573 0.761268 0.190866
v -0.049564 0.758839 0.184515
v -0.071730 0.766417 0.178741
v -0.069553 0.754684 0.194902
v -0.071491 0.762189 0.185251
v -0.069228 0.767970 0.174758
v -0.062994 0.767046 0.172306
v -0.050749 0.760344 0.171387
v -0.039732 0.755460 0.178624
v -0.030056 0.748052 0.171608
v -0.020665 0.742386 0.185768
v -0.011973 0.727085 0.171608
v -0.009114 0.726744 0.193207
v 0.000804 0.709144 0.174718
v -0.002547 0.709844 0.202334
v -0.020866 0.720904 0.213303
v 0.009318 0.691771 0.182830
v 0.001868 0.691652 0.214549
v 0.017364 0.675912 0.198101
v 0.005519 0.674022 0.231537
v 0.023215 0.660460 0.210433
v 0.010187 0.660394 0.255828
v 0.017197 0.647618 0.282162
v -0.002238 0.654148 0.293333
v 0.025974 0.630057 0.304040
v 0.031535 0.607304 0.321181
v 0.043573 0.601317 0.315073
v 0.034099 0.581514 0.332300
v 0.152693 0.694425 0.189280
v 0.127070 0.689115 0.175543
v 0.148754 0.702312 0.172533
v 0.123474 0.698607 0.163252
v 0.103527 0.683317 0.183389
v 0.100904 0.694125 0.170583
v 0.076576 0.677336 0.190203
v 0.075190 0.689665 0.177318
v 0.047523 0.665980 0.190561
v 0.047463 0.681288 0.179239
v 0.049310 0.696970 0.167928
v 0.054629 0.708929 0.153209
v 0.075047 0.702167 0.164891
v 0.098926 0.704929 0.159117
v 0.077486 0.714214 0.152275
v 0.098471 0.715490 0.147602
v 0.083723 0.725167 0.139015
v 0.100472 0.725296 0.134993
v 0.092327 0.733838 0.124468
v 0.064895 0.719340 0.138428
v 0.078632 0.730835 0.126145
v 0.091975 0.737241 0.110927
v 0.102269 0.738533 0.096923
v 0.101458 0.739373 0.108327
v 0.109585 0.738232 0.105942
v 0.109609 0.740057 0.090594
v 0.115007 0.740686 0.089836
v 0.120158 0.740944 0.092875
v 0.124011 0.741062 0.099165
v 0.116888 0.736412 0.105610
v 0.125340 0.740795 0.108794
v 0.115083 0.731891 0.118754
v 0.104442 0.733162 0.121072
v 0.127008 0.739714 0.121296
v 0.115302 0.724858 0.131410
v 0.131035 0.734695 0.134435
v 0.117191 0.716341 0.142914
v 0.136005 0.726077 0.144832
v 0.120079 0.707578 0.153017
v 0.140526 0.717708 0.152667
v 0.144603 0.709213 0.160295
v -0.138142 0.589956 0.248580
v -0.133953 0.591108 0.250054
v -0.141768 0.592085 0.246215
v -0.149909 0.578069 0.261976
v -0.132281 0.583461 0.269004
v -0.156794 0.594088 0.249417
v -0.171001 0.600124 0.245824
v -0.155875 0.600170 0.245422
v -0.162631 0.584289 0.255803
v -0.175983 0.590858 0.251360
v -0.169701 0.570450 0.259767
v -0.158382 0.562372 0.263267
v -0.182695 0.578789 0.256349
v -0.176731 0.559625 0.265914
v -0.188975 0.567512 0.262357
v -0.182842 0.551065 0.273414
v -0.166245 0.551917 0.269547
v -0.173530 0.544060 0.276904
v -0.156583 0.549572 0.282033
v -0.164927 0.541737 0.287546
v -0.147868 0.546472 0.295874
v -0.148124 0.560136 0.277494
v -0.138384 0.557330 0.292937
v -0.139755 0.573481 0.274566
v -0.130232 0.569246 0.289208
v -0.123529 0.578753 0.283809
v -0.120488 0.564446 0.302977
v -0.128717 0.553428 0.306677
v -0.114228 0.564631 0.321133
v -0.114244 0.573820 0.297500
v -0.107932 0.572855 0.314755
v -0.109548 0.582143 0.292213
v -0.102934 0.581184 0.307638
v -0.105370 0.590001 0.287805
v -0.118562 0.586044 0.279456
v -0.114147 0.592882 0.276580
v -0.127173 0.589437 0.265806
v -0.122628 0.595294 0.264718
v -0.129501 0.596364 0.251313
v -0.116955 0.603590 0.265065
v -0.108945 0.600929 0.275045
v -0.109329 0.612924 0.266230
v -0.123822 0.605502 0.253930
v -0.115817 0.615513 0.257414
v -0.104470 0.622536 0.259760
v -0.093544 0.626159 0.261781
v -0.099465 0.621429 0.267614
v -0.093541 0.618576 0.273217
v -0.086046 0.626208 0.264566
v -0.081569 0.624327 0.267998
v -0.079696 0.622240 0.272693
v -0.080822 0.619125 0.278981
v -0.088433 0.615334 0.278816
v -0.085490 0.613937 0.287037
v -0.095198 0.606430 0.281958
v -0.102190 0.609754 0.274152
v -0.091538 0.607027 0.294279
v -0.100771 0.598006 0.284664
v -0.095716 0.598543 0.298072
v -0.098927 0.589743 0.301610
v -0.121879 0.553693 0.324127
v -0.133452 0.540755 0.321342
v -0.148289 0.533931 0.320290
v -0.141767 0.544736 0.308674
v -0.154495 0.538547 0.310645
v -0.158641 0.539902 0.299925
v -0.162568 0.529779 0.312364
v -0.167207 0.532898 0.303640
v -0.172431 0.524773 0.313406
v -0.157360 0.524723 0.319587
v -0.165016 0.515547 0.316131
v -0.177778 0.514899 0.314692
v -0.192606 0.516672 0.314634
v -0.183420 0.521529 0.312278
v -0.186582 0.523241 0.306062
v -0.194031 0.516323 0.308954
v -0.196270 0.517012 0.304542
v -0.204345 0.508301 0.305375
v -0.206816 0.506970 0.301832
v -0.215157 0.498145 0.302541
v -0.203294 0.511145 0.310905
v -0.210585 0.504230 0.307135
v -0.217443 0.495849 0.299980
v -0.219151 0.495216 0.298270
v -0.220681 0.495589 0.297325
v -0.208915 0.506524 0.298790
v -0.210966 0.507226 0.297059
v -0.199519 0.515899 0.299693
v -0.202872 0.516003 0.296062
v -0.189996 0.524414 0.299949
v -0.195282 0.523842 0.294396
v -0.181678 0.529848 0.297595
v -0.176966 0.528126 0.306003
v -0.187551 0.531484 0.290883
v -0.173313 0.535396 0.293158
v -0.180622 0.537448 0.284479
v -0.188419 0.543463 0.281333
v -0.197578 0.550267 0.279616
v -0.193688 0.536328 0.288254
v -0.200331 0.542110 0.287741
v -0.198902 0.529219 0.293102
v -0.203630 0.533770 0.293420
v -0.205569 0.519680 0.295650
v -0.208128 0.524459 0.296617
v -0.212981 0.509106 0.296591
v -0.214748 0.512043 0.296938
v -0.221952 0.496693 0.297262
v -0.222750 0.498534 0.297805
v -0.222726 0.501796 0.298767
v -0.220648 0.509196 0.300342
v -0.216108 0.515601 0.297613
v -0.217490 0.518697 0.297515
v -0.211460 0.527650 0.296962
v -0.214995 0.530414 0.295966
v -0.209172 0.537956 0.293171
v -0.214889 0.540742 0.290583
v -0.208233 0.546641 0.285568
v -0.215424 0.548638 0.280441
v -0.207066 0.554869 0.275968
v -0.216091 0.555691 0.267457
v -0.204908 0.563729 0.266032
v -0.193929 0.558433 0.270527
v -0.215464 0.566484 0.258058
v -0.200875 0.573809 0.257528
v -0.212436 0.578988 0.251031
v -0.195242 0.585981 0.252040
v -0.207712 0.593599 0.248331
v -0.189250 0.597423 0.246928
v -0.202410 0.603966 0.242452
v -0.184744 0.606434 0.241781
v -0.198164 0.610775 0.234037
v -0.183106 0.613771 0.238161
v -0.169657 0.607037 0.242083
v -0.183049 0.620469 0.235218
v -0.195895 0.617636 0.228222
v -0.194832 0.624012 0.224127
v -0.193971 0.629995 0.221090
v -0.192335 0.635508 0.218363
v -0.183025 0.627508 0.231961
v -0.171113 0.621337 0.236213
v -0.182628 0.634779 0.227989
v -0.172082 0.630212 0.231940
v -0.181792 0.641946 0.223200
v -0.173669 0.639411 0.226066
v -0.180238 0.646778 0.215167
v -0.189193 0.640298 0.215717
v -0.184996 0.644372 0.214579
v -0.175293 0.647191 0.217091
v -0.170297 0.645569 0.220292
v -0.164338 0.640608 0.225074
v -0.165451 0.635995 0.229269
v -0.161273 0.625213 0.235506
v -0.156585 0.629892 0.228853
v -0.149731 0.617894 0.233239
v -0.145937 0.606479 0.237534
v -0.144029 0.597474 0.242773
v -0.158831 0.614827 0.239733
v -0.157261 0.606215 0.242662
v -0.170334 0.613507 0.239317
vn -0.9473 -0.3200 -0.0147
vn -0.5644 -0.0751 -0.8220
vn 0.5801 0.0696 0.8116
vn -0.4017 -0.2432 0.8829
vn 0.4424 0.2829 -0.8510
vn 0.9530 0.3023 0.0179
vn -0.6682 0.3230 -0.6702
vn -0.9502 0.1244 0.2858
vn -0.2172 -0.2074 0.9538
vn 0.7152 -0.3241 0.6192
vn 0.9479 -0.1327 -0.2896
vn 0.2861 0.1920 -0.9388
vn -0.4574 -0.1793 -0.8710
vn -0.9340 -0.3479 -0.0811
vn -0.5458 -0.2157 0.8097
vn 0.4084 0.1894 0.8929
vn 0.9090 0.3942 0.1352
vn 0.5148 0.1959 -0.8347
vn -0.2848 0.4201 -0.8616
vn -0.8306 0.4937 0.2575
vn -0.4935 0.0965 0.8644
vn 0.0952 -0.3526 0.9309
vn 0.7881 -0.6052 -0.1128
vn 0.4478 -0.1374 -0.8835
vn -0.2347 -0.0411 -0.9712
vn -0.7057 0.4746 -0.5261
vn -0.2638 0.3444 0.9010
vn 0.3966 -0.8599 0.3212
vn 0.3428 -0.7652 -0.5450
vn 0.0847 -0.4872 -0.8692
vn 0.5526 0.0080 -0.8334
vn -0.4049 0.3953 -0.8245
vn 0.0611 -0.2988 0.9524
vn 0.9321 -0.3610 0.0287
vn -0.9115 0.3003 0.2810
vn -0.5562 0.0063 0.8310
vn 0.2236 0.2635 -0.9384
vn -0.7719 0.4446 -0.4544
vn 0.7106 -0.3114 0.6309
vn 0.9750 -0.0653 -0.2124
vn -0.6524 0.2703 0.7080
vn 0.0620 -0.2175 0.9741
vn -0.4310 0.1425 -0.8910
vn 0.9919 0.0561 0.1135
vn -0.6207 -0.1459 0.7704
vn 0.5830 0.1482 -0.7989
vn 0.2061 -0.1250 0.9705
vn -0.9973 -0.0321 0.0663
vn -0.8859 -0.4584 -0.0706
vn 0.4742 0.2848 -0.8331
vn 0.4859 0.2218 0.8454
vn 0.8878 0.4530 0.0807
vn -0.4559 -0.2463 0.8553
vn -0.4834 -0.2273 -0.8454
vn 0.9844 0.1180 -0.1303
vn -0.3086 -0.2343 0.9219
vn -0.6398 0.1102 -0.7606
vn 0.3674 0.2498 -0.8959
vn 0.6731 -0.1072 0.7317
vn -0.9832 -0.1314 0.1264
vn 0.1991 0.1763 -0.9640
vn 0.7237 -0.3785 0.5770
vn -0.8901 0.2603 0.3742
vn -0.7189 0.4160 -0.5568
vn 0.9030 -0.2277 -0.3643
vn -0.1997 -0.1289 0.9713
vn -0.7899 0.4287 -0.4385
vn 0.9205 -0.0736 -0.3837
vn -0.0580 -0.0894 0.9943
vn 0.0608 0.2684 -0.9614
vn 0.7409 -0.2705 0.6147
vn -0.8085 0.3146 0.4974
vn -0.4087 -0.1759 0.8956
vn 0.5443 0.2049 0.8135
vn 0.9244 0.3810 -0.0186
vn 0.5070 0.2476 -0.8256
vn -0.4206 -0.1195 -0.8993
vn -0.9330 -0.3596 -0.0139
vn -0.3988 -0.3313 0.8551
vn 0.4482 0.2495 0.8584
vn 0.8194 0.5731 0.0033
vn 0.3953 0.3645 -0.8431
vn -0.4458 -0.1974 -0.8731
vn -0.8367 -0.5474 -0.0188
vn -0.3942 -0.3802 0.8367
vn 0.4725 0.1000 0.8756
vn 0.8709 0.4874 0.0628
vn 0.4220 0.4161 -0.8054
vn -0.4710 -0.0818 -0.8783
vn -0.8737 -0.4860 -0.0236
vn -0.4470 -0.2723 0.8521
vn 0.4386 0.2186 0.8717
vn 0.8718 0.4860 0.0614
vn 0.4772 0.3022 -0.8252
vn -0.4351 -0.1978 -0.8784
vn -0.8783 -0.4775 -0.0255
vn -0.4612 -0.0783 0.8838
vn 0.4878 0.4619 0.7408
vn 0.8561 0.5126 -0.0660
vn 0.5639 0.1814 -0.8057
vn -0.4093 -0.4022 -0.8190
vn -0.8715 -0.4841 0.0787
vn -0.0393 -0.6001 0.7990
vn 0.6949 0.4447 0.5650
vn 0.6384 0.7660 -0.0754
vn 0.2473 0.6364 -0.7306
vn -0.5686 -0.2903 -0.7697
vn -0.5790 -0.8152 0.0101
vn 0.1971 -0.9627 0.1852
vn 0.5675 -0.3671 0.7370
vn 0.1972 0.9641 0.1779
vn -0.1909 0.0584 -0.9799
vn -0.1952 -0.7338 -0.6507
vn 0.0088 -0.9690 -0.2470
vn -0.7324 -0.6693 0.1248
vn -0.2454 -0.3043 0.9204
vn 0.4054 0.4687 -0.7848
vn -0.4740 -0.3369 -0.8135
vn 0.6508 0.5157 0.5572
vn 0.7168 0.6764 -0.1691
vn -0.9047 -0.4260 -0.0046
vn -0.4379 -0.2369 0.8672
vn 0.4402 0.2770 -0.8541
vn -0.4630 -0.1607 -0.8717
vn 0.4671 0.2092 0.8591
vn 0.8926 0.4508 0.0011
vn -0.4627 -0.1618 -0.8716
vn -0.8179 -0.5740 -0.0397
vn 0.7897 0.6131 0.0201
vn 0.3528 0.4332 -0.8294
vn -0.3740 -0.4047 0.8345
vn 0.4560 0.2137 0.8639
vn -0.5086 -0.0230 -0.8607
vn 0.8097 0.5857 0.0381
vn -0.3397 -0.4760 0.8112
vn -0.8466 -0.5305 -0.0430
vn 0.3185 0.5253 -0.7890
vn 0.5015 0.0857 0.8609
vn -0.4329 -0.0611 0.8994
vn -0.3825 -0.4512 -0.8063
vn 0.8268 0.5397 -0.1587
vn -0.8357 -0.5367 0.1162
vn 0.5556 0.2075 -0.8051
vn 0.5630 0.5407 0.6251
vn -0.8807 -0.3683 -0.2978
vn -0.7922 0.1713 0.5858
vn -0.0371 0.5120 0.8582
vn 0.7456 0.4717 0.4708
vn 0.9008 -0.0213 -0.4337
vn 0.0274 -0.4876 -0.8726
vn -0.8593 -0.3158 -0.4024
vn -0.8177 -0.0456 0.5738
vn 0.0550 0.2822 0.9578
vn 0.8659 0.3344 0.3720
vn 0.8045 0.0662 -0.5903
vn -0.0484 -0.2529 -0.9663
vn -0.8782 -0.2724 -0.3931
vn -0.8408 0.1066 0.5308
vn 0.0278 0.3869 0.9217
vn 0.8638 0.2893 0.4125
vn 0.8427 -0.0984 -0.5294
vn -0.0506 -0.3747 -0.9258
vn -0.8501 -0.3260 -0.4136
vn -0.8461 0.1834 0.5005
vn 0.0235 0.5020 0.8646
vn 0.8178 0.3628 0.4467
vn 0.8837 -0.1476 -0.4442
vn -0.0102 -0.4881 -0.8727
vn -0.8078 -0.4831 -0.3376
vn -0.7926 0.2519 0.5553
vn -0.0169 0.6496 0.7601
vn 0.7017 0.5736 0.4225
vn 0.9025 -0.1126 -0.4158
vn 0.0544 -0.6301 -0.7746
vn -0.3053 -0.9487 0.0825
vn -0.7363 0.0838 0.6714
vn -0.3784 0.7769 0.5032
vn 0.2216 0.9749 0.0230
vn 0.7763 0.0353 -0.6294
vn 0.3708 -0.7870 -0.4931
vn 0.1456 -0.9832 0.1106
vn -0.4308 -0.7225 0.5408
vn -0.3720 0.8553 0.3608
vn 0.8260 0.3960 -0.4012
vn 0.7612 -0.5411 -0.3574
vn 0.4811 -0.8705 -0.1041
vn 0.3586 -0.7893 -0.4984
vn -0.4919 -0.8680 0.0673
vn 0.2696 0.9569 0.1083
vn 0.8238 0.0947 -0.5589
vn -0.7586 0.2474 0.6027
vn -0.3578 0.7986 0.4840
vn -0.0095 -0.3885 -0.9214
vn -0.8423 -0.3521 -0.4082
vn 0.8520 0.3662 0.3742
vn 0.8305 -0.0501 -0.5547
vn -0.8513 0.0584 0.5214
vn -0.0020 0.4233 0.9060
vn 0.7982 0.0736 -0.5978
vn -0.0695 -0.2638 -0.9621
vn 0.0505 0.2802 0.9586
vn 0.8580 0.3488 0.3771
vn -0.8683 -0.3270 -0.3729
vn -0.8064 -0.0538 0.5890
vn -0.6879 -0.7158 -0.1206
vn 0.8762 -0.0125 -0.4819
vn -0.1933 0.7736 0.6035
vn 0.2075 -0.7600 -0.6159
vn 0.5091 0.8221 0.2549
vn -0.7647 0.2677 0.5861
vn 0.7895 -0.3429 0.5091
vn 0.7470 0.6642 -0.0269
vn 0.1593 0.9017 -0.4020
vn -0.4795 0.6854 -0.5480
vn -0.9373 -0.2430 -0.2498
vn -0.2011 -0.9059 0.3727
vn 0.5992 -0.3546 0.7178
vn 0.9841 0.1759 -0.0255
vn 0.3199 0.5701 -0.7567
vn -0.6862 0.3325 -0.6470
vn -0.9711 -0.2051 0.1221
vn -0.3413 -0.5251 0.7796
vn 0.6718 -0.2231 0.7064
vn 0.9689 0.2279 -0.0968
vn 0.3212 0.4764 -0.8184
vn -0.6718 0.2477 -0.6980
vn -0.9617 -0.2355 0.1405
vn -0.2756 -0.4684 0.8394
vn 0.6346 -0.0621 0.7703
vn 0.8946 0.4443 -0.0478
vn 0.2781 0.5260 -0.8037
vn -0.6200 0.0905 -0.7794
vn -0.8918 -0.4489 0.0562
vn -0.2517 -0.5072 0.8242
vn 0.5906 -0.1153 0.7987
vn 0.7787 0.6242 -0.0631
vn 0.2180 0.6714 -0.7083
vn -0.4781 0.2612 -0.8386
vn -0.8395 -0.5326 -0.1076
vn -0.2342 -0.6651 0.7090
vn 0.8805 -0.3250 0.3451
vn 0.6139 0.7364 -0.2844
vn -0.1096 0.8588 -0.5005
vn -0.7567 0.4643 -0.4602
vn -0.7490 -0.6508 0.1242
vn 0.1223 -0.8886 0.4421
vn 0.6918 -0.7162 -0.0916
vn 0.9931 -0.0036 -0.1175
vn -0.2397 0.9703 -0.0335
vn -0.8058 -0.4283 -0.4089
vn -0.2128 -0.9498 -0.2294
vn 0.2848 -0.9426 -0.1745
vn -0.0954 -0.7509 0.6535
vn 0.7364 -0.1871 0.6502
vn -0.5865 0.4007 -0.7039
vn -0.8380 -0.5457 -0.0007
vn 0.6666 0.6989 -0.2592
vn 0.0584 0.7540 -0.6543
vn -0.8360 -0.5481 -0.0269
vn -0.2403 -0.5644 0.7897
vn 0.2521 0.5845 -0.7713
vn -0.5416 0.0845 -0.8364
vn 0.6002 0.0033 0.7998
vn 0.8137 0.5797 -0.0422
vn -0.3029 -0.8031 0.5130
vn 0.6100 -0.4729 0.6358
vn -0.6712 0.4374 -0.5985
vn -0.9207 -0.3776 -0.0990
vn 0.9242 0.3492 0.1546
vn 0.2652 0.8418 -0.4701
vn -0.7102 -0.6535 -0.2619
vn -0.9410 -0.1320 0.3115
vn -0.0745 0.7382 0.6705
vn 0.8207 0.5663 0.0757
vn 0.6286 -0.3729 -0.6825
vn -0.0208 -0.7339 -0.6789
vn -0.8445 -0.5066 -0.1736
vn -0.8139 0.1871 0.5500
vn 0.0582 0.7042 0.7076
vn 0.8462 0.5128 0.1452
vn 0.7930 -0.1752 -0.5835
vn -0.0676 -0.6856 -0.7249
vn -0.8762 -0.4349 -0.2079
vn -0.7916 0.1627 0.5890
vn 0.1006 0.6119 0.7845
vn 0.8898 0.4274 0.1600
vn 0.7737 -0.1632 -0.6121
vn -0.0846 -0.5888 -0.8039
vn -0.8840 -0.4219 -0.2012
vn -0.7614 0.1793 0.6230
vn 0.1130 0.5889 0.8002
vn 0.8783 0.4335 0.2015
vn 0.7714 -0.1590 -0.6161
vn -0.1027 -0.5777 -0.8098
vn -0.8279 -0.5586 -0.0513
vn -0.7223 0.4679 0.5092
vn -0.0251 0.8619 0.5065
vn 0.6965 0.7017 0.1502
vn 0.8345 -0.2855 -0.4713
vn 0.0222 -0.8583 -0.5127
vn -0.7528 -0.6573 0.0353
vn -0.7060 0.5161 0.4849
vn -0.0552 0.9081 0.4152
vn 0.6316 0.7691 0.0981
vn 0.8309 -0.3511 -0.4317
vn 0.0752 -0.9231 -0.3772
vn -0.2534 -0.9514 0.1751
vn -0.7861 -0.4370 0.4372
vn -0.1747 0.9794 0.1009
vn 0.9909 -0.1111 -0.0758
vn 0.6492 -0.7531 -0.1069
vn 0.2017 -0.9785 0.0437
vn 0.0454 -0.9151 -0.4006
vn -0.8015 -0.5974 0.0249
vn 0.6238 0.7755 0.0973
vn 0.8456 -0.3101 -0.4345
vn -0.6891 0.5581 0.4623
vn -0.0433 0.9200 0.3895
vn 0.8021 -0.2179 -0.5560
vn -0.0484 -0.7205 -0.6918
vn 0.0534 0.7270 0.6846
vn 0.8069 0.5563 0.1983
vn -0.8637 -0.4851 -0.1368
vn -0.7440 0.3105 0.5917
vn -0.8176 -0.5662 0.1045
vn -0.4054 -0.5021 0.7639
vn 0.3988 0.1020 0.9113
vn 0.7186 0.6946 -0.0355
vn 0.0701 0.5207 -0.8509
vn -0.7412 -0.1817 -0.6462
vn -0.8564 -0.4098 0.3140
vn -0.1805 -0.1304 0.9749
vn 0.6715 0.3167 0.6699
vn 0.8366 0.4264 -0.3440
vn 0.1494 0.1205 -0.9814
vn -0.6911 -0.2755 -0.6682
vn -0.9208 -0.2332 0.3127
vn -0.1805 -0.0682 0.9812
vn 0.7514 0.1848 0.6334
vn 0.8959 0.2400 -0.3739
vn 0.1734 0.0808 -0.9815
vn -0.7241 -0.1444 -0.6744
vn -0.9616 -0.1289 0.2424
vn -0.1771 -0.0633 0.9822
vn 0.7294 0.0691 0.6806
vn 0.9621 0.1366 -0.2359
vn 0.2061 0.0762 -0.9756
vn -0.7092 -0.0482 -0.7033
vn -0.9138 -0.3638 0.1804
vn -0.2335 0.1864 0.9543
vn 0.5048 0.4625 0.7289
vn 0.9071 0.4198 -0.0322
vn 0.3736 -0.0995 -0.9222
vn -0.5045 -0.4545 -0.7341
vn -0.9113 -0.4017 0.0906
vn -0.1541 0.0639 0.9860
vn 0.5709 0.3386 0.7479
vn 0.9244 0.3800 0.0330
vn 0.2771 -0.0485 -0.9596
vn -0.5621 -0.3598 -0.7447
vn -0.6439 -0.6117 -0.4597
vn -0.6504 -0.7279 0.2171
vn 0.3723 0.4871 0.7900
vn 0.5288 -0.1821 -0.8290
vn 0.0355 -0.3085 -0.9506
vn -0.3182 -0.5010 -0.8048
vn -0.5139 -0.4445 -0.7337
vn -0.8973 -0.4133 0.1551
vn 0.8837 0.4671 0.0289
vn 0.3545 -0.0616 -0.9330
vn -0.1984 0.1666 0.9659
vn 0.5047 0.4537 0.7345
vn 0.3134 -0.0394 -0.9488
vn -0.6271 -0.2280 -0.7448
vn 0.6322 0.2363 0.7379
vn 0.9705 0.2263 -0.0827
vn -0.9566 -0.1864 0.2239
vn -0.1723 0.0738 0.9823
vn 0.1830 0.0490 -0.9819
vn -0.5749 -0.2271 -0.7860
vn 0.6425 0.1177 0.7572
vn 0.9856 0.1317 -0.1060
vn -0.9249 -0.3797 -0.0189
vn -0.1974 -0.2408 0.9503
vn -0.6156 -0.1991 -0.7625
vn -0.8213 -0.5487 0.1561
vn 0.7829 0.6110 -0.1172
vn 0.2513 0.3943 -0.8840
vn -0.3242 -0.3459 0.8805
vn 0.5142 0.2752 0.8123
vn -0.4618 -0.8867 -0.0220
vn -0.5828 -0.6344 0.5079
vn -0.5172 -0.0211 0.8556
vn 0.3203 0.9285 0.1882
vn 0.5475 0.4546 -0.7026
vn 0.0828 -0.5703 -0.8173
vn -0.6099 -0.7899 0.0637
vn -0.6303 -0.0862 0.7715
vn -0.0271 0.7114 0.7023
vn 0.6273 0.7716 -0.1053
vn 0.6096 0.0747 -0.7892
vn 0.0045 -0.6915 -0.7224
vn -0.6262 -0.7745 0.0896
vn -0.5209 -0.1154 0.8458
vn 0.1123 0.6691 0.7346
vn 0.6320 0.7653 -0.1218
vn 0.5048 0.1008 -0.8573
vn -0.1235 -0.6524 -0.7477
vn -0.6630 -0.7412 0.1055
vn -0.4055 -0.1649 0.8991
vn 0.2612 0.5877 0.7657
vn 0.6642 0.7347 -0.1379
vn 0.3943 0.1511 -0.9065
vn -0.2684 -0.5676 -0.7783
vn -0.7281 -0.5799 0.3655
vn -0.0557 0.0530 0.9970
vn 0.5524 0.5509 0.6256
vn 0.7386 0.6487 -0.1833
vn 0.1561 0.0459 -0.9867
vn -0.5725 -0.5524 -0.6059
vn -0.8454 -0.3478 0.4054
vn 0.0799 0.3215 0.9435
vn 0.7006 0.5104 0.4987
vn 0.9000 0.3647 -0.2386
vn 0.0876 -0.3113 -0.9463
vn -0.6804 -0.5542 -0.4795
vn -0.6002 -0.7935 0.1008
vn -0.5250 -0.3917 0.7556
vn 0.4851 0.7976 0.3586
vn 0.5277 -0.3785 -0.7604
vn -0.0998 -0.7948 -0.5986
vn -0.3804 -0.8762 -0.2958
vn -0.6605 -0.5501 -0.5110
vn -0.8055 -0.3866 0.4492
vn 0.8419 0.5040 -0.1929
vn 0.1405 -0.1616 -0.9768
vn 0.0700 0.3003 0.9513
vn 0.6516 0.5604 0.5113
vn 0.2286 -0.5688 -0.7901
vn -0.5321 -0.8457 -0.0400
vn 0.4940 0.8676 0.0578
vn 0.7093 0.3002 -0.6378
vn -0.7191 -0.3459 0.6027
vn -0.3241 0.5529 0.7676
vn 0.2144 0.2238 -0.9507
vn -0.4594 -0.4944 -0.7379
vn 0.4488 0.5129 0.7318
vn 0.6659 0.7295 -0.1565
vn -0.6693 -0.7106 0.2169
vn -0.1763 -0.1639 0.9706
vn -0.6649 -0.2117 0.7163
vn -0.0600 0.2859 0.9564
vn 0.8348 0.5435 -0.0877
vn 0.5407 0.1223 -0.8323
vn -0.5777 -0.5536 -0.5998
vn -0.8397 -0.5419 0.0342
vn -0.5775 -0.0241 0.8160
vn 0.3116 0.4779 0.8213
vn 0.8757 0.4817 -0.0345
vn 0.5594 0.0280 -0.8284
vn -0.3269 -0.4531 -0.8293
vn -0.8800 -0.4746 0.0179
vn -0.5932 0.0527 0.8033
vn 0.3300 0.4372 0.8366
vn 0.9209 0.3897 0.0094
vn 0.5518 -0.0609 -0.8318
vn -0.3549 -0.4258 -0.8323
vn -0.9256 -0.3762 -0.0424
vn -0.5568 0.0169 0.8305
vn 0.4009 0.4024 0.8230
vn 0.9274 0.3741 -0.0038
vn 0.5530 -0.0132 -0.8330
vn -0.3781 -0.3842 -0.8423
vn -0.9268 -0.3744 -0.0310
vn -0.2990 -0.2939 0.9079
vn 0.5297 0.5250 0.6662
vn 0.7213 0.6886 -0.0747
vn 0.4222 0.4082 -0.8094
vn -0.4246 -0.3763 -0.8235
vn -0.7236 -0.6876 0.0600
vn -0.2513 -0.4446 0.8597
vn 0.4526 0.5908 0.6679
vn 0.5799 0.8122 -0.0635
vn 0.3770 0.5564 -0.7405
vn -0.3400 -0.4936 -0.8005
vn -0.5459 -0.8357 0.0604
vn -0.1426 -0.9165 0.3737
vn 0.0924 -0.3178 0.9437
vn 0.2286 0.9734 0.0147
vn 0.0847 -0.4793 -0.8736
vn -0.1124 -0.8963 -0.4290
vn -0.1442 -0.9855 -0.0896
vn -0.6092 -0.7886 0.0839
vn -0.2107 -0.3568 0.9101
vn 0.3654 0.5515 -0.7499
vn -0.4001 -0.4103 -0.8195
vn 0.5190 0.6004 0.6085
vn 0.6039 0.7909 -0.0991
vn -0.4025 -0.3710 -0.8369
vn -0.8423 -0.5384 0.0266
vn 0.8419 0.5371 -0.0522
vn 0.4960 0.1944 -0.8463
vn -0.4436 -0.1504 0.8835
vn 0.4685 0.4398 0.7662
vn -0.7088 -0.3950 0.5845
vn -0.1448 -0.1051 0.9839
vn 0.5594 0.4014 0.7253
vn 0.6943 0.6023 -0.3939
vn -0.0854 0.1885 -0.9784
vn -0.8736 -0.3457 -0.3425
vn -0.6887 -0.1513 0.7091
vn 0.2154 0.1473 0.9654
vn 0.9065 0.3372 0.2543
vn 0.6588 0.1623 -0.7346
vn -0.2482 -0.1527 -0.9566
vn -0.9206 -0.2931 -0.2581
vn -0.7339 0.0436 0.6779
vn 0.2232 0.2048 0.9530
vn 0.9578 0.1695 0.2323
vn 0.6845 -0.0483 -0.7274
vn -0.2323 -0.1914 -0.9536
vn -0.9460 -0.1452 -0.2898
vn -0.7910 0.1223 0.5994
vn 0.2294 0.2024 0.9520
vn 0.9481 0.0794 0.3079
vn 0.7891 -0.1135 -0.6037
vn -0.1983 -0.1942 -0.9607
vn -0.9340 -0.0698 -0.3503
vn -0.7986 -0.1149 0.5908
vn 0.1931 0.4350 0.8795
vn 0.8058 0.4910 0.3312
vn 0.8544 0.1984 -0.4803
vn -0.0446 -0.3717 -0.9273
vn -0.8052 -0.4841 -0.3425
vn -0.8301 -0.1726 0.5302
vn 0.2534 0.3505 0.9016
vn 0.8461 0.4054 0.3459
vn 0.8906 0.1930 -0.4118
vn -0.1220 -0.3486 -0.9293
vn -0.8386 -0.4247 -0.3411
vn -0.8173 -0.5759 0.0203
vn -0.5650 -0.4933 0.6614
vn 0.6856 0.6055 0.4042
vn 0.1690 -0.4996 -0.8496
vn -0.3566 -0.5632 -0.7454
vn -0.6413 -0.6326 -0.4342
vn -0.8076 -0.4874 -0.3319
vn -0.7901 -0.1718 0.5885
vn 0.8583 0.2816 -0.4290
vn -0.0546 -0.3357 -0.9404
vn 0.2275 0.4194 0.8788
vn 0.8002 0.5012 0.3293
vn -0.0972 -0.3499 -0.9317
vn -0.8671 -0.3573 -0.3472
vn 0.8665 0.3633 0.3424
vn 0.8600 0.0707 -0.5054
vn -0.7998 -0.0058 0.6002
vn 0.2144 0.3753 0.9018
vn -0.2087 -0.2677 -0.9406
vn -0.8513 -0.3227 -0.4137
vn 0.8944 0.1977 0.4012
vn 0.8739 -0.0981 -0.4761
vn -0.8841 -0.1786 0.4318
vn 0.1720 0.0842 0.9815
vn -0.8487 -0.3182 -0.4224
vn -0.7354 -0.3493 0.5806
vn 0.7059 0.4192 -0.5709
vn -0.0764 0.0669 -0.9948
vn -0.0118 -0.0138 0.9998
vn 0.7708 0.4298 0.4703
vn -0.9206 -0.1425 -0.3636
vn 0.8350 -0.0630 -0.5467
vn 0.2475 0.2377 0.9393
vn -0.1662 -0.2305 -0.9588
vn 0.9293 0.1463 0.3392
vn -0.8009 0.0881 0.5923
vn 0.1973 -0.7310 -0.6532
vn -0.1911 0.1573 -0.9689
vn -0.3757 0.8302 -0.4117
vn -0.2578 0.8407 0.4761
vn 0.1222 0.0408 0.9917
vn 0.3803 -0.8304 0.4072
vn 0.7851 -0.3859 -0.4845
vn 0.0714 0.0716 -0.9949
vn -0.7088 0.4459 -0.5466
vn -0.8027 0.3953 0.4466
vn -0.0020 -0.0528 0.9986
vn 0.7541 -0.4314 0.4953
vn 0.8488 -0.5265 0.0480
vn 0.6279 0.1850 -0.7560
vn -0.1156 0.6207 -0.7755
vn -0.7871 0.5846 -0.1968
vn -0.6757 -0.1147 0.7282
vn 0.1660 -0.6253 0.7625
vn 0.8696 -0.4797 -0.1171
vn 0.6149 0.6921 -0.3779
vn -0.1086 0.9566 -0.2703
vn -0.7970 0.6038 0.0131
vn -0.7509 -0.5547 0.3583
vn 0.0977 -0.9631 0.2507
vn 0.3495 -0.8887 -0.2967
vn 0.8600 -0.0807 -0.5039
vn 0.0466 0.9963 0.0723
vn -0.9691 -0.1716 0.1773
vn -0.4828 -0.8757 0.0087
vn -0.1155 -0.9832 -0.1413
vn 0.0601 -0.9213 0.3843
vn 0.9036 -0.4284 0.0017
vn -0.7111 0.6905 -0.1328
vn -0.8451 -0.3997 0.3551
vn 0.6366 0.6452 -0.4225
vn -0.0393 0.9262 -0.3749
vn -0.2873 -0.0686 0.9554
vn 0.6040 -0.4190 0.6780
vn -0.5632 0.4494 -0.6935
vn -0.8962 0.4128 0.1627
vn 0.8872 -0.3603 -0.2883
vn 0.2066 0.1180 -0.9713
vn 0.4950 -0.7696 0.4033
vn 0.3285 -0.7557 -0.5666
vn -0.3103 0.7495 0.5847
vn 0.1794 -0.0355 0.9831
vn -0.1523 -0.0019 -0.9883
vn -0.4783 0.7698 -0.4226
vn 0.6725 -0.6202 0.4039
vn -0.5396 0.6217 0.5677
vn -0.1015 0.0062 -0.9948
vn 0.5379 -0.6066 -0.5854
vn 0.1410 -0.0101 0.9900
vn -0.6434 0.6186 -0.4511
vn 0.8862 -0.4463 0.1247
vn -0.8222 -0.2210 0.5245
vn -0.0410 0.7219 -0.6908
vn 0.0827 -0.7093 0.7000
vn -0.7285 0.6048 -0.3216
vn 0.6715 0.3791 -0.6367
vn -0.5212 -0.0715 0.8504
vn -0.2645 0.6120 -0.7453
vn 0.8286 -0.5413 -0.1432
vn 0.3025 -0.6121 0.7307
vn -0.7963 0.6046 -0.0180
vn 0.4397 0.1593 -0.8839
vn -0.9455 0.3161 -0.0785
vn -0.4787 0.0707 0.8751
vn -0.0579 -0.0825 0.9949
vn 0.4797 -0.2231 0.8486
vn 0.9230 -0.2162 -0.3183
vn -0.0963 0.1161 -0.9886
vn -0.4651 0.0230 -0.8849
vn -0.9815 0.1886 0.0324
vn -0.4672 0.1561 0.8703
vn 0.4636 -0.0127 0.8860
vn 0.9833 -0.1815 -0.0099
vn 0.4809 -0.1561 -0.8628
vn -0.6421 -0.3723 -0.6702
vn -0.9293 0.0197 0.3687
vn -0.3786 0.3108 0.8718
vn 0.4736 0.3904 0.7895
vn 0.9781 0.0674 -0.1970
vn 0.3680 -0.2952 -0.8817
vn -0.7529 -0.6224 -0.2141
vn -0.7944 0.5941 0.1264
vn -0.0938 0.9562 0.2772
vn 0.6566 0.7056 0.2663
vn 0.8585 -0.5096 -0.0564
vn 0.0788 -0.9599 -0.2691
vn -0.5421 -0.8394 -0.0387
vn -0.8883 -0.4592 0.0058
vn -0.0804 0.9916 0.1015
vn 0.9232 -0.3174 0.2165
vn 0.5325 -0.8400 0.1042
vn 0.0433 -0.9972 0.0610
vn 0.1341 -0.9070 -0.3992
vn -0.8075 -0.5086 -0.2989
vn 0.5619 0.7278 0.3931
vn 0.9325 -0.3469 -0.1005
vn -0.7521 0.6165 0.2329
vn -0.1307 0.9086 0.3967
vn 0.9975 0.0109 -0.0696
vn 0.4672 -0.1593 -0.8697
vn -0.4405 0.1729 0.8810
vn 0.4792 0.2019 0.8542
vn -0.5327 -0.1865 -0.8255
vn -0.9811 -0.0036 0.1936
vn 0.4723 -0.1363 -0.8708
vn -0.4611 0.0515 -0.8859
vn 0.4600 -0.0258 0.8875
vn 0.9812 -0.1900 -0.0351
vn -0.9804 0.1963 0.0147
vn -0.4848 0.1508 0.8615
vn -0.7339 -0.4325 -0.5238
vn 0.9622 -0.1528 -0.2255
vn -0.2573 0.6137 0.7465
vn 0.2425 -0.5991 -0.7631
vn 0.5210 0.5350 0.6651
vn -0.8626 0.3146 0.3962
vn -0.5041 0.0578 -0.8617
vn 0.9652 -0.1729 -0.1961
vn -0.3903 0.0840 0.9168
vn 0.3826 -0.1025 -0.9182
vn 0.5792 -0.1086 0.8080
vn -0.9731 0.2005 0.1138
vn -0.6764 -0.5328 -0.5085
vn -0.8760 0.3307 -0.3510
vn 0.1270 0.9252 0.3577
vn 0.9218 0.0678 0.3816
vn 0.4803 -0.8650 -0.1452
vn -0.2423 -0.8679 -0.4337
vn -0.4116 0.8903 0.1950
vn -0.8724 0.2457 -0.4225
vn 0.8835 -0.1453 0.4454
vn 0.4056 0.6964 0.5920
vn -0.4025 -0.6877 -0.6042
vn 0.4754 -0.8654 -0.1584
vn -0.9476 0.1095 -0.3001
vn -0.3369 0.8973 0.2852
vn 0.4265 0.7501 0.5054
vn 0.9343 0.0363 0.3545
vn 0.5090 -0.8303 -0.2267
vn -0.4131 -0.7537 -0.5111
vn -0.9651 -0.0758 -0.2508
vn -0.3983 0.7586 0.5156
vn 0.3781 0.6638 0.6453
vn 0.9248 0.1278 0.3583
vn 0.5021 -0.7520 -0.4272
vn -0.3896 -0.6901 -0.6098
vn -0.8461 -0.5007 -0.1828
vn -0.9292 0.2483 0.2739
vn 0.3759 0.7734 0.5105
vn 0.8457 -0.5290 0.0702
vn 0.1569 -0.9444 -0.2889
vn -0.3571 -0.8876 -0.2911
vn -0.4156 -0.7519 -0.5118
vn -0.9803 -0.0128 -0.1971
vn 0.9304 0.2210 0.2925
vn 0.5403 -0.7705 -0.3383
vn -0.3222 0.8553 0.4058
vn 0.4158 0.7596 0.5002
vn 0.5611 -0.8199 -0.1140
vn 0.2777 0.7713 0.5728
vn -0.8520 0.0476 -0.5213
vn -0.3079 -0.7459 -0.5907
vn 0.8678 -0.0702 0.4919
vn -0.5526 0.8322 0.0460
vn -0.7618 -0.1637 0.6269
vn 0.0860 0.3333 0.9389
vn 0.8159 0.4899 0.3072
vn 0.7717 0.1784 -0.6104
vn -0.0612 -0.3215 -0.9449
vn -0.8205 -0.4779 -0.3137
vn -0.7535 -0.1576 0.6382
vn 0.0630 0.3839 0.9212
vn 0.7850 0.5351 0.3123
vn 0.7799 0.1945 -0.5950
vn -0.0359 -0.3615 -0.9317
vn -0.7978 -0.5283 -0.2907
vn -0.7643 -0.0520 0.6427
vn 0.1452 0.5637 0.8131
vn 0.7799 0.5845 0.2240
vn 0.8264 0.1707 -0.5365
vn -0.0238 -0.5083 -0.8608
vn -0.7935 -0.5693 -0.2152
vn -0.7467 -0.1025 0.6572
vn 0.2349 0.7129 0.6607
vn 0.7357 0.6653 0.1274
vn 0.8408 0.2103 -0.4989
vn 0.0005 -0.6647 -0.7471
vn -0.6952 -0.7132 -0.0892
vn -0.3967 -0.7672 0.5040
vn -0.3687 0.1843 0.9111
vn 0.3459 0.9382 0.0077
vn 0.5909 -0.5473 -0.5928
vn 0.0817 -0.9555 -0.2835
vn -0.1643 -0.9825 0.0881
vn -0.7865 -0.5991 -0.1501
vn -0.7683 0.0299 0.6394
vn 0.8669 0.1860 -0.4624
vn -0.0039 -0.6129 -0.7902
vn 0.2532 0.6931 0.6750
vn 0.7790 0.6101 0.1451
vn 0.2472 -0.8238 -0.5102
vn -0.4206 -0.8784 -0.2270
vn 0.7328 0.6782 -0.0558
vn 0.7154 -0.4207 -0.5579
vn -0.9281 -0.2215 0.2993
vn -0.1847 0.8366 0.5158
vn 0.0946 -0.6361 -0.7658
vn 0.6925 0.6680 0.2725
vn -0.8452 -0.0400 0.5329
vn -0.6841 -0.6633 -0.3034
vn 0.8117 -0.0027 -0.5840
vn -0.0831 0.5776 0.8121
vn 0.1352 -0.4891 0.8617
vn 0.5018 0.4653 0.7292
vn 0.3376 0.9402 -0.0447
vn -0.3228 0.2764 -0.9052
vn -0.5330 -0.5829 -0.6132
vn -0.3881 -0.9194 0.0638
vn 0.1277 -0.4738 0.8713
vn 0.4657 0.4502 0.7618
vn 0.3306 0.9420 -0.0579
vn -0.1670 0.5020 -0.8486
vn -0.4960 -0.4353 -0.7513
vn -0.3616 -0.9283 0.0871
vn 0.1300 -0.5233 0.8422
vn 0.4242 0.4392 0.7920
vn 0.2956 0.9543 -0.0431
vn -0.1502 0.5184 -0.8419
vn -0.4444 -0.4282 -0.7869
vn -0.3070 -0.9513 0.0267
vn 0.2711 -0.5699 0.7757
vn 0.4127 0.4438 0.7954
vn 0.1662 0.9857 0.0288
vn -0.2719 0.5645 -0.7794
vn -0.4372 -0.4177 -0.7965
vn -0.1630 -0.9849 -0.0590
vn 0.6035 -0.5798 0.5474
vn 0.4132 0.5876 0.6957
vn -0.0895 0.9768 0.1946
vn -0.5547 0.6935 -0.4598
vn -0.5370 -0.4158 -0.7340
vn 0.0583 -0.9792 -0.1943
vn 0.5024 -0.6721 0.5439
vn 0.4605 0.5853 0.6674
vn 0.0152 0.9910 0.1330
vn -0.4095 0.7926 -0.4517
vn -0.4723 -0.4500 -0.7579
vn 0.0130 -0.9868 -0.1612
vn 0.4630 -0.8840 -0.0649
vn 0.7147 -0.3954 0.5770
vn -0.2166 0.9038 0.3692
vn -0.2207 -0.1811 -0.9584
vn 0.0454 -0.7037 -0.7091
vn 0.2395 -0.8523 -0.4649
vn 0.0619 -0.9845 -0.1642
vn 0.6067 -0.5739 0.5501
vn -0.5362 0.7551 -0.3771
vn -0.5502 -0.4323 -0.7144
vn 0.4250 0.6439 0.6362
vn -0.0845 0.9833 0.1610
vn -0.4673 -0.3993 -0.7888
vn 0.0010 -0.9869 -0.1615
vn -0.0142 0.9898 0.1417
vn -0.4499 0.6416 -0.6212
vn 0.4652 -0.5975 0.6531
vn 0.4001 0.4929 0.7727
vn 0.7804 -0.6085 0.1442
vn 0.7798 0.2543 -0.5720
vn -0.1269 0.8458 -0.5181
vn -0.8601 0.4772 0.1805
vn -0.6538 -0.2851 0.7009
vn 0.0103 -0.7239 0.6899
vn 0.5989 -0.7923 0.1167
vn 0.5535 -0.1090 -0.8257
vn 0.0205 0.5342 -0.8451
vn -0.5204 0.8079 -0.2765
vn -0.6185 0.2984 0.7269
vn -0.0254 -0.5122 0.8585
vn 0.5857 -0.7843 -0.2044
vn 0.5612 0.3604 -0.7451
vn 0.0496 0.8621 -0.5043
vn -0.4992 0.8664 0.0129
vn -0.6828 -0.1780 0.7086
vn -0.0885 -0.8791 0.4683
vn -0.1365 -0.9832 -0.1209
vn 0.4666 -0.6317 -0.6190
vn 0.3931 0.9037 -0.1699
vn -0.9353 -0.0923 0.3416
vn -0.7286 -0.6302 0.2682
vn -0.5103 -0.8519 0.1176
vn -0.0267 -0.7647 0.6438
vn 0.6381 -0.7597 -0.1257
vn -0.4876 0.8619 -0.1388
vn -0.6540 0.0416 0.7553
vn 0.5111 0.2561 -0.8205
vn 0.0129 0.7788 -0.6272
vn -0.7890 -0.0000 0.6144
vn 0.0942 -0.3699 0.9243
vn -0.1098 0.3749 -0.9205
vn -0.8480 0.3875 -0.3616
vn 0.8922 -0.3494 0.2860
vn 0.7280 0.0500 -0.6837
vn 0.1502 -0.3368 0.9295
vn -0.8633 0.4090 -0.2958
vn 0.7401 -0.0523 -0.6705
vn -0.7276 0.0479 0.6844
vn -0.1054 0.3456 -0.9324
vn 0.8739 -0.4009 0.2748
vn -0.7307 0.1462 0.6668
vn -0.0421 0.4751 -0.8789
vn 0.7628 -0.6034 0.2323
vn 0.0084 -0.4503 0.8928
vn -0.7262 0.6147 -0.3078
vn 0.6617 -0.0272 -0.7492
vn 0.6031 -0.7975 0.0167
vn -0.6130 0.2115 0.7612
vn 0.0096 0.6258 -0.7799
vn -0.0110 -0.6126 0.7903
vn -0.4779 0.8472 -0.2322
vn 0.5199 0.0005 -0.8542
vn -0.5672 -0.1422 -0.8112
vn -0.5151 0.5174 -0.6833
vn 0.1479 0.9858 0.0793
vn 0.5842 0.0130 0.8115
vn 0.1843 -0.9436 0.2750
vn -0.2889 -0.8462 -0.4477
vn -0.3708 -0.1270 -0.9200
vn -0.3091 0.8079 -0.5018
vn 0.0737 0.9084 0.4115
vn 0.3994 0.1129 0.9098
vn 0.3264 -0.8228 0.4653
vn -0.0554 -0.9040 -0.4240
vn -0.1191 0.0206 -0.9927
vn -0.2603 0.8726 -0.4133
vn -0.1276 0.8287 0.5449
vn 0.1637 -0.0539 0.9850
vn 0.2955 -0.8620 0.4118
vn 0.1611 -0.8494 -0.5026
vn -0.2761 0.0164 -0.9610
vn -0.1245 0.9410 -0.3146
vn 0.1292 0.8569 0.4990
vn 0.2976 0.1410 0.9442
vn 0.1692 -0.8924 0.4184
vn -0.1162 -0.8441 -0.5235
vn -0.1728 0.0224 -0.9847
vn -0.0928 0.9804 -0.1737
vn 0.0340 0.8063 0.5905
vn 0.1221 0.1263 0.9844
vn 0.0751 -0.9435 0.3229
vn -0.0601 -0.8063 -0.5885
vn -0.1923 -0.4969 -0.8462
vn -0.5407 0.2571 -0.8010
vn -0.0683 0.8907 0.4494
vn 0.0811 -0.5416 0.8367
vn 0.1871 -0.9452 0.2674
vn 0.0053 -0.9478 -0.3187
vn -0.1195 -0.8165 -0.5649
vn -0.2121 0.0500 -0.9760
vn 0.2336 0.1613 0.9589
vn 0.0892 -0.9149 0.3938
vn -0.0333 0.9729 -0.2288
vn 0.1361 0.8260 0.5470
vn 0.2597 -0.9228 0.2847
vn 0.1213 -0.8244 -0.5529
vn -0.2204 0.7598 0.6116
vn -0.0434 -0.0898 0.9950
vn -0.1608 -0.0918 -0.9827
vn -0.3650 0.8788 -0.3073
vn -0.1364 -0.9068 -0.3989
vn -0.4557 -0.2321 -0.8594
vn 0.4548 0.1975 0.8684
vn 0.3372 -0.8004 0.4956
vn -0.3666 0.7239 -0.5845
vn 0.1320 0.9340 0.3320
vn 0.2030 -0.8693 0.4508
vn 0.0326 -0.8798 -0.4742
vn 0.0066 0.9075 0.4201
vn 0.2171 0.0250 0.9758
vn -0.1888 -0.0540 -0.9805
vn -0.2071 0.8292 -0.5192
vn 0.3743 -0.8496 0.3716
vn 0.0649 -0.8381 -0.5416
vn -0.0519 0.8616 0.5050
vn 0.3178 0.0774 0.9450
vn -0.3128 0.0149 -0.9497
vn -0.3454 0.8783 -0.3306
vn 0.2188 -0.2927 -0.9308
vn -0.8693 0.1250 -0.4781
vn -0.8599 0.3626 0.3594
vn -0.4991 0.3817 0.7780
vn 0.0609 0.3170 0.9465
vn 0.9677 -0.2327 -0.0971
vn 0.3237 -0.2367 -0.9161
vn -0.6567 -0.2534 -0.7103
vn -0.9714 0.0129 0.2372
vn -0.2738 0.2593 0.9262
vn 0.6749 0.2665 0.6881
vn 0.9753 0.0354 -0.2181
vn 0.2872 -0.1207 -0.9502
vn -0.6316 -0.3284 -0.7023
vn -0.9474 -0.2014 0.2488
vn -0.2641 0.1471 0.9532
vn 0.6479 0.3385 0.6824
vn 0.9424 0.2184 -0.2532
vn 0.1457 0.1092 -0.9833
vn -0.7756 -0.1396 -0.6155
vn -0.9223 -0.2318 0.3092
vn -0.2027 -0.1158 0.9724
vn 0.7748 0.1452 0.6153
vn 0.9000 0.2581 -0.3514
vn -0.2145 0.1095 -0.9706
vn -0.9995 0.0265 -0.0187
vn -0.6820 -0.0087 0.7313
vn 0.0923 -0.0373 0.9950
vn 0.9639 -0.0845 0.2523
vn 0.7064 0.0207 -0.7075
vn -0.5997 -0.5308 -0.5988
vn -0.9042 0.2558 0.3420
vn -0.3761 0.5969 0.7087
vn 0.3389 0.5749 0.7447
vn 0.9882 -0.1325 -0.0765
vn 0.3754 -0.6330 -0.6770
vn -0.0696 -0.9874 -0.1420
vn -0.6905 -0.7233 0.0066
vn -0.3628 0.9298 0.0616
vn 0.8640 -0.2625 0.4296
vn 0.7263 -0.6765 0.1218
vn 0.3977 -0.9175 -0.0035
vn 0.5178 -0.2902 -0.8048
vn -0.5247 -0.2688 -0.8078
vn 0.2766 0.3531 0.8937
vn 0.9994 -0.0341 -0.0115
vn -0.9396 0.1185 0.3212
vn -0.5106 0.3223 0.7971
vn 0.9083 -0.0551 0.4146
vn 0.8215 0.1851 -0.5394
vn -0.8318 -0.1618 0.5310
vn -0.0711 -0.2313 0.9703
vn -0.0270 0.2373 -0.9711
vn -0.9384 0.0341 -0.3439
vn 0.9402 -0.3399 -0.0227
vn 0.3618 -0.8386 -0.4072
vn -0.3478 0.7546 0.5565
vn 0.5004 0.5396 0.6771
vn -0.5047 -0.7153 -0.4834
vn -0.9610 0.2229 0.1639
vn 0.9690 -0.1685 -0.1808
vn 0.3582 -0.2935 -0.8863
vn -0.3164 0.3249 0.8913
vn 0.6803 0.1293 0.7214
vn -0.6621 -0.0815 -0.7450
vn -0.9486 0.2370 0.2099
vn 0.7991 -0.5294 0.2847
vn 0.7614 0.2677 -0.5905
vn -0.2121 0.7801 -0.5886
vn -0.8992 0.4061 0.1628
vn -0.6858 -0.2165 0.6948
vn -0.0413 -0.6099 0.7914
vn 0.7618 -0.6476 -0.0177
vn 0.6902 0.3475 -0.6347
vn 0.0151 0.8190 -0.5736
vn -0.6759 0.7303 -0.0993
vn -0.7856 -0.1367 0.6035
vn -0.0401 -0.8150 0.5781
vn 0.6762 -0.5873 -0.4449
vn 0.6343 0.6821 -0.3640
vn 0.0280 0.9996 -0.0008
vn -0.5945 0.7175 0.3631
vn -0.7385 -0.5457 0.3960
vn -0.0518 -0.9983 -0.0275
vn -0.0076 -0.8520 -0.5235
vn 0.6044 -0.2919 -0.7413
vn 0.2842 0.9157 0.2841
vn -0.9368 -0.3330 0.1074
vn -0.6500 -0.7466 -0.1417
vn -0.3991 -0.8583 -0.3226
vn -0.0774 -0.9928 0.0914
vn 0.6924 -0.6055 -0.3923
vn -0.5192 0.8081 0.2782
vn -0.7700 -0.3784 0.5137
vn 0.6309 0.6451 -0.4310
vn 0.0551 0.9957 -0.0739
vn -0.7932 -0.2561 0.5525
vn 0.0958 -0.6462 0.7571
vn -0.1217 0.6448 -0.7546
vn -0.8678 0.4233 -0.2604
vn 0.9124 -0.3601 0.1943
vn 0.7176 0.3426 -0.6063
vn 0.1512 -0.4765 0.8661
vn -0.9083 0.2978 -0.2937
vn 0.7472 0.2790 -0.6031
vn -0.7612 -0.2269 0.6076
vn -0.1362 0.5107 -0.8489
vn 0.9287 -0.2317 0.2894
vn -0.7866 -0.2273 0.5741
vn -0.0466 0.7363 -0.6751
vn 0.8426 -0.5236 0.1256
vn 0.0342 -0.7294 0.6833
vn -0.7988 0.5703 -0.1915
vn 0.7225 0.3210 -0.6123
vn 0.6825 -0.6866 -0.2504
vn -0.7750 -0.2153 0.5942
vn 0.0644 0.9491 -0.3082
vn -0.0891 -0.9432 0.3201
vn -0.5427 0.8318 0.1168
vn 0.6657 0.4829 -0.5690
vn 0.1047 -0.5387 0.8360
vn -0.8808 0.4543 -0.1334
vn 0.7800 0.2467 -0.5751
vn -0.7101 -0.1864 0.6790
vn -0.0724 0.6248 -0.7774
vn 0.8985 -0.3438 0.2730
vn -0.7571 -0.1981 0.6225
vn -0.2732 0.6811 0.6793
vn 0.3738 0.9125 0.1662
vn 0.7471 0.4253 -0.5108
vn 0.3855 -0.5517 -0.7396
vn -0.4287 -0.8939 -0.1308
vn -0.8295 -0.1977 0.5223
vn -0.1293 0.5514 0.8241
vn 0.6847 0.6955 0.2179
vn 0.8111 0.2074 -0.5469
vn 0.1406 -0.5389 -0.8305
vn -0.6747 -0.6964 -0.2444
vn -0.3305 -0.3075 0.8923
vn 0.2562 0.7299 0.6337
vn 0.4430 0.8828 -0.1561
vn 0.3478 0.4468 -0.8243
vn -0.1294 -0.5941 -0.7939
vn -0.4843 -0.8671 0.1169
vn 0.3848 -0.4776 0.7898
vn 0.1707 0.7463 0.6434
vn -0.1647 0.9829 -0.0820
vn -0.3598 0.6141 -0.7024
vn -0.1580 -0.6516 -0.7419
vn 0.1795 -0.9797 0.0890
vn 0.5124 -0.6506 0.5605
vn 0.4785 -0.2337 0.8464
vn -0.3442 0.9387 -0.0164
vn 0.0408 -0.3539 -0.9344
vn 0.3211 -0.8122 -0.4870
vn 0.5006 -0.8657 0.0009
vn 0.1151 -0.9855 0.1247
vn 0.4010 -0.3230 0.8573
vn -0.3507 0.6107 -0.7100
vn -0.2952 -0.6249 -0.7228
vn 0.1606 0.8455 0.5093
vn -0.1330 0.9832 -0.1247
vn -0.6285 -0.7420 -0.2331
vn -0.8597 -0.1598 0.4851
vn 0.8410 0.1560 -0.5181
vn 0.2025 -0.6148 -0.7622
vn -0.2221 0.6334 0.7413
vn 0.6366 0.7441 0.2023
vn -0.0397 -0.5576 -0.8291
vn -0.6900 -0.7190 -0.0829
vn 0.6799 0.7323 0.0379
vn 0.6592 0.2876 -0.6948
vn -0.6744 -0.2518 0.6941
vn 0.1461 0.5906 0.7936
vn 0.1381 -0.3446 0.9285
vn -0.2644 -0.6230 -0.7362
vn 0.1086 0.9745 -0.1964
vn -0.1430 -0.9743 0.1740
vn -0.1022 0.5355 -0.8383
vn 0.2452 0.8206 0.5162
vn -0.7754 -0.2593 0.5757
vn 0.3678 -0.6796 -0.6347
vn 0.3621 0.9308 0.0500
vn -0.3832 -0.9221 -0.0538
vn 0.7507 0.2833 -0.5968
vn -0.3810 0.6792 0.6273
vn -0.4662 -0.8784 -0.1051
vn 0.8166 0.1837 -0.5472
vn -0.3778 0.6895 0.6179
vn -0.8225 -0.2300 0.5202
vn 0.3243 -0.7047 -0.6310
vn 0.4444 0.8925 0.0772
vn 0.9515 -0.2961 0.0839
vn 0.5460 0.8005 -0.2473
vn -0.4304 0.8899 -0.1509
vn -0.9549 0.0115 0.2966
vn -0.3486 -0.8232 0.4482
vn 0.3388 -0.8841 0.3219
vn 0.3332 0.8667 -0.3712
vn 0.9740 0.2248 0.0282
vn -0.9847 -0.1728 -0.0229
vn -0.6058 0.6886 -0.3986
vn 0.6282 -0.6458 0.4341
vn -0.3494 -0.8464 0.4020
vn 0.9175 0.2765 0.2859
vn 0.3709 0.5444 -0.7524
vn -0.4278 0.2420 -0.8709
vn -0.9138 -0.2134 -0.3455
vn -0.5006 -0.5389 0.6775
vn 0.3899 -0.2711 0.8801
vn 0.9491 -0.3025 0.0878
vn 0.4495 0.4778 -0.7547
vn -0.2658 0.6191 -0.7389
vn -0.8641 0.3801 -0.3300
vn -0.6703 -0.4100 0.6186
vn 0.2896 -0.6729 0.6807
vn 0.5887 -0.8080 -0.0249
vn 0.8452 -0.0662 -0.5303
vn -0.1064 0.8761 -0.4703
vn -0.9884 -0.0969 0.1165
vn -0.5306 -0.7705 0.3533
vn -0.0394 -0.9717 0.2329
vn 0.3909 -0.4589 0.7979
vn 0.9751 -0.0246 0.2202
vn -0.7989 0.2628 -0.5411
vn -0.7741 -0.4043 0.4871
vn 0.4238 0.4873 -0.7636
vn -0.3275 0.4853 -0.8107
vn -0.3782 -0.8091 0.4498
vn -0.5009 0.8110 -0.3023
vn 0.9977 0.0478 0.0474
vn 0.5067 -0.7643 0.3989
vn -0.9911 -0.0493 0.1234
vn 0.4438 0.8328 -0.3308
vn 0.3305 0.8202 -0.4669
vn 0.5553 -0.5359 0.6360
vn -0.9523 -0.2299 -0.2006
vn -0.3714 -0.7872 0.4923
vn -0.5694 0.5335 -0.6254
vn 0.9524 0.2508 0.1734
vn 0.9363 0.2142 0.2784
vn -0.6675 -0.4407 0.6002
vn -0.3610 0.2205 -0.9061
vn 0.3864 -0.1891 0.9027
vn -0.8271 -0.0598 -0.5589
vn 0.4256 0.4265 -0.7981
vn 0.5110 -0.7801 0.3611
vn 0.9613 0.0572 0.2696
vn 0.4828 0.8660 -0.1299
vn -0.6107 0.6784 -0.4085
vn -0.8530 -0.5128 0.0972
vn -0.1706 -0.9464 0.2741
vn 0.1454 -0.7855 0.6016
vn 0.9501 0.0172 0.3115
vn 0.7502 0.6279 -0.2071
vn 0.0174 0.8154 -0.5786
vn -0.8984 0.1952 -0.3934
vn -0.7639 -0.6174 0.1880
vn 0.4830 -0.8145 0.3214
vn 0.8075 0.4119 0.4223
vn 0.3365 0.9363 0.1005
vn -0.3362 0.8989 -0.2809
vn -0.8366 -0.2521 -0.4864
vn -0.3231 -0.9367 -0.1350
vn 0.1578 -0.9306 -0.3302
vn 0.7938 -0.5929 0.1356
vn 0.1861 0.8700 0.4566
vn -0.6155 -0.0781 -0.7843
vn -0.4135 -0.5937 -0.6903
vn -0.1868 -0.7996 -0.5708
vn -0.4320 -0.8965 -0.0981
vn 0.4405 -0.8224 0.3600
vn -0.2025 0.9467 -0.2506
vn -0.8947 -0.0583 -0.4428
vn 0.8500 0.3613 0.3835
vn 0.4084 0.9086 0.0876
vn -0.9189 0.0341 -0.3931
vn -0.7610 -0.4714 0.4458
vn 0.7395 0.4761 -0.4759
vn -0.0919 0.5156 -0.8519
vn 0.1853 -0.4854 0.8544
vn 0.9501 0.0517 0.3076
vn -0.5600 -0.3788 0.7368
vn -0.4283 0.4309 -0.7943
vn 0.9895 0.1204 0.0805
vn -0.9974 -0.0190 -0.0698
vn 0.5232 0.4837 -0.7016
vn 0.4408 -0.3226 0.8377
vn -0.9036 0.1024 -0.4159
vn 0.7804 0.5389 -0.3172
vn 0.1020 -0.6513 0.7519
vn -0.7907 -0.5275 0.3106
vn -0.0123 0.6690 -0.7432
vn 0.9371 -0.0093 0.3488
vn 0.2915 -0.8618 0.4152
vn -0.9114 0.1165 -0.3948
vn 0.5930 0.8049 -0.0235
vn -0.6120 -0.7908 0.0084
vn -0.0706 0.9345 -0.3488
vn 0.9281 0.1665 0.3331
vn -0.3445 -0.6993 0.6263
vn -0.6886 0.4894 -0.5351
vn 0.9410 0.3307 0.0723
vn -0.9761 -0.1763 0.1272
vn 0.2312 0.7882 -0.5704
vn 0.5709 -0.5065 0.6462
vn 0.9764 0.2100 -0.0496
vn -0.9144 -0.4019 -0.0494
vn -0.3586 -0.2377 0.9027
vn 0.4594 0.2901 -0.8395
vn -0.6054 0.0178 -0.7957
vn 0.5325 0.1522 0.8327
vn 0.2495 0.1709 -0.9532
vn 0.7086 -0.3896 0.5883
vn -0.9164 0.2211 0.3338
vn 0.8769 0.4676 0.1110
vn 0.3273 0.2259 -0.9175
vn -0.4982 -0.2441 0.8320
vn 0.7082 -0.2094 0.6742
vn -0.4595 -0.2435 -0.8542
vn -0.9777 -0.0154 0.2093
vn 0.4708 -0.1033 -0.8762
vn -0.4522 -0.0417 -0.8910
vn 0.0733 -0.2824 0.9565
vn 0.9601 0.2463 0.1323
vn -0.8374 0.4267 0.3416
vn -0.5838 -0.1730 0.7933
vn 0.5933 -0.7470 -0.2999
vn 0.1534 -0.3361 -0.9293
vn -0.3985 0.1933 0.8966
vn 0.0953 -0.3398 0.9356
vn -0.2976 0.2574 -0.9193
vn -0.7494 0.6054 0.2683
vn 0.5980 0.1075 -0.7943
vn -0.3772 0.4218 -0.8245
vn 0.0959 -0.2665 0.9590
vn 0.8525 -0.5215 -0.0354
vn -0.9755 0.1396 0.1701
vn -0.4795 0.0993 0.8719
vn -0.7942 0.4344 -0.4250
vn 0.9263 -0.0203 -0.3762
vn -0.0379 -0.1350 0.9901
vn -0.4128 0.3032 -0.8589
vn 0.9839 -0.1588 0.0826
vn -0.6182 -0.0927 0.7806
vn 0.5482 0.1624 -0.8204
vn 0.3394 0.0585 0.9388
vn -0.9800 -0.1983 -0.0166
vn -0.8891 -0.4479 -0.0939
vn 0.4908 0.2488 -0.8350
vn 0.4438 0.2453 0.8619
vn 0.9199 0.3879 0.0574
vn -0.4318 -0.2494 0.8668
vn -0.5230 -0.1597 -0.8372
vn 0.9765 0.0019 -0.2153
vn -0.2515 -0.2233 0.9418
vn -0.6595 0.2128 -0.7210
vn 0.4103 0.2666 -0.8721
vn 0.6286 -0.0190 0.7775
vn -0.9728 -0.2264 0.0496
vn 0.1253 0.2207 -0.9672
vn 0.7514 -0.3050 0.5851
vn -0.8566 0.2816 0.4324
vn -0.6837 0.3948 -0.6137
vn 0.9164 -0.2210 -0.3337
vn -0.2131 -0.1756 0.9611
vn -0.7613 0.4228 -0.4915
vn 0.9078 -0.1608 -0.3874
vn -0.1312 -0.0802 0.9881
vn 0.0104 0.3010 -0.9536
vn 0.6984 -0.2915 0.6536
vn -0.7799 0.3457 0.5218
vn -0.8715 -0.4903 -0.0112
vn -0.4520 -0.2049 0.8682
vn 0.4191 0.3228 -0.8486
vn -0.4751 -0.1490 -0.8672
vn 0.4570 0.2339 0.8582
vn 0.9166 0.3999 0.0008
vn -0.5037 -0.0306 -0.8633
vn -0.8165 -0.5767 -0.0282
vn 0.8439 0.5332 0.0588
vn 0.3743 0.3970 -0.8380
vn -0.3549 -0.4454 0.8220
vn 0.4452 0.2455 0.8611
vn -0.8801 -0.4733 -0.0361
vn -0.4278 -0.3293 0.8418
vn 0.4553 0.3504 -0.8185
vn -0.4468 -0.1329 -0.8847
vn 0.4503 0.1453 0.8810
vn 0.8787 0.4727 0.0668
vn -0.4267 -0.2962 -0.8545
vn -0.8767 -0.4805 0.0221
vn 0.8630 0.5051 0.0118
vn 0.5145 0.2452 -0.8217
vn -0.4559 -0.1795 0.8717
vn 0.4583 0.3330 0.8241
vn -0.6479 -0.7580 0.0751
vn -0.4644 -0.0253 0.8853
vn 0.3409 0.5999 -0.7238
vn -0.3816 -0.4601 -0.8017
vn 0.6721 0.5101 0.5367
vn 0.8498 0.5127 -0.1223
vn -0.4087 -0.4613 -0.7875
vn -0.2049 -0.9510 -0.2317
vn 0.4447 0.8934 0.0634
vn 0.0820 0.7793 -0.6213
vn 0.1312 -0.8264 0.5476
vn 0.6132 0.4781 0.6288
vn -0.7937 -0.5936 0.1331
vn -0.1265 -0.4589 0.8794
vn 0.4877 0.3206 -0.8120
vn -0.5096 -0.2932 -0.8089
vn 0.6104 0.5252 0.5930
vn 0.6534 0.7477 -0.1180
vn -0.9256 -0.3784 0.0002
vn -0.4187 -0.2840 0.8626
vn 0.4532 0.2425 -0.8578
vn -0.4523 -0.1797 -0.8736
vn 0.4762 0.1885 0.8589
vn 0.8559 0.5171 0.0010
vn -0.4476 -0.1979 -0.8721
vn -0.8330 -0.5512 -0.0480
vn 0.7963 0.6047 0.0111
vn 0.3291 0.4832 -0.8113
vn -0.3849 -0.3696 0.8458
vn 0.4811 0.1535 0.8631
vn -0.4882 -0.0889 -0.8682
vn 0.7946 0.6065 0.0262
vn -0.3570 -0.4453 0.8211
vn -0.8578 -0.5135 -0.0219
vn 0.3582 0.5008 -0.7880
vn 0.4926 0.0630 0.8680
vn -0.3527 -0.1644 0.9212
vn -0.4238 -0.4020 -0.8117
vn 0.7810 0.5980 -0.1800
vn -0.8615 -0.4968 0.1051
vn 0.5859 0.1568 -0.7951
vn 0.5202 0.5318 0.6683
vn -0.0320 -0.3064 -0.9514
vn -0.8298 -0.3943 -0.3949
vn 0.8654 0.3312 0.3759
vn 0.8438 -0.0784 -0.5309
vn -0.8363 0.0114 0.5481
vn -0.0260 0.4912 0.8707
vn 0.8188 -0.0096 -0.5741
vn -0.0627 -0.2389 -0.9690
vn 0.0348 0.3310 0.9430
vn 0.8596 0.3509 0.3713
vn -0.8785 -0.2994 -0.3723
vn -0.8049 -0.0786 0.5882
vn -0.0299 -0.4266 -0.9039
vn -0.8667 -0.2784 -0.4140
vn 0.8493 0.2988 0.4351
vn 0.8649 -0.1417 -0.4816
vn -0.8494 0.1558 0.5042
vn 0.0269 0.4378 0.8987
vn 0.8948 -0.1381 -0.4247
vn 0.0121 -0.5573 -0.8302
vn 0.0152 0.5748 0.8182
vn 0.7701 0.4568 0.4453
vn -0.8305 -0.3972 -0.3906
vn -0.8276 0.2144 0.5187
vn 0.4170 -0.7897 -0.4500
vn -0.7657 -0.5981 -0.2368
vn 0.1725 0.9835 0.0537
vn 0.8993 -0.0641 -0.4326
vn -0.7628 0.2161 0.6094
vn -0.0987 0.7260 0.6806
vn 0.7923 -0.2359 -0.5627
vn 0.4663 -0.8333 -0.2969
vn -0.3463 0.8101 0.4731
vn 0.2831 0.9587 -0.0279
vn -0.1089 -0.9939 0.0172
vn -0.7527 0.0171 0.6581
vn 0.2796 -0.7823 -0.5566
vn -0.3823 -0.9145 0.1323
vn 0.3957 0.9004 0.1811
vn 0.8034 0.1037 -0.5864
vn -0.7592 0.2555 0.5986
vn -0.4162 0.7928 0.4453
vn 0.0149 -0.4603 -0.8876
vn -0.8553 -0.3150 -0.4114
vn 0.8317 0.4126 0.3715
vn 0.8181 0.0053 -0.5750
vn -0.8574 0.0914 0.5065
vn 0.0312 0.3391 0.9402
vn 0.7938 0.0984 -0.6001
vn -0.0668 -0.3177 -0.9458
vn 0.0591 0.2621 0.9632
vn 0.8622 0.3207 0.3921
vn -0.8612 -0.3301 -0.3866
vn -0.8230 0.0240 0.5676
vn -0.5974 -0.8016 -0.0222
vn 0.8505 0.0442 -0.5241
vn -0.2742 0.7916 0.5461
vn 0.1312 -0.7072 -0.6948
vn 0.6123 0.7100 0.3479
vn -0.7645 0.2773 0.5820
vn -0.3430 -0.6659 0.6625
vn 0.6481 -0.5087 0.5667
vn -0.6819 0.3638 -0.6345
vn -0.8988 -0.4142 -0.1436
vn 0.9587 0.2733 0.0783
vn 0.2136 0.8940 -0.3939
vn -0.9736 -0.1635 0.1590
vn -0.3125 -0.4616 0.8302
vn 0.3318 0.4809 -0.8115
vn -0.6801 0.3085 -0.6650
vn 0.6400 -0.3037 0.7058
vn 0.9854 0.1477 -0.0843
vn -0.2563 -0.4930 0.8314
vn 0.6636 -0.1356 0.7357
vn -0.6540 0.1613 -0.7391
vn -0.9293 -0.3559 0.0984
vn 0.9348 0.3470 -0.0752
vn 0.2948 0.5061 -0.8106
vn -0.8325 -0.5485 -0.0782
vn -0.2443 -0.5247 0.8155
vn 0.2421 0.6294 -0.7384
vn -0.5789 0.0606 -0.8132
vn 0.5869 -0.0460 0.8084
vn 0.8512 0.5234 -0.0397
vn 0.0192 -0.8370 0.5468
vn 0.6387 -0.1579 0.7531
vn -0.6759 0.4792 -0.5599
vn -0.8426 -0.5332 -0.0752
vn 0.5727 0.7564 -0.3161
vn 0.1548 0.7048 -0.6923
vn -0.5430 -0.8350 -0.0887
vn 0.2334 -0.9723 0.0131
vn -0.1814 0.9412 -0.2852
vn -0.7833 0.5219 -0.3377
vn 0.8437 -0.5220 0.1254
vn 0.5731 0.8069 -0.1431
vn -0.1821 -0.7015 0.6890
vn 0.8517 -0.2433 0.4641
vn -0.5044 0.3328 -0.7968
vn -0.8161 -0.5731 0.0744
vn 0.7449 0.6526 -0.1387
vn -0.0465 0.8336 -0.5504
vn -0.8585 -0.5126 0.0171
vn -0.2442 -0.6170 0.7481
vn 0.2656 0.5487 -0.7927
vn -0.5026 0.1640 -0.8488
vn 0.6144 -0.0057 0.7890
vn 0.7932 0.6075 -0.0426
vn -0.2436 -0.8810 0.4056
vn 0.5842 -0.4104 0.7002
vn -0.6684 0.4978 -0.5527
vn -0.9517 -0.3068 0.0138
vn 0.8977 0.4098 0.1619
vn 0.2982 0.7227 -0.6236
vn -0.0371 -0.7240 -0.6888
vn -0.8156 -0.5564 -0.1588
vn 0.7848 0.5939 0.1775
vn 0.8255 -0.1241 -0.5505
vn -0.8232 0.1922 0.5343
vn 0.0306 0.7350 0.6774
vn 0.7754 -0.1803 -0.6052
vn -0.0803 -0.6351 -0.7683
vn 0.0833 0.6617 0.7452
vn 0.8785 0.4578 0.1366
vn -0.8661 -0.4625 -0.1894
vn -0.8052 0.1757 0.5664
vn -0.0970 -0.5635 -0.8204
vn -0.8825 -0.4196 -0.2127
vn 0.8896 0.4171 0.1861
vn 0.7708 -0.1522 -0.6186
vn -0.7750 0.1578 0.6120
vn 0.1139 0.5782 0.8079
vn 0.8199 -0.2562 -0.5120
vn -0.0853 -0.6357 -0.7672
vn 0.0100 0.8039 0.5947
vn 0.8507 0.4830 0.2073
vn -0.8443 -0.5274 -0.0944
vn -0.7511 0.2334 0.6175
vn 0.0605 -0.9298 -0.3630
vn -0.8140 -0.5808 -0.0112
vn 0.5935 0.7995 0.0927
vn 0.8425 -0.3043 -0.4445
vn -0.6710 0.5791 0.4630
vn -0.0405 0.8990 0.4361
vn 0.8164 -0.5105 -0.2700
vn 0.2472 -0.9646 -0.0922
vn -0.1417 0.9462 0.2910
vn 0.5886 0.8078 0.0319
vn -0.5500 -0.8261 0.1231
vn -0.7233 0.5536 0.4128
vn 0.0380 -0.8954 -0.4437
vn -0.7835 -0.6188 0.0570
vn 0.6562 0.7448 0.1215
vn 0.8479 -0.3185 -0.4239
vn -0.7064 0.5212 0.4789
vn -0.0488 0.9284 0.3683
vn 0.7834 -0.1820 -0.5943
vn -0.0082 -0.7998 -0.6002
vn 0.0915 0.6455 0.7583
vn 0.7527 0.6343 0.1766
vn -0.8781 -0.4454 -0.1748
vn -0.7362 0.3923 0.5514
vn -0.6342 -0.2665 -0.7258
vn -0.8189 -0.5605 0.1234
vn 0.8157 0.5338 -0.2229
vn 0.2049 0.5132 -0.8334
vn -0.2671 -0.2325 0.9352
vn 0.4886 0.2289 0.8419
vn 0.1377 0.0755 -0.9876
vn -0.7225 -0.2220 -0.6548
vn 0.7311 0.2660 0.6283
vn 0.8594 0.3190 -0.3996
vn -0.8871 -0.3111 0.3411
vn -0.1583 -0.0720 0.9848
vn -0.7178 -0.0801 -0.6916
vn -0.9461 -0.1731 0.2737
vn 0.9336 0.1814 -0.3091
vn 0.1950 0.0869 -0.9770
vn -0.1862 -0.0738 0.9797
vn 0.7476 0.1105 0.6549
vn 0.3551 -0.0907 -0.9304
vn -0.6845 -0.0884 -0.7236
vn 0.5564 0.3813 0.7383
vn 0.9782 0.1398 -0.1533
vn -0.9381 -0.2843 0.1977
vn -0.1635 -0.0172 0.9864
vn -0.5444 -0.3927 -0.7412
vn -0.8968 -0.4085 0.1702
vn 0.8997 0.4331 0.0542
vn 0.3714 -0.0854 -0.9245
vn -0.1611 0.1281 0.9786
vn 0.4873 0.4838 0.7270
vn 0.1498 -0.0977 -0.9839
vn -0.5629 -0.3410 -0.7529
vn 0.5634 0.2707 0.7806
vn 0.9624 0.2691 -0.0373
vn -0.8456 -0.5015 -0.1830
vn -0.1751 -0.0752 0.9817
vn -0.4923 -0.4757 -0.7290
vn -0.9075 -0.3963 0.1391
vn 0.8857 0.4642 -0.0043
vn 0.3297 -0.0381 -0.9433
vn -0.2252 0.1884 0.9559
vn 0.5394 0.3967 0.7427
vn 0.2494 0.0318 -0.9679
vn -0.5537 -0.3754 -0.7433
vn 0.6945 0.1025 0.7121
vn 0.9400 0.3372 -0.0520
vn -0.9646 -0.1242 0.2328
vn -0.2128 0.1544 0.9648
vn 0.1942 -0.0692 -0.9785
vn -0.3962 -0.4144 -0.8193
vn 0.6102 0.2364 0.7561
vn 0.9468 0.2916 0.1359
vn -0.9055 -0.4244 -0.0043
vn -0.1011 -0.0984 0.9900
vn -0.6537 -0.1235 -0.7466
vn -0.8345 -0.5027 0.2256
vn 0.7432 0.6663 -0.0617
vn 0.2198 0.2464 -0.9439
vn -0.3290 -0.4197 0.8459
vn 0.5787 0.3250 0.7480
vn 0.1364 -0.6605 -0.7383
vn -0.4604 -0.8842 -0.0783
vn 0.5916 0.8054 -0.0371
vn 0.6437 0.4560 -0.6145
vn -0.7108 -0.1730 0.6818
vn -0.3886 0.4121 0.8241
vn 0.5454 0.0744 -0.8349
vn -0.0732 -0.6808 -0.7288
vn 0.0572 0.7007 0.7111
vn 0.6273 0.7688 -0.1244
vn -0.6191 -0.7806 0.0863
vn -0.5660 -0.0861 0.8199
vn -0.1810 -0.6179 -0.7652
vn -0.6400 -0.7626 0.0941
vn 0.6459 0.7532 -0.1243
vn 0.4617 0.1243 -0.8783
vn -0.4734 -0.1401 0.8696
vn 0.1743 0.6333 0.7540
vn 0.1656 0.1683 -0.9717
vn -0.3749 -0.5103 -0.7740
vn 0.4983 0.5314 0.6850
vn 0.6729 0.7240 -0.1519
vn -0.6745 -0.6762 0.2964
vn -0.2980 -0.1842 0.9366
vn -0.6705 -0.5669 -0.4786
vn -0.7809 -0.4683 0.4135
vn 0.8672 0.4615 -0.1869
vn 0.1532 -0.0712 -0.9856
vn 0.1090 0.3641 0.9250
vn 0.6123 0.5544 0.5637
vn 0.0102 -0.5783 -0.8158
vn -0.5115 -0.7972 -0.3207
vn 0.6243 0.6454 0.4402
vn 0.8600 0.4376 -0.2624
vn -0.7558 -0.5772 0.3092
vn 0.0307 0.4084 0.9123
vn -0.6252 -0.5471 -0.5566
vn -0.8191 -0.3433 0.4596
vn 0.8036 0.5622 -0.1955
vn 0.1337 -0.2450 -0.9603
vn 0.0055 0.1912 0.9815
vn 0.6695 0.5641 0.4833
vn 0.2220 -0.4708 -0.8538
vn -0.5843 -0.8115 0.0137
vn 0.4068 0.9044 0.1285
vn 0.6937 0.1456 -0.7054
vn -0.6456 -0.5098 0.5686
vn -0.1784 0.6723 0.7184
vn 0.3004 0.1958 -0.9335
vn -0.5152 -0.5314 -0.6724
vn 0.3691 0.5337 0.7609
vn 0.6780 0.7157 -0.1676
vn -0.6795 -0.7194 0.1440
vn -0.0997 -0.0818 0.9917
vn -0.8504 -0.5252 0.0307
vn -0.5705 -0.0834 0.8170
vn 0.6077 0.1257 -0.7841
vn -0.2653 -0.4273 -0.8643
vn 0.3444 0.5037 0.7922
vn 0.8581 0.5074 -0.0789
vn -0.3519 -0.4455 -0.8232
vn -0.9068 -0.4214 -0.0130
vn 0.8967 0.4424 -0.0117
vn 0.5408 -0.0302 -0.8406
vn -0.5847 0.0254 0.8109
vn 0.3082 0.4605 0.8324
vn -0.9348 -0.3519 -0.0481
vn -0.5855 0.0552 0.8088
vn 0.5606 -0.0608 -0.8258
vn -0.3643 -0.4036 -0.8393
vn 0.3641 0.4133 0.8346
vn 0.9349 0.3548 0.0133
vn -0.4149 -0.3769 -0.8281
vn -0.8951 -0.4458 -0.0028
vn 0.7806 0.6214 -0.0675
vn 0.5304 0.0809 -0.8439
vn -0.3717 -0.2295 0.8995
vn 0.4360 0.4113 0.8004
vn -0.5542 -0.8282 0.0836
vn -0.2414 -0.3361 0.9103
vn 0.3626 0.5861 -0.7245
vn -0.4230 -0.3843 -0.8206
vn 0.4840 0.6350 0.6020
vn 0.6594 0.7468 -0.0866
vn -0.2185 -0.7312 -0.6462
vn -0.2453 -0.9681 0.0513
vn 0.4274 0.9035 -0.0320
vn 0.3045 0.6320 -0.7126
vn -0.1750 -0.6613 0.7294
vn 0.3202 0.6543 0.6851
vn -0.6657 -0.7426 0.0736
vn -0.2046 -0.3881 0.8986
vn 0.3856 0.4958 -0.7782
vn -0.3597 -0.4474 -0.8188
vn 0.5353 0.5628 0.6298
vn 0.5596 0.8232 -0.0958
vn -0.3905 -0.3712 -0.8425
vn -0.7821 -0.6213 0.0472
vn 0.8949 0.4453 -0.0293
vn 0.4576 0.3057 -0.8350
vn -0.5077 -0.0607 0.8594
vn 0.5020 0.4809 0.7188
vn -0.8839 -0.3237 -0.3375
vn -0.7429 -0.3945 0.5409
vn 0.6949 0.2993 -0.6539
vn -0.0542 0.1598 -0.9857
vn 0.1046 0.0682 0.9922
vn 0.6835 0.4704 0.5581
vn -0.2669 -0.1926 -0.9443
vn -0.9419 -0.2251 -0.2494
vn 0.9420 0.2608 0.2112
vn 0.6479 0.0366 -0.7608
vn -0.6982 -0.0397 0.7148
vn 0.2441 0.1988 0.9492
vn -0.9402 -0.0879 -0.3290
vn -0.7672 0.0982 0.6338
vn 0.7413 -0.0956 -0.6643
vn -0.2070 -0.1872 -0.9602
vn 0.2195 0.1991 0.9551
vn 0.9568 0.1014 0.2726
vn -0.0631 -0.3822 -0.9219
vn -0.9290 -0.0874 -0.3597
vn 0.8321 0.4415 0.3357
vn 0.8170 -0.1052 -0.5670
vn -0.8062 -0.0559 0.5889
vn 0.2387 0.2151 0.9470
vn -0.8273 -0.4494 -0.3372
vn -0.7863 -0.1632 0.5959
vn 0.8794 0.2550 -0.4020
vn -0.0455 -0.3500 -0.9357
vn 0.2543 0.3974 0.8817
vn 0.7906 0.5177 0.3271
vn -0.2470 -0.3966 -0.8841
vn -0.8384 -0.4178 -0.3501
vn 0.8408 0.3645 0.4003
vn 0.8915 0.0609 -0.4489
vn -0.8856 -0.3537 0.3009
vn 0.2188 0.2325 0.9477
vn -0.7955 -0.5054 -0.3344
vn -0.8052 -0.1570 0.5718
vn 0.8473 0.2620 -0.4619
vn -0.0720 -0.3306 -0.9410
vn 0.2068 0.4319 0.8779
vn 0.8233 0.4574 0.3361
vn -0.1345 -0.2808 -0.9503
vn -0.8312 -0.4364 -0.3445
vn 0.9043 0.2495 0.3463
vn 0.8607 0.1290 -0.4925
vn -0.7952 0.0399 0.6050
vn 0.1919 0.4233 0.8854
vn -0.2058 -0.3720 -0.9051
vn -0.7139 -0.5410 -0.4445
vn 0.8747 0.3103 0.3722
vn 0.9461 0.1207 -0.3004
vn -0.8639 -0.2186 0.4538
vn 0.2841 0.2107 0.9354
vn -0.8304 -0.3036 -0.4672
vn -0.7133 -0.2706 0.6465
vn 0.6805 0.5299 -0.5061
vn -0.1562 -0.0494 -0.9865
vn -0.0841 -0.0590 0.9947
vn 0.8450 0.3987 0.3565
vn -0.9021 -0.2431 -0.3566
vn 0.8527 0.0074 -0.5224
vn 0.2418 0.2952 0.9243
vn -0.1865 -0.2090 -0.9600
vn 0.9397 0.0933 0.3290
vn -0.8006 0.1202 0.5870
vn 0.7197 -0.5426 0.4332
vn 0.2521 -0.7812 -0.5711
vn -0.6686 0.5188 0.5327
vn 0.1578 -0.0395 0.9867
vn -0.0129 0.0341 -0.9993
vn -0.3964 0.8174 -0.4181
vn -0.6057 -0.0903 0.7906
vn 0.7182 -0.3732 0.5873
vn -0.1619 0.6353 -0.7551
vn -0.8856 0.3481 0.3074
vn 0.8262 -0.5606 -0.0557
vn 0.1316 0.0979 -0.9865
vn 0.0717 -0.9653 0.2509
vn 0.8730 -0.4732 0.1182
vn -0.7275 0.6854 -0.0322
vn -0.7548 -0.1504 0.6384
vn 0.6123 0.7086 -0.3506
vn -0.0858 0.6328 -0.7695
vn -0.6606 -0.7151 0.2283
vn 0.0101 -0.9995 -0.0302
vn -0.0415 0.9916 -0.1222
vn -0.7422 0.6544 0.1445
vn 0.7076 -0.6554 -0.2641
vn 0.6211 0.7109 -0.3300
vn 0.0572 -0.8316 0.5524
vn 0.8983 -0.4320 -0.0803
vn -0.7079 0.6601 -0.2513
vn -0.8211 -0.4748 0.3167
vn 0.6643 0.5258 -0.5313
vn -0.0651 0.9649 -0.2543
vn -0.1364 -0.0634 0.9886
vn 0.4522 -0.5180 0.7261
vn -0.6753 0.4023 -0.6182
vn -0.8504 0.5231 0.0566
vn 0.8655 -0.3183 -0.3867
vn 0.3162 0.1417 -0.9380
vn 0.4072 -0.8154 0.4115
vn 0.4387 -0.6871 -0.5791
vn -0.2471 0.7871 0.5651
vn 0.1847 -0.0171 0.9827
vn -0.1533 0.0399 -0.9874
vn -0.5881 0.6852 -0.4298
vn 0.6048 -0.6925 0.3934
vn -0.4249 0.6857 0.5911
vn -0.1391 -0.0146 -0.9902
vn 0.6579 -0.5110 -0.5532
vn 0.0824 -0.0378 0.9959
vn -0.6792 0.5433 -0.4935
vn 0.8959 -0.4372 0.0793
vn -0.8499 -0.3165 0.4212
vn -0.0226 0.8407 -0.5410
vn 0.1288 -0.6263 0.7688
vn -0.7716 0.5633 -0.2954
vn 0.6600 0.2551 -0.7067
vn -0.4152 -0.0660 0.9073
vn -0.4106 0.5396 -0.7350
vn 0.8648 -0.4567 -0.2087
vn 0.2083 -0.6410 0.7387
vn -0.7771 0.6222 -0.0947
vn 0.5506 0.1656 -0.8182
vn 0.4755 -0.1508 -0.8667
vn -0.6655 0.1882 -0.7223
vn 0.4581 -0.0444 0.8878
vn 0.8660 -0.1915 -0.4620
vn -0.9741 0.2255 0.0140
vn -0.2441 0.0133 0.9697
vn 0.9867 0.0831 -0.1394
vn 0.4816 -0.1535 -0.8629
vn -0.4178 0.2190 0.8817
vn 0.4721 0.0736 0.8785
vn -0.5898 -0.3060 -0.7473
vn -0.9910 0.0949 0.0947
vn 0.0947 -0.9659 -0.2411
vn -0.6866 -0.4046 -0.6040
vn 0.5860 0.7658 0.2650
vn 0.9734 -0.0239 -0.2278
vn -0.7303 0.6693 0.1369
vn -0.3219 0.4477 0.8342
vn 0.6796 -0.7334 -0.0177
vn -0.0120 -0.9954 -0.0954
vn -0.1037 0.9697 0.2210
vn 0.6822 0.6949 0.2274
vn -0.6111 -0.7744 -0.1639
vn -0.8398 0.5410 0.0450
vn 0.1834 -0.7736 -0.6065
vn -0.8062 -0.5555 -0.2036
vn 0.5435 0.6370 0.5467
vn 0.9054 -0.4223 -0.0425
vn -0.8077 0.4802 0.3421
vn -0.0931 0.9640 0.2492
vn 0.9948 -0.0988 -0.0251
vn 0.4244 -0.2034 -0.8823
vn -0.4553 0.1513 0.8774
vn 0.4753 0.3163 0.8210
vn -0.4900 -0.0611 -0.8696
vn -0.9538 -0.0417 0.2976
vn 0.4664 -0.1203 -0.8764
vn -0.4587 0.0587 -0.8867
vn 0.4897 -0.0220 0.8716
vn 0.9770 -0.2129 -0.0148
vn -0.9864 0.1614 0.0298
vn -0.4780 0.1617 0.8633
vn -0.7786 -0.4666 -0.4196
vn 0.9478 -0.2674 -0.1736
vn -0.1909 0.7795 0.5967
vn 0.3087 -0.4286 -0.8491
vn 0.4930 0.4552 0.7414
vn -0.9024 0.1482 0.4046
vn -0.4613 0.0295 -0.8868
vn 0.9856 -0.1531 -0.0723
vn -0.4678 0.1242 0.8751
vn 0.1338 -0.0148 -0.9909
vn 0.6885 -0.2390 0.6848
vn -0.8677 0.2761 0.4134
vn 0.5126 -0.8458 -0.1480
vn -0.3618 0.9050 0.2236
vn 0.3570 0.6957 0.6234
vn -0.4194 -0.7226 -0.5495
vn -0.8574 0.2102 -0.4698
vn 0.9087 -0.0756 0.4105
vn 0.4720 -0.8641 -0.1746
vn -0.2424 -0.8384 -0.4882
vn 0.4264 0.7229 0.5438
vn 0.8632 0.1342 0.4867
vn -0.9047 0.2006 -0.3758
vn -0.6573 0.7450 -0.1137
vn -0.4121 -0.7399 -0.5318
vn -0.9741 0.0246 -0.2248
vn 0.9166 0.2379 0.3213
vn 0.5355 -0.7919 -0.2936
vn -0.3102 0.8375 0.4500
vn 0.4203 0.7652 0.4876
vn 0.3922 -0.8388 -0.3777
vn -0.4700 -0.7889 -0.3960
vn 0.3822 0.6810 0.6246
vn 0.9101 0.1521 0.3854
vn -0.9586 -0.2116 -0.1906
vn -0.4238 0.7348 0.5295
vn -0.4132 -0.7622 -0.4982
vn -0.9798 -0.0296 -0.1976
vn 0.9415 0.1486 0.3025
vn 0.5343 -0.7647 -0.3602
vn -0.3315 0.8749 0.3531
vn 0.4092 0.7404 0.5332
vn 0.6303 -0.7749 -0.0469
vn 0.1855 0.8629 0.4700
vn -0.8077 -0.1929 -0.5572
vn -0.3577 -0.6809 -0.6391
vn 0.8647 -0.1632 0.4751
vn -0.4742 0.8663 0.1572
vn -0.0097 -0.4380 -0.8989
vn 0.7819 0.5461 0.3008
vn -0.8060 -0.1207 0.5795
vn -0.8185 -0.4900 -0.2999
vn -0.7461 -0.1752 0.6424
vn 0.7717 0.2008 -0.6035
vn -0.0621 -0.3084 -0.9492
vn 0.0884 0.3262 0.9411
vn 0.8103 0.4919 0.3186
vn -0.0214 -0.4355 -0.8999
vn -0.7865 -0.5601 -0.2602
vn 0.7714 0.5739 0.2747
vn 0.7978 0.1823 -0.5748
vn -0.7606 -0.1157 0.6388
vn 0.0815 0.4736 0.8769
vn -0.7452 -0.6583 -0.1065
vn -0.7694 0.0061 0.6387
vn 0.8647 0.2363 -0.4432
vn -0.0192 -0.5700 -0.8214
vn 0.2737 0.7313 0.6248
vn 0.7870 0.5904 0.1791
vn 0.0976 -0.8111 -0.5768
vn -0.3501 -0.9348 0.0603
vn 0.5782 0.8140 0.0561
vn 0.7785 0.3648 -0.5108
vn -0.6200 -0.3941 0.6784
vn 0.1052 0.7693 0.6302
vn -0.7980 -0.5752 -0.1797
vn -0.7564 0.0008 0.6542
vn 0.8535 0.1636 -0.4948
vn 0.0209 -0.6536 -0.7566
vn 0.2036 0.6401 0.7408
vn 0.7483 0.6536 0.1131
vn -0.5996 -0.7772 -0.1908
vn 0.8476 -0.0633 -0.5269
vn -0.1394 0.7531 0.6430
vn 0.1933 -0.7883 -0.5842
vn 0.5938 0.7853 0.1755
vn -0.8723 0.0862 0.4812
vn -0.7790 -0.5291 -0.3364
vn 0.7811 0.1033 -0.6158
vn 0.0137 0.4202 0.9073
vn -0.3712 -0.9244 0.0882
vn 0.1935 -0.4145 0.8892
vn -0.2126 0.4778 -0.8524
vn -0.5217 -0.4499 -0.7248
vn 0.5085 0.4897 0.7082
vn 0.3279 0.9428 -0.0605
vn -0.4652 -0.4326 -0.7723
vn -0.3441 -0.9367 0.0645
vn 0.3209 0.9453 -0.0594
vn -0.1409 0.5076 -0.8500
vn 0.1068 -0.5035 0.8574
vn 0.4372 0.4382 0.7854
vn -0.2460 -0.9692 -0.0125
vn 0.1860 -0.5458 0.8170
vn -0.1947 0.5345 -0.8224
vn -0.4339 -0.4259 -0.7940
vn 0.4182 0.4375 0.7961
vn 0.2456 0.9693 -0.0135
vn -0.4940 -0.4055 -0.7691
vn -0.0728 -0.9908 -0.1140
vn -0.0705 0.9812 0.1795
vn -0.3655 0.6049 -0.7075
vn 0.5430 -0.5912 0.5964
vn 0.4064 0.4618 0.7884
vn 0.0611 -0.9848 -0.1624
vn 0.6270 -0.5716 0.5293
vn -0.4734 0.7915 -0.3865
vn -0.5638 -0.4262 -0.7074
vn 0.4026 0.6565 0.6379
vn -0.0926 0.9781 0.1863
vn -0.2093 -0.5983 -0.7735
vn 0.2439 -0.9186 -0.3109
vn -0.0880 0.9676 0.2365
vn -0.4393 0.8069 -0.3949
vn 0.5400 -0.7743 0.3300
vn 0.3502 0.5568 0.7532
vn 0.0625 -0.9812 -0.1825
vn 0.5709 -0.5989 0.5616
vn -0.5708 0.7196 -0.3955
vn -0.5134 -0.4274 -0.7442
vn 0.4330 0.6197 0.6545
vn -0.0654 0.9869 0.1476
vn -0.4504 -0.4051 -0.7956
vn 0.0443 -0.9811 -0.1884
vn 0.0710 0.9937 0.0864
vn -0.5130 0.6702 -0.5363
vn 0.3720 -0.5900 0.7166
vn 0.3994 0.5388 0.7418
vn -0.6649 0.2490 0.7042
vn 0.0644 -0.4485 0.8915
vn -0.0123 0.4916 -0.8707
vn -0.8254 0.5217 -0.2158
vn 0.6737 -0.7174 0.1774
vn 0.7708 -0.0158 -0.6369
vn -0.0670 -0.8479 0.5260
vn 0.5707 -0.8188 0.0622
vn -0.4586 0.8869 -0.0557
vn -0.6042 0.2781 0.7468
vn 0.5309 0.3644 -0.7651
vn 0.0341 0.5874 -0.8086
vn -0.7488 -0.4347 0.5004
vn -0.3409 -0.9287 0.1458
vn 0.2087 0.9166 -0.3411
vn -0.3667 0.9241 0.1080
vn 0.3162 -0.9101 -0.2680
vn 0.6614 0.4249 -0.6181
vn 0.0040 -0.6685 0.7437
vn 0.6141 -0.7643 -0.1968
vn -0.5047 0.8383 -0.2063
vn -0.6797 -0.0749 0.7297
vn 0.5013 0.1193 -0.8570
vn 0.0479 0.8492 -0.5259
vn -0.7639 0.0079 0.6453
vn 0.0378 -0.4333 0.9004
vn -0.1294 0.3228 -0.9376
vn -0.7983 0.4955 -0.3424
vn 0.9032 -0.3177 0.2887
vn 0.7115 0.0402 -0.7015
vn 0.1458 -0.3133 0.9384
vn -0.8771 0.3386 -0.3407
vn 0.7377 0.0123 -0.6750
vn -0.7261 0.0273 0.6870
vn -0.0407 0.4955 -0.8676
vn 0.8072 -0.5191 0.2808
vn -0.7790 0.0448 0.6254
vn -0.0704 0.4440 -0.8933
vn 0.8424 -0.4668 0.2690
vn -0.0032 -0.4653 0.8851
vn -0.6205 0.7284 -0.2905
vn 0.5946 -0.1002 -0.7978
vn 0.6408 -0.7665 -0.0432
vn -0.6306 0.1367 0.7640
vn -0.0139 0.6842 -0.7292
vn -0.0353 -0.5700 0.8209
vn -0.4659 0.8486 -0.2505
vn 0.5355 -0.0726 -0.8414
vn -0.0680 -0.9046 -0.4208
vn -0.5631 -0.1573 -0.8113
vn 0.4113 0.1549 0.8982
vn 0.3476 -0.7884 0.5075
vn -0.3336 0.7739 -0.5383
vn 0.2232 0.9449 0.2397
vn 0.1933 -0.8794 0.4350
vn -0.0359 -0.9008 -0.4328
vn -0.0770 0.8697 0.4876
vn 0.3528 0.0877 0.9316
vn -0.0738 0.0050 -0.9973
vn -0.2795 0.8155 -0.5068
vn -0.0753 -0.8077 -0.5848
vn -0.2533 0.0279 -0.9670
vn 0.1746 0.1642 0.9708
vn 0.1105 -0.9039 0.4131
vn -0.0478 0.9827 -0.1791
vn 0.1645 0.8395 0.5179
vn 0.2971 -0.8865 0.3547
vn -0.0775 -0.8148 -0.5746
vn -0.2047 0.8168 0.5393
vn 0.0417 0.0393 0.9984
vn -0.1716 -0.1891 -0.9668
vn -0.2056 0.9540 -0.2184
vn -0.1472 -0.8308 -0.5367
vn -0.1724 0.0614 -0.9831
vn 0.2769 0.1538 0.9485
vn 0.0868 -0.9240 0.3723
vn -0.0532 0.9580 -0.2817
vn 0.0832 0.8148 0.5737
vn 0.2676 -0.8766 0.3999
vn 0.1448 -0.8360 -0.5292
vn 0.0485 0.8692 0.4921
vn 0.2810 0.0109 0.9596
vn -0.2961 0.0171 -0.9550
vn -0.3683 0.8613 -0.3499
vn 0.0663 -0.9671 0.2456
vn 0.0758 -0.9117 -0.4038
vn -0.0464 0.7974 0.6017
vn -0.0466 0.1881 0.9810
vn -0.2093 -0.0797 -0.9746
vn -0.3087 0.9231 -0.2294
vn -0.2419 -0.8914 -0.3833
vn -0.3872 -0.1801 -0.9043
vn 0.5558 0.1732 0.8131
vn 0.3388 -0.8140 0.4719
vn -0.4022 0.6895 -0.6023
vn 0.0810 0.9183 0.3874
vn 0.2785 -0.8407 0.4644
vn 0.1161 -0.8588 -0.4990
vn 0.0598 0.9111 0.4079
vn 0.1002 -0.0520 0.9936
vn -0.3208 -0.1005 -0.9418
vn -0.1580 0.8602 -0.4849
vn 0.3955 -0.8391 0.3735
vn -0.0346 -0.8469 -0.5307
vn -0.1101 0.8382 0.5341
vn 0.3096 0.1159 0.9438
vn -0.2564 0.0114 -0.9665
vn -0.2302 0.9158 -0.3292
vn 0.9760 -0.0785 -0.2029
vn 0.4270 -0.3300 -0.8419
vn -0.2810 0.2836 0.9169
vn 0.6664 0.1159 0.7365
vn -0.6705 -0.1542 -0.7257
vn -0.9212 0.3110 0.2338
vn 0.6493 0.3303 0.6851
vn 0.9630 0.1366 -0.2323
vn -0.9638 -0.1061 0.2448
vn -0.2767 0.2236 0.9346
vn 0.3123 -0.1955 -0.9297
vn -0.6339 -0.3207 -0.7038
vn 0.9182 0.2664 -0.2933
vn 0.2282 -0.0128 -0.9735
vn -0.2439 0.0216 0.9696
vn 0.6913 0.2799 0.6662
vn -0.6819 -0.2680 -0.6805
vn -0.9313 -0.2530 0.2620
vn 0.9369 -0.0988 0.3353
vn 0.8728 0.2236 -0.4338
vn -0.7571 -0.1077 0.6444
vn -0.1345 -0.2053 0.9694
vn -0.1135 0.2155 -0.9699
vn -0.8681 -0.0237 -0.4958
vn 0.4316 -0.4757 -0.7664
vn -0.3697 -0.0823 -0.9255
vn 0.3103 0.5054 0.8052
vn 0.9922 -0.0404 0.1175
vn -0.9025 0.2201 0.3703
vn -0.6018 0.1415 0.7860
vn 0.8687 -0.4908 0.0670
vn 0.3348 -0.8089 -0.4833
vn -0.3439 0.8747 0.3416
vn 0.3900 0.5881 0.7086
vn -0.3563 -0.8716 -0.3366
vn -0.9243 0.2650 0.2745
vn 0.6204 -0.1181 -0.7753
vn -0.6021 -0.4161 -0.6814
vn 0.1983 0.1589 0.9672
vn 0.9953 -0.0595 -0.0767
vn -0.9854 0.0371 0.1659
vn -0.4306 0.4873 0.7597
vn 0.8543 0.0218 0.5194
vn 0.7644 0.1214 -0.6332
vn -0.8920 -0.1942 0.4082
vn -0.0058 -0.1823 0.9832
vn 0.0634 0.2015 -0.9774
vn -0.9807 0.0493 -0.1894
vn 0.9578 -0.2869 -0.0182
vn 0.4012 -0.9078 -0.1227
vn -0.3530 0.6844 0.6380
vn 0.3646 0.7506 0.5511
vn -0.5556 -0.6497 -0.5188
vn -0.9159 0.3894 0.0977
vn 0.9634 -0.2230 -0.1489
vn 0.3290 -0.2639 -0.9067
vn -0.3685 0.3691 0.8532
vn 0.6896 0.1789 0.7017
vn -0.6390 -0.0462 -0.7678
vn -0.9663 0.1383 0.2171
vn -0.7865 -0.1749 0.5923
vn 0.0903 -0.6159 0.7826
vn -0.0240 0.7526 -0.6581
vn -0.8587 0.5124 -0.0104
vn 0.8136 -0.5757 0.0809
vn 0.7672 0.2581 -0.5872
vn -0.0672 -0.9977 -0.0089
vn 0.7051 -0.6942 -0.1449
vn -0.5260 0.7783 0.3428
vn -0.7791 -0.1517 0.6083
vn 0.6201 0.6991 -0.3559
vn 0.0528 0.8971 -0.4386
vn -0.7196 -0.6838 0.1209
vn -0.2329 -0.9203 -0.3144
vn 0.1354 0.9801 0.1453
vn -0.5034 0.7334 0.4568
vn 0.4348 -0.6990 -0.5677
vn 0.6866 0.6828 -0.2498
vn -0.0846 -0.9746 0.2072
vn 0.6926 -0.5706 -0.4413
vn -0.5260 0.8267 0.2000
vn -0.7665 -0.4630 0.4452
vn 0.6429 0.5690 -0.5127
vn 0.0497 0.9987 0.0120
vn -0.7794 -0.2504 0.5743
vn 0.0563 -0.7150 0.6969
vn -0.1481 0.5526 -0.8202
vn -0.8308 0.5132 -0.2155
vn 0.9311 -0.2692 0.2461
vn 0.7232 0.3478 -0.5967
vn 0.1381 -0.5446 0.8272
vn -0.8991 0.3262 -0.2920
vn 0.7277 0.3059 -0.6140
vn -0.7379 -0.1940 0.6464
vn -0.1021 0.5364 -0.8377
vn 0.9156 -0.2531 0.3125
vn -0.7924 -0.2549 0.5541
vn -0.0763 0.7173 -0.6926
vn 0.8747 -0.4605 0.1513
vn 0.0069 -0.7488 0.6628
vn -0.7527 0.6359 -0.1705
vn 0.7062 0.3110 -0.6360
vn 0.6850 -0.6503 -0.3284
vn -0.7718 -0.2946 0.5636
vn 0.0566 0.9798 -0.1917
vn -0.0785 -0.8920 0.4452
vn -0.5930 0.8051 0.0126
vn 0.6813 0.4074 -0.6082
vn 0.1301 -0.4666 0.8748
vn -0.9000 0.3550 -0.2530
vn 0.7687 0.2605 -0.5842
vn -0.6976 -0.1968 0.6890
vn -0.0691 0.7220 -0.6885
vn 0.8868 -0.4209 0.1909
vn -0.6565 -0.7105 -0.2534
vn -0.7676 -0.2814 0.5758
vn 0.8336 0.1785 -0.5227
vn 0.3373 -0.6371 -0.6930
vn -0.1857 0.5876 0.7876
vn 0.3911 0.9141 0.1070
vn -0.1026 -0.5796 -0.8084
vn -0.6975 -0.6927 -0.1834
vn 0.5955 0.8004 -0.0686
vn 0.7554 0.2410 -0.6094
vn -0.5302 -0.2819 0.7996
vn 0.0067 0.5531 0.8331
vn 0.2164 -0.9726 0.0848
vn -0.0922 -0.3310 0.9391
vn -0.4040 0.6273 -0.6658
vn -0.1799 -0.6097 -0.7719
vn 0.1011 0.8320 0.5455
vn 0.2539 0.9466 -0.1986
vn 0.0949 -0.7933 -0.6014
vn 0.3761 -0.9218 0.0942
vn -0.2265 0.9733 -0.0373
vn -0.3505 0.6016 -0.7177
vn 0.4049 -0.6421 0.6510
vn 0.0850 0.6454 0.7591
vn -0.0186 -0.9868 0.1607
vn 0.4373 -0.3567 0.8255
vn -0.2525 0.5758 -0.7776
vn -0.2249 -0.6230 -0.7492
vn 0.2282 0.8367 0.4979
vn -0.2180 0.9721 -0.0865
vn -0.5630 -0.8057 -0.1839
vn -0.8515 -0.1707 0.4957
vn 0.8384 0.1517 -0.5236
vn 0.1779 -0.5699 -0.8023
vn -0.2993 0.6696 0.6798
vn 0.6623 0.7136 0.2284
vn 0.0572 -0.5374 -0.8414
vn -0.6243 -0.7808 0.0253
vn 0.7047 0.6946 0.1448
vn 0.5284 0.3595 -0.7691
vn -0.7753 -0.2244 0.5903
vn 0.2292 0.6518 0.7229
vn 0.3097 -0.3318 0.8910
vn -0.3184 -0.6258 -0.7121
vn -0.0093 0.9858 -0.1675
vn -0.2944 -0.9412 0.1660
vn 0.1167 0.5054 -0.8550
vn 0.2396 0.7927 0.5606
vn -0.7906 -0.2541 0.5571
vn 0.3729 -0.7084 -0.5993
vn 0.3628 0.9315 0.0277
vn -0.4096 -0.9061 -0.1063
vn 0.7452 0.3024 -0.5943
vn -0.3478 0.6409 0.6843
vn -0.3886 -0.9202 -0.0467
vn 0.7782 0.2390 -0.5808
vn -0.4041 0.6957 0.5939
vn -0.8530 -0.1840 0.4884
vn 0.2535 -0.6657 -0.7019
vn 0.5644 0.8113 0.1524
vn -0.3668 -0.8245 0.4309
vn 0.3203 0.8663 -0.3833
vn -0.5763 0.7323 -0.3628
vn 0.6136 -0.6118 0.4992
vn 0.9887 0.1491 0.0151
vn -0.9731 -0.2042 -0.1072
vn -0.4272 -0.6773 0.5990
vn 0.4182 -0.8409 0.3435
vn -0.5062 0.3786 -0.7749
vn -0.9766 0.0462 0.2102
vn 0.9297 0.2710 0.2495
vn 0.4871 0.8268 -0.2813
vn 0.3494 -0.5990 0.7205
vn 0.9253 0.2567 0.2792
vn -0.8034 0.3772 -0.4607
vn -0.5834 -0.4435 0.6804
vn 0.4093 0.5166 -0.7521
vn -0.3748 0.1771 -0.9100
vn -0.6554 -0.5621 0.5044
vn 0.1614 -0.9220 0.3518
vn -0.2118 0.7498 -0.6269
vn -0.8257 0.5054 -0.2506
vn 0.8468 -0.5307 -0.0365
vn 0.4990 0.5071 -0.7027
vn 0.4034 -0.3035 0.8633
vn 0.9763 -0.1732 0.1299
vn -0.8041 0.0935 -0.5871
vn -0.7471 -0.3999 0.5310
vn 0.4331 0.4593 -0.7755
vn -0.2936 0.5964 -0.7471
vn -0.3832 -0.8046 0.4536
vn -0.4255 0.8764 -0.2255
vn 0.9964 -0.0683 0.0494
vn 0.5911 -0.6914 0.4155
vn -0.9906 -0.1295 0.0450
vn 0.3821 0.8477 -0.3679
vn 0.3421 0.7084 -0.6173
vn 0.4683 -0.4100 0.7827
vn -0.9305 -0.2375 -0.2790
vn -0.3461 -0.8437 0.4103
vn -0.6014 0.6415 -0.4763
vn 0.9656 0.2454 0.0858
vn 0.9531 0.1230 0.2767
vn -0.7376 -0.4469 0.5062
vn -0.3531 0.3444 -0.8699
vn 0.3674 -0.1769 0.9131
vn -0.8765 -0.1575 -0.4550
vn 0.4035 0.4311 -0.8071
vn -0.9018 0.1566 -0.4027
vn -0.2949 -0.8745 0.3850
vn 0.7818 0.5532 -0.2878
vn -0.6872 0.5607 -0.4619
vn 0.1095 -0.7050 0.7007
vn 0.9276 0.3211 0.1909
vn -0.3453 -0.9281 -0.1391
vn 0.2111 -0.8480 0.4862
vn -0.2690 0.9360 -0.2269
vn -0.9043 0.1808 -0.3866
vn 0.7999 0.4332 0.4153
vn 0.6797 0.7264 -0.1019
vn -0.6433 -0.4543 -0.6163
vn -0.1394 -0.8932 -0.4275
vn 0.2563 0.9298 0.2641
vn -0.3685 0.9167 -0.1546
vn 0.4416 -0.8962 0.0431
vn 0.7358 0.4289 0.5240
vn -0.5259 -0.8493 -0.0458
vn 0.4928 -0.8015 0.3386
vn -0.1342 0.9464 -0.2937
vn -0.8633 -0.1557 -0.4800
vn 0.8989 0.2667 0.3477
vn 0.3353 0.9337 0.1256
vn -0.9640 0.0067 -0.2657
vn -0.7829 -0.5201 0.3415
vn 0.6593 0.4296 -0.6171
vn -0.0326 0.6129 -0.7895
vn 0.2948 -0.3759 0.8785
vn 0.9343 0.0263 0.3555
vn -0.6841 -0.3949 0.6132
vn -0.2320 0.4173 -0.8787
vn 0.9752 0.0743 0.2085
vn -0.9923 -0.0833 0.0916
vn 0.3635 0.5939 -0.7177
vn 0.5427 -0.3395 0.7683
vn -0.9010 0.0657 -0.4288
vn 0.7689 0.5282 -0.3604
vn 0.1225 -0.5913 0.7971
vn -0.7921 -0.5446 0.2756
vn 0.0119 0.7261 -0.6875
vn 0.9465 -0.0210 0.3219
vn 0.3694 -0.8473 0.3816
vn -0.9100 0.0334 -0.4132
vn 0.5022 0.8642 0.0296
vn -0.6951 -0.7141 0.0832
vn -0.0148 0.8950 -0.4458
vn 0.9433 0.0822 0.3215
vn -0.4378 -0.4705 0.7661
vn -0.5963 0.4386 -0.6723
vn 0.9723 0.2336 0.0084
vn -0.9689 -0.2422 0.0509
vn 0.2289 0.9049 -0.3589
vn 0.5683 -0.6711 0.4761
vn -0.0431 -0.6457 0.7624
vn -0.7413 0.6645 -0.0941
vn 0.8377 0.0449 -0.5443
vn -0.7490 -0.0782 0.6580
vn 0.1033 0.7063 -0.7004
vn 0.7396 -0.6355 0.2219
vn 0.1810 0.6464 0.7412
vn 0.3446 0.4254 0.8368
vn 0.0593 0.8626 0.5024
vn 0.2905 0.6414 0.7101
vn 0.3512 0.6403 0.6831
vn 0.3940 0.4725 0.7883
vn 0.1624 0.7855 0.5972
vn 0.1426 0.8676 0.4763
vn 0.2221 0.7809 0.5838
vn 0.1792 0.8314 0.5260
vn 0.2655 0.7880 0.5554
vn 0.2134 0.8251 0.5231
vn 0.3784 0.8258 0.4181
vn 0.4029 0.6545 0.6398
vn 0.5295 0.6863 0.4986
vn 0.5168 0.4890 0.7027
vn 0.6431 0.5072 0.5737
vn 0.5460 0.4356 0.7156
vn 0.4645 0.4783 0.7453
vn 0.5073 0.4050 0.7607
vn 0.5136 0.4221 0.7471
vn 0.4921 0.3638 0.7909
vn 0.5809 0.2524 0.7739
vn 0.5419 0.4034 0.7373
vn 0.6209 0.3355 0.7085
vn 0.5451 0.4309 0.7192
vn 0.5241 0.4496 0.7233
vn 0.5906 0.4414 0.6756
vn 0.6141 0.2539 0.7473
vn 0.6622 0.0357 0.7485
vn 0.6440 0.2579 0.7203
vn 0.6201 0.3390 0.7075
vn 0.7251 0.0971 0.6818
vn 0.5442 0.5121 0.6645
vn 0.6550 0.4207 0.6277
vn 0.5342 0.4839 0.6932
vn 0.5615 0.5792 0.5910
vn 0.6025 0.5061 0.6171
vn 0.5559 0.6028 0.5723
vn 0.6529 0.6324 0.4169
vn 0.6239 0.6701 0.4021
vn 0.7083 0.4855 0.5125
vn 0.6821 0.6945 0.2288
vn 0.8126 0.4113 0.4130
vn 0.5940 0.8030 0.0491
vn 0.7656 0.6429 -0.0229
vn 0.9136 0.4060 0.0211
vn 0.7667 0.5359 -0.3536
vn 0.4923 0.8413 -0.2231
vn 0.5678 0.6999 -0.4333
vn 0.8073 0.5536 -0.2047
vn 0.7983 0.5980 0.0710
vn 0.8694 -0.0741 0.4886
vn 0.9192 0.3875 0.0701
vn 0.8552 0.3902 0.3413
vn 0.9107 0.3592 0.2040
vn 0.8816 0.3769 0.2840
vn 0.9107 0.3718 0.1799
vn 0.7910 0.6116 -0.0150
vn 0.9692 0.0882 0.2298
vn 0.8634 0.4538 0.2206
vn 0.7467 0.6545 0.1185
vn 0.7704 0.4963 0.4002
vn 0.6559 0.6880 0.3105
vn 0.7824 0.4346 0.4459
vn 0.6572 0.4540 0.6017
vn 0.7489 0.4627 0.4744
vn 0.6297 0.4819 0.6093
vn 0.5369 0.4629 0.7053
vn 0.4869 0.8431 0.2282
vn 0.3972 0.8913 0.2188
vn 0.5677 0.8225 0.0360
vn 0.4705 0.8820 0.0284
vn 0.5420 0.8386 -0.0537
vn 0.4455 0.8953 -0.0026
vn 0.3264 0.9273 -0.1835
vn 0.1396 0.9898 -0.0295
vn 0.8036 0.5927 -0.0538
vn 0.1733 0.9846 -0.0245
vn -0.2990 0.9408 -0.1598
vn 0.1369 0.9607 0.2416
vn 0.6875 0.6888 0.2299
vn 0.5437 0.6474 0.5341
vn 0.8054 0.1406 0.5758
vn 0.6692 0.1140 0.7343
vn 0.4209 -0.4529 0.7860
vn 0.4868 -0.4953 0.7195
vn -0.3625 0.9289 -0.0759
vn 0.4096 0.9105 0.0568
vn 0.4581 0.8888 0.0116
vn 0.4262 0.9044 -0.0185
vn 0.4362 0.8961 0.0817
vn 0.4741 0.8805 0.0006
vn 0.4044 0.8991 0.1676
vn 0.6777 0.7297 0.0908
vn 0.6201 0.7261 0.2971
vn 0.8442 0.4913 0.2144
vn 0.6559 0.7523 -0.0618
vn 0.8724 0.4848 0.0613
vn 0.7765 0.5639 0.2813
vn 0.6350 0.6465 0.4228
vn 0.5105 0.6866 0.5177
vn 0.5264 0.7405 0.4177
vn 0.3681 0.8681 0.3330
vn 0.4241 0.7214 0.5475
vn 0.3053 0.8271 0.4719
vn 0.3225 0.7917 0.5189
vn 0.2526 0.8022 0.5410
vn 0.2084 0.8793 0.4282
vn 0.3287 0.8722 0.3624
vn 0.1674 0.9487 0.2682
vn 0.0051 0.9392 0.3434
vn 0.1805 0.8562 0.4840
vn 0.1586 0.8885 0.4306
vn 0.2572 0.8346 0.4871
vn 0.3041 0.8583 0.4133
vn 0.3531 0.8362 0.4195
vn 0.4164 0.7859 0.4571
vn 0.4341 0.8124 0.3893
vn 0.5597 0.7185 0.4129
vn 0.3974 0.6356 0.6619
vn 0.5911 0.5192 0.6173
vn 0.6736 0.4467 0.5888
vn 0.7980 0.3697 0.4759
vn 0.6573 0.6583 0.3670
vn 0.5118 0.8138 0.2754
vn 0.7331 0.5989 0.3222
vn 0.5092 0.8271 0.2381
vn 0.7800 0.5355 0.3237
vn 0.5413 0.8093 0.2282
vn 0.8309 0.3960 0.3909
vn 0.8960 0.2468 0.3692
vn 0.9060 0.2275 0.3570
vn 0.7502 0.5877 0.3032
vn 0.7395 0.6465 0.1877
vn 0.6195 0.7774 0.1090
vn 0.3914 0.8997 0.1933
vn 0.0833 0.9646 0.2504
vn 0.2129 0.9403 0.2653
vn -0.1012 0.9585 0.2667
vn 0.2059 0.9325 0.2966
vn -0.0482 0.9713 0.2328
vn 0.2601 0.9317 0.2535
vn 0.4869 0.7981 0.3549
vn 0.0369 0.9809 0.1909
vn 0.2872 0.9255 0.2470
vn 0.1399 0.9710 0.1939
vn 0.2518 0.9080 0.3349
vn 0.0903 0.9619 0.2581
vn 0.2413 0.8529 0.4629
vn 0.2000 0.8320 0.5175
vn 0.2370 0.8188 0.5229
vn 0.2234 0.8179 0.5302
vn 0.2958 0.8527 0.4306
vn 0.3056 0.8636 0.4009
vn 0.3784 0.8863 0.2669
vn 0.6500 0.0584 0.7577
vn 0.6702 0.3093 0.6747
vn 0.6442 0.1460 0.7508
vn 0.6998 0.3740 0.6086
vn 0.6398 0.4814 0.5991
vn 0.6701 0.5210 0.5287
vn 0.7259 0.3504 0.5919
vn 0.7437 0.4225 0.5180
vn 0.7743 0.2241 0.5918
vn 0.8313 0.2781 0.4813
vn 0.7625 0.3709 0.5301
vn 0.6485 0.3730 0.6636
vn 0.7125 0.4578 0.5317
vn 0.6739 0.5481 0.4955
vn 0.6701 0.4316 0.6040
vn 0.6444 0.5745 0.5047
vn 0.6099 0.4376 0.6607
vn 0.5674 0.6134 0.5494
vn 0.4519 0.5061 0.7346
vn 0.5877 0.2879 0.7561
vn 0.4996 0.3290 0.8013
vn 0.2704 0.3382 0.9014
vn 0.0337 0.2041 0.9784
vn 0.2185 0.4909 0.8434
vn 0.2533 0.6664 0.7013
vn 0.1586 0.4115 0.8975
vn 0.2723 0.4283 0.8616
vn 0.3716 0.2550 0.8927
vn 0.3209 0.0863 0.9432
vn 0.3324 0.3773 0.8644
vn 0.3175 -0.0233 0.9480
vn 0.4732 0.3468 0.8098
vn 0.4388 0.6554 0.6148
vn 0.4795 -0.0618 0.8754
vn 0.6281 0.3270 0.7061
vn 0.6953 0.0043 0.7187
vn 0.7179 0.3581 0.5969
vn 0.8335 0.0866 0.5457
vn 0.7258 0.3897 0.5668
vn 0.8414 0.1493 0.5194
vn 0.7467 0.2011 0.6340
vn -0.2904 0.8669 0.4052
vn -0.2833 0.8900 0.3573
vn -0.4424 0.8905 0.1068
vn -0.2390 0.7528 0.6133
vn -0.3023 0.6332 0.7125
vn -0.2192 0.8154 0.5358
vn -0.2290 0.7438 0.6279
vn -0.1861 0.8640 0.4678
vn -0.1953 0.8081 0.5557
vn -0.2172 0.9291 0.2992
vn -0.1573 0.9080 0.3883
vn -0.1677 0.8675 0.4684
vn -0.2656 0.8909 0.3686
vn -0.1888 0.9484 0.2547
vn -0.3032 0.9198 0.2491
vn -0.2161 0.9641 0.1541
vn -0.3282 0.9327 0.1496
vn -0.2164 0.9651 0.1476
vn -0.2612 0.9502 0.1699
vn -0.2880 0.9473 0.1404
vn -0.3724 0.9096 0.1842
vn -0.4320 0.8919 0.1341
vn -0.7455 0.6635 0.0635
vn -0.4568 0.8751 0.1598
vn -0.4760 0.8495 0.2275
vn -0.6114 0.7652 0.2016
vn -0.3106 0.9320 0.1865
vn -0.3412 0.9010 0.2678
vn -0.2071 0.9525 0.2234
vn -0.2148 0.9238 0.3170
vn -0.2632 0.9383 0.2242
vn -0.3138 0.9397 0.1363
vn -0.2126 0.9213 0.3256
vn -0.4739 0.8546 0.2122
vn -0.4130 0.8523 0.3210
vn -0.5254 0.8442 0.1063
vn -0.6837 0.7005 0.2046
vn -0.7514 0.6570 0.0615
vn -0.6129 0.7145 0.3373
vn -0.8656 0.4703 0.1717
vn -0.7898 0.5084 0.3430
vn -0.9057 0.4238 0.0098
vn -0.9271 0.3569 0.1142
vn -0.9351 0.2888 -0.2053
vn -0.8706 0.3589 0.3365
vn -0.8192 0.3972 0.4136
vn -0.6290 0.5393 0.5599
vn -0.6314 0.5705 0.5253
vn -0.4136 0.5560 0.7210
vn -0.4843 0.6764 0.5549
vn -0.3947 0.5980 0.6975
vn -0.3434 0.8051 0.4836
vn -0.3825 0.7863 0.4851
vn -0.2148 0.9076 0.3608
vn -0.2161 0.9142 0.3429
vn -0.2086 0.8998 0.3831
vn -0.0885 0.8803 0.4661
vn -0.3029 0.8360 0.4575
vn -0.1682 0.7668 0.6194
vn -0.4745 0.7820 0.4042
vn -0.4517 0.6648 0.5950
vn -0.5610 0.7814 0.2733
vn -0.5539 0.8056 0.2102
vn -0.6336 0.6424 0.4311
vn -0.5429 0.8135 0.2085
vn -0.6200 0.7651 0.1737
vn -0.4821 0.8480 0.2202
vn -0.5984 0.7613 0.2496
vn -0.5357 0.7837 0.3143
vn -0.6302 0.7185 0.2942
vn -0.6411 0.7141 0.2813
vn -0.7767 0.5676 0.2732
vn -0.5991 0.7348 0.3179
vn -0.6813 0.6579 0.3207
vn -0.6196 0.6265 0.4728
vn -0.5629 0.7266 0.3941
vn -0.4584 0.7238 0.5157
vn -0.4388 0.8165 0.3752
vn -0.3130 0.8452 0.4332
vn -0.3594 0.9013 0.2418
vn -0.2907 0.9530 0.0858
vn -0.2395 0.9302 0.2780
vn -0.1924 0.9753 0.1085
vn -0.3012 0.9127 0.2762
vn -0.1932 0.9768 0.0927
vn -0.4382 0.8463 0.3027
vn -0.4157 0.7668 0.4890
vn -0.4886 0.6948 0.5278
vn -0.5840 0.5695 0.5785
vn -0.6598 0.4562 0.5971
vn -0.6290 0.4979 0.5971
vn -0.7862 0.1517 0.5991
vn -0.3178 0.9453 0.0735
vn -0.4840 0.8729 0.0622
vn -0.6989 0.4800 -0.5302
vn -0.9754 0.2184 -0.0293
vn -0.9401 0.2155 0.2642
vn -0.9113 0.4041 0.0788
vn -0.9216 0.3300 -0.2044
vn -0.9231 0.3014 0.2388
vn -0.8952 0.4153 -0.1614
vn -0.8337 0.4494 0.3209
vn -0.7309 0.4022 -0.5514
vn -0.6514 0.4760 0.5909
vn -0.3861 0.5378 0.7495
vn -0.7121 0.3535 0.6066
vn -0.8329 0.2770 0.4791
vn -0.6015 0.3554 0.7155
vn -0.8109 0.3396 0.4766
vn -0.7966 0.4226 0.4322
vn -0.8687 0.3583 0.3419
vn -0.8921 0.3972 0.2152
vn -0.8100 0.4681 0.3532
vn -0.6542 0.6576 0.3735
vn -0.8272 0.5137 0.2277
vn -0.6629 0.6790 0.3154
vn -0.8359 0.5483 -0.0260
vn -0.8995 0.4359 -0.0293
vn -0.7922 0.6102 0.0105
vn -0.8045 0.4708 -0.3622
vn -0.8372 0.4397 -0.3253
vn -0.8960 0.3259 -0.3016
vn -0.8913 0.4024 -0.2092
vn -0.8876 0.4565 -0.0615
vn -0.7728 0.6335 0.0380
vn -0.5085 0.7815 0.3617
vn -0.7063 0.6934 0.1424
vn -0.3921 0.8284 0.4001
vn -0.4950 0.7190 0.4878
vn -0.3060 0.7884 0.5336
vn -0.3188 0.6867 0.6533
vn -0.7566 0.6018 0.2556
vn -0.4575 0.6723 0.5819
vn -0.2794 0.8213 0.4973
vn -0.4532 0.8248 0.3380
vn -0.2666 0.7300 0.6293
vn -0.2727 0.6897 0.6707
vn -0.3687 0.7649 0.5282
vn -0.3468 0.6603 0.6661
vn -0.5267 0.6817 0.5079
vn -0.4351 0.6164 0.6563
vn -0.5336 0.6904 0.4884
vn -0.6254 0.6804 0.3821
vn -0.6239 0.6687 0.4045
vn -0.5121 0.8046 0.3006
vn -0.4094 0.9074 0.0946
vn -0.4726 0.7680 0.4323
vn -0.4160 0.7164 0.5602
vn -0.3932 0.8652 0.3112
vn -0.3509 0.8226 0.4474
vn -0.3481 0.9232 0.1628
vn -0.2751 0.9156 0.2933
vn -0.3796 0.9246 0.0325
vn -0.4296 0.8942 -0.1257
vn -0.5949 0.7424 -0.3082
vn -0.5677 0.6032 -0.5603
vn -0.3592 0.6288 -0.6896
vn -0.2749 0.8818 -0.3833
vn 0.0520 0.9745 -0.2181
vn -0.1480 0.6632 -0.7337
vn 0.0422 0.7638 -0.6441
vn 0.0809 0.8619 -0.5005
vn 0.1119 0.9288 -0.3532
vn 0.0635 0.9922 -0.1074
vn -0.0736 0.9938 0.0839
vn -0.1930 0.9585 0.2099
vn -0.2096 0.9675 0.1415
vn -0.2828 0.8969 0.3399
vn -0.3136 0.8590 0.4047
vn -0.3432 0.7141 0.6102
vn -0.3487 0.7450 0.5687
vn -0.1993 0.7105 0.6749
vn -0.3087 0.6918 0.6528
vn -0.2288 0.6907 0.6860
vn -0.3754 0.6091 0.6986
vn -0.3449 0.6206 0.7042
vn -0.4510 0.6378 0.6243
vn -0.4112 0.5794 0.7037
vn -0.3957 0.5688 0.7211
vn -0.3471 0.6448 0.6810
vn -0.2852 0.7204 0.6322
vn -0.2386 0.7809 0.5773
vn -0.2575 0.7217 0.6426
vn -0.2414 0.8483 0.4712
vn -0.3225 0.8543 0.4076
vn -0.2696 0.8641 0.4250
vn -0.4828 0.7854 0.3873
vn -0.4546 0.7861 0.4187
vn -0.6498 0.6357 0.4166
vn -0.4653 0.8020 0.3745
vn -0.6720 0.6328 0.3847
vn -0.5114 0.8212 0.2530
vn -0.7239 0.6404 0.2567
vn -0.5398 0.8305 0.1375
vn -0.7599 0.6399 0.1141
vn -0.8685 0.4180 0.2666
vn -0.8108 0.4169 0.4109
vn -0.5961 0.0165 -0.8028
vn -0.5381 -0.1095 -0.8357
vn -0.6619 0.2180 -0.7172
vn -0.4825 0.0897 -0.8713
vn -0.7589 -0.1395 -0.6361
vn -0.8012 -0.2681 -0.5350
vn -0.7959 0.0518 -0.6032
vn -0.6291 -0.2524 -0.7352
vn -0.5231 -0.3021 -0.7969
vn -0.5717 -0.1645 -0.8038
vn -0.5713 -0.2091 -0.7937
vn -0.4252 -0.0360 -0.9044
vn -0.2911 0.0769 -0.9536
vn -0.2430 0.1701 -0.9550
vn -0.3932 0.0527 -0.9179
vn -0.3948 0.1292 -0.9097
vn -0.4554 0.0871 -0.8860
vn -0.5459 0.3387 -0.7664
vn -0.3972 0.2844 -0.8726
vn -0.5626 0.3519 -0.7481
vn -0.5984 0.4257 -0.6788
vn -0.7376 0.4070 -0.5388
vn -0.6964 0.5746 -0.4298
vn -0.6511 0.5476 -0.5256
vn -0.7333 0.5837 -0.3487
vn -0.6937 0.6604 -0.2874
vn -0.6804 0.6670 -0.3034
vn -0.7106 0.6359 -0.3012
vn -0.6338 0.7142 -0.2972
vn -0.6286 0.7401 -0.2392
vn -0.6577 0.6668 -0.3503
vn -0.5827 0.7469 -0.3203
vn -0.5577 0.7777 -0.2900
vn -0.5992 0.7203 -0.3494
vn -0.5501 0.7756 -0.3097
vn -0.5201 0.8017 -0.2947
vn -0.5656 0.7561 -0.3294
vn -0.5385 0.7627 -0.3582
vn -0.4060 0.8700 -0.2796
vn -0.6088 0.7275 -0.3165
vn -0.4886 0.7079 -0.5100
vn -0.6919 0.6077 -0.3899
vn -0.2497 0.7954 -0.5522
vn -0.5515 0.5092 -0.6607
vn -0.7659 0.4521 -0.4572
vn -0.6986 0.4431 -0.5618
vn -0.3930 0.5256 -0.7545
vn -0.5078 0.4368 -0.7425
vn -0.7073 0.5304 -0.4673
vn -0.7417 0.6356 -0.2142
vn -0.7844 0.5328 -0.3176
vn -0.7818 0.5363 -0.3181
vn -0.7426 0.6374 -0.2057
vn -0.7886 0.5698 -0.2313
vn -0.6554 0.7522 0.0675
vn -0.7484 0.6631 0.0152
vn -0.5858 0.7804 0.2187
vn -0.6072 0.7944 -0.0173
vn -0.2576 0.8838 0.3905
vn -0.6874 0.7003 0.1926
vn -0.7943 0.5709 0.2080
vn -0.8538 0.4757 0.2115
vn -0.7774 0.6241 0.0784
vn -0.7451 0.6433 -0.1759
vn -0.8199 0.5036 0.2722
vn -0.7589 0.6502 0.0366
vn -0.6705 0.7231 -0.1658
vn -0.6189 0.6170 -0.4860
vn -0.7075 0.6396 -0.3007
vn -0.6916 0.5175 -0.5038
vn -0.7977 0.4376 -0.4149
vn -0.7430 0.4562 -0.4898
vn -0.7375 0.6237 -0.2589
vn -0.6132 0.4663 -0.6377
vn -0.6811 0.6651 -0.3061
vn -0.5377 0.8350 -0.1167
vn -0.5399 0.8037 -0.2500
vn -0.6130 0.7739 -0.1593
vn -0.5698 0.7839 -0.2467
vn -0.6110 0.6898 -0.3885
vn -0.7101 0.5594 -0.4276
vn -0.6050 0.6622 -0.4422
vn -0.6885 0.4949 -0.5301
vn -0.8112 0.3154 -0.4924
vn -0.9543 0.2096 -0.2133
vn -0.8326 0.4464 -0.3280
vn -0.8839 0.4226 -0.2005
vn -0.8643 0.3810 -0.3284
vn -0.7910 0.2283 -0.5676
vn -0.9712 0.2233 -0.0835
vn -0.8360 0.3303 -0.4383
vn -0.2591 0.9430 -0.2091
vn -0.6001 0.7824 0.1665
vn -0.4813 0.8713 -0.0960
vn -0.6680 0.7441 0.0130
vn -0.5732 0.7837 -0.2394
vn -0.7264 0.6724 -0.1424
vn -0.5932 0.7719 -0.2286
vn -0.7256 0.6749 -0.1339
vn -0.6429 0.7402 -0.1971
vn -0.7321 0.6650 -0.1476
vn -0.6748 0.6580 -0.3342
vn -0.7616 0.5754 -0.2982
vn -0.6541 0.5081 -0.5604
vn -0.7507 0.4071 -0.5204
vn -0.5480 0.3173 -0.7739
vn -0.8466 0.2751 -0.4556
vn -0.8956 0.2060 -0.3942
vn -0.8592 0.4512 -0.2412
vn -0.8389 0.5371 -0.0886
vn -0.8853 0.4100 -0.2195
vn -0.8695 0.4871 -0.0821
vn -0.8357 0.4973 -0.2331
vn -0.8454 0.5186 -0.1276
vn -0.6803 0.6775 -0.2797
vn -0.9007 0.2537 -0.3526
vn -0.8584 0.4005 -0.3206
vn -0.9048 0.0383 -0.4242
vn -0.8387 0.1790 -0.5144
vn -0.9141 -0.2472 -0.3215
vn -0.8880 -0.0334 -0.4585
vn -0.8674 0.0470 -0.4954
vn -0.6124 0.3148 -0.7251
vn -0.1529 0.5891 -0.7935
vn -0.5781 0.5039 -0.6418
vn -0.5088 0.7393 -0.4411
vn -0.1370 0.7375 -0.6613
vn -0.3031 0.8024 -0.5141
vn -0.7166 0.5294 -0.4542
vn -0.8456 0.3768 -0.3781
vn -0.5518 0.7252 -0.4118
vn -0.7571 0.5169 -0.3995
vn -0.7343 0.6203 -0.2756
vn -0.8318 0.5079 -0.2238
vn -0.8028 0.5753 -0.1567
vn -0.8296 0.5301 -0.1752
vn -0.8382 0.5140 -0.1822
vn -0.8375 0.5308 -0.1297
vn -0.8719 0.4838 -0.0761
vn -0.8882 0.4549 -0.0647
vn -0.8821 0.4697 -0.0365
vn -0.8909 0.4529 -0.0328
vn -0.8470 0.5289 -0.0531
vn -0.8535 0.5184 -0.0522
vn -0.8244 0.5551 0.1111
vn -0.8744 0.4317 0.2217
vn -0.9133 0.4023 0.0634
vn -0.9640 0.2445 0.1042
vn -0.9045 0.4157 -0.0958
vn -0.9396 0.3359 -0.0663
vn -0.8568 0.4835 -0.1793
vn -0.8892 0.4086 -0.2056
vn -0.8263 0.4788 -0.2967
vn -0.8316 0.4496 -0.3261
vn -0.7810 0.5461 -0.3032
vn -0.7173 0.6085 -0.3393
vn -0.8108 0.5698 -0.1337
vn -0.6290 0.7286 -0.2710
vn -0.6211 0.7663 -0.1641
vn -0.7833 0.5702 -0.2474
vn -0.9147 0.3852 -0.1222
vn -0.7261 0.6738 -0.1368
vn -0.9143 0.4031 -0.0401
vn -0.6496 0.7583 0.0543
vn -0.8263 0.5613 0.0466
vn -0.5641 0.7566 0.3306
vn -0.6395 0.7675 0.0458
vn -0.7549 0.5475 0.3610
vn -0.8750 0.1892 0.4457
vn -0.8612 0.2006 0.4671
vn -0.7247 0.6095 0.3214
vn -0.5367 0.8317 0.1422
vn -0.8788 0.3458 0.3289
vn -0.8061 0.5723 0.1506
vn -0.6716 0.7406 0.0204
vn -0.4367 0.8363 -0.3314
vn -0.4464 0.8921 -0.0694
vn -0.4629 0.8479 -0.2584
vn -0.7792 0.6267 0.0065
vn -0.6171 0.7378 0.2735
vn -0.9049 0.3916 -0.1669
vn -0.9407 0.3369 -0.0388
vn -0.9701 0.2353 -0.0588
vn -0.9491 0.3086 0.0630
vn -0.9450 0.2954 0.1401
vn -0.9352 0.3530 0.0283
vn -0.9638 0.2567 0.0727
vn -0.2613 0.8475 0.4621
vn -0.5429 0.7256 0.4227
vn 0.1049 0.8262 0.5535
vn -0.2907 0.7853 0.5466
vn -0.2892 0.7196 0.6313
vn -0.4978 0.7132 0.4936
vn -0.0546 0.8223 0.5664
vn 0.0896 0.7787 0.6210
vn -0.0670 0.7639 0.6419
vn 0.0204 0.7630 0.6461
vn -0.0511 0.7063 0.7061
vn 0.0199 0.7284 0.6849
vn 0.0126 0.5819 0.8132
vn -0.2822 0.6509 0.7047
vn -0.2614 0.5418 0.7988
vn -0.4908 0.5775 0.6524
vn -0.4887 0.4897 0.7221
vn -0.5466 0.5542 0.6278
vn -0.4903 0.6407 0.5909
vn -0.5559 0.6022 0.5730
vn -0.5435 0.5999 0.5871
vn -0.6035 0.6206 0.5007
vn -0.7166 0.4979 0.4885
vn -0.5652 0.5810 0.5856
vn -0.6363 0.4940 0.5926
vn -0.5389 0.5795 0.6114
vn -0.5192 0.5974 0.6112
vn -0.5110 0.5903 0.6249
vn -0.6874 0.5094 0.5178
vn -0.8324 0.4010 0.3824
vn -0.6544 0.6043 0.4544
vn -0.6260 0.4987 0.5995
vn -0.8010 0.3251 0.5027
vn -0.4678 0.5692 0.6761
vn -0.5583 0.4611 0.6897
vn -0.4987 0.5738 0.6496
vn -0.4092 0.5329 0.7407
vn -0.4935 0.5063 0.7072
vn -0.3798 0.5361 0.7539
vn -0.3330 0.4172 0.8456
vn -0.3002 0.4382 0.8473
vn -0.4974 0.4474 0.7433
vn -0.1973 0.3578 0.9127
vn -0.5379 0.3951 0.7447
vn 0.0328 0.2839 0.9583
vn -0.1419 0.2275 0.9634
vn -0.3480 0.1690 0.9221
vn 0.0563 -0.0016 0.9984
vn 0.2753 0.1633 0.9474
vn 0.2989 -0.0077 0.9542
vn -0.0460 0.1590 0.9862
vn -0.2007 0.4011 0.8938
vn -0.8482 0.2628 0.4598
vn -0.3757 0.2294 0.8979
vn -0.5180 0.3654 0.7734
vn -0.4887 0.2987 0.8197
vn -0.5222 0.3432 0.7807
vn -0.4194 0.2897 0.8603
vn -0.2030 0.3309 0.9216
vn -0.6305 0.2473 0.7357
vn -0.4594 0.3465 0.8178
vn -0.2188 0.3753 0.9007
vn -0.4809 0.4201 0.7696
vn -0.2387 0.4503 0.8604
vn -0.5453 0.4079 0.7323
vn -0.5482 0.4757 0.6878
vn -0.5178 0.4230 0.7436
vn -0.5244 0.4895 0.6967
vn -0.5273 0.5639 0.6356
vn 0.0626 0.4605 0.8854
vn 0.1857 0.4765 0.8593
vn 0.0785 0.3819 0.9209
vn 0.2305 0.3857 0.8933
vn 0.1249 0.4318 0.8933
vn 0.2840 0.4582 0.8423
vn 0.4025 0.4707 0.7851
vn 0.5088 0.6149 0.6025
vn -0.1922 0.3255 0.9258
vn 0.4100 0.6711 0.6176
vn 0.7799 0.5777 0.2411
vn 0.2141 0.8481 0.4846
vn -0.2351 0.5821 0.7784
vn -0.3393 0.7535 0.5631
vn -0.7337 0.4259 0.5294
vn -0.7329 0.5496 0.4009
vn -0.9855 0.1655 -0.0379
vn -0.9771 0.1940 0.0879
vn 0.7097 0.6848 0.1655
vn 0.2132 0.5499 0.8076
vn 0.2201 0.4438 0.8687
vn 0.3293 0.3962 0.8571
vn 0.2638 0.4158 0.8703
vn 0.2228 0.3625 0.9050
vn 0.2222 0.4826 0.8472
vn -0.1632 0.3376 0.9270
vn -0.1897 0.4555 0.8698
vn -0.5264 0.2213 0.8209
vn -0.0825 0.3032 0.9493
vn -0.5330 0.1501 0.8327
vn -0.4223 0.2771 0.8631
vn -0.3359 0.4433 0.8311
vn -0.2694 0.5576 0.7852
vn -0.1946 0.5473 0.8140
vn 0.0826 0.5974 0.7977
vn -0.2216 0.6411 0.7347
vn -0.0259 0.6885 0.7247
vn -0.0942 0.6758 0.7310
vn -0.0538 0.7288 0.6827
vn 0.0653 0.6994 0.7117
vn 0.0369 0.5968 0.8015
vn 0.2497 0.6345 0.7315
vn 0.2963 0.7470 0.5952
vn 0.0513 0.8829 0.4667
vn 0.1074 0.7544 0.6476
vn -0.0070 0.7345 0.6786
vn -0.0237 0.8141 0.5802
vn -0.0769 0.7428 0.6651
vn -0.2136 0.8866 0.4102
vn -0.2324 0.8026 0.5494
vn -0.3592 0.8653 0.3496
vn -0.3002 0.9256 0.2307
vn -0.4767 0.8604 0.1803
vn -0.5824 0.7976 0.1570
vn -0.6677 0.7201 0.1889
vn -0.4483 0.8406 0.3042
vn -0.4299 0.8134 0.3919
vn -0.5043 0.8242 0.2576
vn -0.4584 0.8363 0.3007
vn -0.5466 0.7602 0.3511
vn -0.4420 0.8104 0.3847
vn -0.6401 0.6376 0.4287
vn -0.7115 0.6332 0.3045
vn -0.7089 0.5591 0.4299
vn -0.5135 0.7225 0.4629
vn -0.4858 0.7056 0.5159
vn -0.4638 0.7408 0.4859
vn -0.4870 0.7818 0.3894
vn -0.3783 0.8877 0.2623
vn -0.3468 0.8923 0.2889
vn -0.1008 0.9691 0.2249
vn -0.2285 0.8754 0.4260
vn 0.0334 0.9148 0.4026
vn -0.0910 0.7963 0.5980
vn -0.3560 0.8056 0.4735
vn 0.1415 0.7992 0.5842
vn 0.0480 0.7103 0.7023
vn 0.1996 0.6331 0.7479
vn 0.1278 0.6972 0.7054
vn 0.2671 0.6867 0.6761
vn 0.0383 0.7287 0.6838
vn 0.0076 0.7483 0.6633
vn -0.0282 0.7282 0.6848
vn -0.0086 0.7363 0.6766
vn 0.0542 0.6571 0.7519
vn 0.1016 0.6164 0.7808
vn 0.1637 0.5286 0.8329
vn -0.8240 0.5087 0.2493
vn -0.5572 0.7216 0.4109
vn -0.7695 0.6060 0.2016
vn -0.5088 0.7532 0.4169
vn -0.4009 0.6858 0.6074
vn -0.2763 0.7692 0.5762
vn -0.5918 0.4399 0.6755
vn -0.4388 0.5636 0.6999
vn -0.7236 0.2698 0.6353
vn -0.6313 0.2684 0.7276
vn -0.4588 0.5386 0.7067
vn -0.3029 0.7759 0.5534
vn -0.2832 0.7176 0.6363
vn -0.1857 0.8108 0.5551
vn -0.2125 0.8038 0.5557
vn -0.1202 0.8289 0.5463
vn -0.1632 0.8358 0.5242
vn -0.0684 0.8410 0.5366
vn -0.0771 0.8655 0.4950
vn -0.2714 0.8471 0.4569
vn -0.1814 0.8697 0.4590
vn -0.1686 0.9211 0.3511
vn -0.2939 0.9502 0.1033
vn -0.0802 0.9149 0.3956
vn -0.0231 0.8565 0.5157
vn -0.2621 0.9076 0.3281
vn -0.3450 0.8490 0.4002
vn -0.5449 0.7683 0.3360
vn -0.6660 0.7356 0.1239
vn -0.4178 0.8533 0.3119
vn -0.7014 0.7120 -0.0318
vn -0.4335 0.8526 0.2920
vn -0.0305 0.8445 0.5346
vn -0.7744 0.6326 0.0100
vn -0.4835 0.8078 0.3372
vn -0.8165 0.5483 0.1810
vn -0.5028 0.7733 0.3863
vn -0.7911 0.5185 0.3246
vn -0.5050 0.7597 0.4096
vn -0.7463 0.5422 0.3861
vn -0.7302 0.6050 0.3173
vn -0.1573 0.9489 -0.2737
vn 0.1878 0.8083 -0.5580
vn -0.4423 0.8952 -0.0552
vn -0.2246 0.8543 -0.4687
vn 0.0726 0.8271 -0.5574
vn -0.5461 0.7668 -0.3373
vn -0.5560 0.6944 -0.4569
vn -0.6548 0.6824 -0.3248
vn -0.4429 0.7656 -0.4665
vn -0.5202 0.7250 -0.4514
vn -0.4375 0.7530 -0.4915
vn -0.2413 0.7960 -0.5551
vn -0.5031 0.7247 -0.4709
vn -0.4382 0.7331 -0.5201
vn -0.4976 0.7120 -0.4955
vn -0.4417 0.7134 -0.5441
vn -0.2525 0.7753 -0.5789
vn -0.2591 0.7574 -0.5994
vn -0.0734 0.7896 -0.6092
vn -0.0789 0.7796 -0.6213
vn -0.0313 0.7879 -0.6151
vn -0.0611 0.7980 -0.5995
vn -0.0238 0.7879 -0.6153
vn -0.0379 0.8077 -0.5884
vn -0.0065 0.7860 -0.6182
vn 0.0192 0.7792 -0.6265
vn 0.1805 0.7556 -0.6296
vn 0.1170 0.7415 -0.6607
vn 0.3624 0.7044 -0.6104
vn 0.1609 0.7365 -0.6571
vn 0.3539 0.7079 -0.6112
vn 0.1533 0.7092 -0.6881
vn 0.3131 0.6757 -0.6674
vn 0.1663 0.6626 -0.7303
vn 0.0422 0.7437 -0.6671
vn 0.0264 0.6661 -0.7454
vn 0.1692 0.7297 -0.6625
vn 0.1390 0.6119 -0.7786
vn 0.2572 0.5663 -0.7831
vn 0.0667 0.5662 -0.8215
vn -0.0299 0.6215 -0.7828
vn -0.0072 0.6491 -0.7607
vn 0.1754 0.5061 -0.8444
vn 0.0566 0.6222 -0.7808
vn 0.0951 0.8008 -0.5913
vn -0.0300 0.9376 -0.3464
vn -0.0407 0.8273 -0.5602
vn -0.1762 0.8182 -0.5473
vn -0.1867 0.9186 -0.3482
vn -0.1405 0.9298 -0.3401
vn -0.0364 0.9258 -0.3762
vn 0.1769 0.8909 -0.4183
vn 0.0238 0.8316 -0.5548
vn 0.3116 0.7836 -0.5375
vn 0.1461 0.7066 -0.6923
vn -0.0977 0.6553 -0.7490
vn 0.4175 0.6519 -0.6330
vn 0.1812 0.6436 -0.7436
vn 0.3515 0.5547 -0.7541
vn 0.2963 0.5928 -0.7489
vn 0.3214 0.6102 -0.7241
vn 0.0480 0.6892 -0.7230
vn -0.1950 0.7119 -0.6747
vn -0.0735 0.7666 -0.6380
vn -0.1478 0.7513 -0.6432
vn -0.0309 0.7827 -0.6216
vn -0.1971 0.6712 -0.7146
vn -0.0259 0.7691 -0.6385
vn -0.3695 0.5751 -0.7298
vn -0.2623 0.6081 -0.7493
vn -0.5854 0.3604 -0.7262
vn -0.6591 0.3348 -0.6734
vn 0.2584 0.7689 -0.5849
vn -0.3322 0.5944 -0.7324
vn -0.0122 0.6943 -0.7195
vn 0.2256 0.7175 -0.6590
vn 0.0206 0.6246 -0.7807
vn 0.4583 0.6619 -0.5932
vn 0.0873 0.5700 -0.8170
vn 0.4832 0.5940 -0.6431
vn 0.7037 0.6434 -0.3015
vn 0.7663 0.5892 -0.2561
vn 0.2015 0.5433 -0.8150
vn -0.1131 0.4768 -0.8717
vn -0.4670 0.3749 -0.8008
vn -0.0217 0.5262 -0.8501
vn -0.2458 0.4647 -0.8507
vn -0.0622 0.6006 -0.7971
vn -0.2603 0.5474 -0.7954
vn -0.0801 0.6797 -0.7291
vn -0.2668 0.6372 -0.7231
vn -0.0789 0.7340 -0.6746
vn -0.0198 0.7423 -0.6697
vn -0.2655 0.7006 -0.6624
vn -0.0786 0.7631 -0.6415
vn -0.2628 0.7356 -0.6244
vn -0.4456 0.6893 -0.5712
vn -0.5035 0.6719 -0.5431
vn -0.4477 0.6511 -0.6128
vn -0.5090 0.6323 -0.5841
vn -0.4473 0.5835 -0.6778
vn -0.5121 0.5647 -0.6472
vn -0.4507 0.4835 -0.7504
vn -0.5243 0.4605 -0.7163
vn -0.4689 0.4042 -0.7854
vn -0.5666 0.3984 -0.7213
vn -0.7383 0.2418 -0.6296
vn -0.8469 0.1758 -0.5019
vn -0.9001 0.1865 -0.3938
vn -0.9081 0.2539 -0.3330
vn -0.5360 0.4477 -0.7157
vn -0.4277 0.4621 -0.7769
vn -0.4412 0.4850 -0.7551
vn -0.3405 0.5129 -0.7880
vn -0.4343 0.5792 -0.6898
vn -0.3190 0.6070 -0.7279
vn -0.3375 0.6673 -0.6639
vn -0.0930 0.6790 -0.7282
vn -0.2436 0.7092 -0.6616
vn 0.0056 0.6688 -0.7435
vn -0.3170 0.7026 -0.6371
vn -0.4983 0.6955 -0.5177
vn -0.2213 0.6607 -0.7173
vn -0.4101 0.7141 -0.5673
vn -0.4174 0.6544 -0.6305
vn -0.5095 0.6973 -0.5042
vn -0.5504 0.6530 -0.5202
vn -0.5326 0.7067 -0.4657
vn -0.4406 0.7949 -0.4172
vn -0.4827 0.7071 -0.5167
vn -0.2405 0.8382 -0.4895
vn -0.4361 0.6373 -0.6354
vn -0.5886 0.6309 -0.5055
vn -0.3771 0.5847 -0.7183
vn -0.1607 0.7056 -0.6901
vn -0.1022 0.5973 -0.7955
vn -0.0555 0.5896 -0.8058
vn 0.0313 0.6582 -0.7522
vn -0.3239 0.6037 -0.7284
vn -0.5656 0.5893 -0.5769
vn -0.2731 0.6694 -0.6908
vn -0.5178 0.6615 -0.5425
vn -0.1435 0.8198 -0.5543
vn -0.4265 0.7938 -0.4337
vn 0.0442 0.9053 -0.4224
vn 0.1616 0.7496 -0.6419
vn 0.1569 0.8200 -0.5504
vn -0.1952 0.9075 -0.3720
vn -0.3163 0.8518 -0.4176
vn -0.5047 0.8140 -0.2875
vn -0.5878 0.7535 -0.2946
vn -0.6812 0.6692 -0.2969
vn -0.7071 0.7071 -0.0051
vn -0.7743 0.6292 -0.0675
vn -0.7522 0.6459 -0.1305
vn -0.6699 0.7286 -0.1427
vn -0.7263 0.5874 -0.3570
vn -0.7046 0.6107 -0.3614
vn -0.5914 0.5748 -0.5656
vn 0.3237 0.6576 0.6803
vn 0.5986 0.7542 0.2699
vn -0.0878 0.5579 0.8253
vn 0.1580 0.8631 0.4796
vn 0.4317 0.8732 0.2261
vn -0.0716 0.7314 0.6781
vn -0.0297 0.8363 0.5474
vn -0.2097 0.7203 0.6612
vn -0.0564 0.8452 0.5315
vn -0.0393 0.8229 0.5668
vn -0.1554 0.8664 0.4745
vn 0.0130 0.9474 0.3199
vn -0.1434 0.8290 0.5406
vn -0.2400 0.8834 0.4024
vn -0.2787 0.8374 0.4701
vn -0.3137 0.8939 0.3201
vn -0.0655 0.9687 0.2393
vn -0.1396 0.9795 0.1455
vn 0.1671 0.9853 0.0357
vn 0.0887 0.9955 -0.0337
vn 0.2424 0.9658 -0.0915
vn 0.2247 0.9693 0.0998
vn 0.3268 0.9450 -0.0137
vn 0.2904 0.9353 0.2022
vn 0.3796 0.9194 0.1031
vn 0.4035 0.8941 0.1946
vn 0.4352 0.9003 -0.0041
vn 0.2568 0.9641 -0.0668
vn 0.3113 0.9420 -0.1253
vn 0.5351 0.8414 0.0750
vn 0.5489 0.8318 -0.0824
vn 0.5700 0.8026 0.1756
vn 0.6508 0.7592 0.0112
vn 0.5850 0.7385 0.3352
vn 0.4011 0.8735 0.2761
vn 0.3623 0.8629 0.3524
vn 0.4924 0.8634 0.1100
vn 0.4396 0.8881 0.1345
vn 0.5513 0.8314 -0.0703
vn 0.3322 0.9212 0.2028
vn 0.2942 0.8524 0.4322
vn 0.2052 0.9315 0.3005
vn 0.3928 0.9051 -0.1631
vn 0.2463 0.9687 -0.0312
vn 0.1780 0.9518 0.2498
vn 0.2000 0.8803 0.4301
vn 0.1463 0.9047 0.4001
vn 0.1163 0.8507 0.5126
vn 0.1308 0.8892 0.4383
vn 0.0049 0.8706 0.4920
vn 0.0971 0.9444 0.3143
vn -0.1632 0.9191 0.3586
vn -0.0264 0.9770 0.2117
vn 0.2605 0.9004 0.3484
vn 0.2185 0.9556 0.1976
vn -0.0967 0.9738 0.2059
vn -0.1818 0.9701 0.1609
vn -0.0614 0.9981 0.0008
vn -0.0976 0.9474 0.3048
vn 0.1981 0.9492 0.2445
vn 0.1443 0.8582 0.4926
vn 0.4008 0.8084 0.4310
vn 0.3040 0.7917 0.5299
vn 0.5985 0.6482 0.4709
vn 0.4248 0.7526 0.5031
vn 0.7221 0.5449 0.4262
vn 0.2024 0.8544 0.4786
vn 0.5246 0.7193 0.4553
vn 0.7733 0.5492 0.3169
vn 0.7281 0.6699 0.1452
vn 0.1130 0.9877 -0.1082
vn 0.1326 0.9864 -0.0974
vn 0.0597 0.9646 -0.2570
vn 0.1650 0.9796 -0.1143
vn 0.0843 0.9836 -0.1597
vn 0.1820 0.9769 -0.1124
vn -0.0697 0.9865 -0.1484
vn 0.1711 0.9708 -0.1680
vn -0.1196 0.9602 -0.2523
vn -0.2305 0.9398 -0.2522
vn -0.3794 0.8912 -0.2485
vn -0.4445 0.8454 -0.2961
vn -0.4222 0.8291 -0.3665
vn -0.1612 0.9259 -0.3417
vn 0.0973 0.9215 -0.3759
vn -0.1276 0.8683 -0.4794
vn 0.0668 0.8384 -0.5410
vn 0.1141 0.7638 -0.6353
vn 0.0912 0.7649 -0.6376
vn 0.0386 0.7711 -0.6355
vn 0.0456 0.8009 -0.5971
vn 0.0661 0.7565 -0.6506
vn -0.0165 0.7938 -0.6080
vn -0.1723 0.8122 -0.5574
vn -0.4160 0.7923 -0.4463
vn -0.0664 0.7904 -0.6089
vn -0.4153 0.7809 -0.4666
vn -0.0924 0.8497 -0.5191
vn -0.3981 0.8286 -0.3936
vn -0.0478 0.9373 -0.3452
vn -0.3246 0.9208 -0.2163
vn -0.0049 0.9747 -0.2235
vn -0.2659 0.9599 -0.0892
vn 0.1379 0.9547 -0.2636
vn 0.0363 0.9908 -0.1302
vn -0.2175 0.9759 0.0168
vn -0.4087 0.8920 0.1931
vn -0.4541 0.8453 0.2816
vn -0.4682 0.8798 0.0821
vn -0.5329 0.8280 0.1743
vn -0.5416 0.8398 -0.0373
vn -0.6043 0.7936 0.0709
vn -0.6453 0.7403 -0.1888
vn -0.7311 0.6802 -0.0527
vn -0.7211 0.6548 -0.2262
vn -0.8185 0.5669 -0.0930
vn -0.6336 0.7156 -0.2942
vn -0.7576 0.6285 -0.1759
vn -0.7868 0.5960 -0.1601
vn -0.7953 0.5823 -0.1686
vn -0.8205 0.5660 -0.0796
vn -0.8246 0.5649 -0.0324
vn -0.7874 0.6104 0.0865
vn -0.7664 0.6072 0.2098
vn -0.5432 0.8361 0.0761
vn -0.3808 0.9245 -0.0167
vn -0.3974 0.9162 -0.0522
vn -0.1666 0.9407 -0.2956
vn -0.1733 0.9609 -0.2160
vn -0.1549 0.9871 0.0399
vn -0.3047 0.9520 0.0286
vn -0.2477 0.9507 0.1867
vn -0.3586 0.8458 0.3950
vn -0.1313 0.9222 0.3636
vn -0.0484 0.9585 0.2808
vn -0.0228 0.8622 0.5060
vn -0.0230 0.8834 0.4681
vn 0.0061 0.8217 0.5699
vn 0.0304 0.8150 0.5787
vn 0.0187 0.8446 0.5350
vn 0.1939 0.8117 0.5509
vn -0.0148 0.9197 0.3924
vn -0.0896 0.8814 0.4638
vn -0.1116 0.9777 0.1777
vn 0.2039 0.9314 0.3014
vn 0.1259 0.9918 -0.0223
vn 0.1173 0.9580 -0.2618
vn 0.1093 0.9127 -0.3938
vn -0.1971 0.9803 0.0120
vn -0.2734 0.9324 0.2364
vn -0.1639 0.9825 -0.0883
vn -0.3179 0.9207 0.2265
vn 0.0247 0.9984 -0.0508
vn -0.0849 0.9382 0.3356
vn 0.2908 0.9566 -0.0210
vn 0.0868 0.8694 -0.4864
vn 0.2547 0.9015 -0.3498
vn 0.2089 0.9414 0.2649
vn 0.1380 0.9096 0.3920
vn 0.1250 0.7680 0.6282
vn -0.1089 0.8113 0.5743
vn -0.3306 0.7450 0.5793
vn -0.1662 0.5451 0.8217
vn -0.3270 0.4437 0.8344
vn -0.3371 0.4700 0.8158
vn -0.2953 0.5757 0.7625
vn -0.3337 0.7379 0.5866
vn -0.2578 0.7524 0.6062
vn -0.1731 0.9268 0.3333
vn 0.1807 0.9712 0.1555
vn 0.3225 0.9392 -0.1176
vn -0.1058 0.9129 0.3942
vn 0.1134 0.9909 0.0720
vn 0.0335 0.9994 0.0130
vn 0.2416 0.9640 -0.1113
vn -0.0238 0.9639 0.2653
vn -0.1668 0.9281 0.3328
vn -0.0894 0.9764 0.1968
vn -0.1496 0.9544 0.2583
vn -0.1148 0.9781 0.1738
vn -0.1523 0.9607 0.2319
vn -0.2044 0.9713 0.1218
vn -0.0042 0.9999 -0.0120
vn -0.1075 0.9918 -0.0687
vn 0.0904 0.9782 -0.1868
vn -0.0075 0.9782 -0.2078
vn 0.0708 0.9734 -0.2178
vn 0.1469 0.9745 -0.1698
vn 0.1654 0.9578 -0.2350
vn 0.0703 0.9781 -0.1962
vn 0.2657 0.9299 -0.2542
vn 0.2860 0.8693 -0.4031
vn 0.1465 0.9457 -0.2903
vn 0.1835 0.9024 -0.3898
vn 0.0775 0.9382 -0.3374
vn -0.0257 0.9627 -0.2693
vn 0.1232 0.9407 -0.3162
vn 0.1798 0.8623 -0.4734
vn 0.3189 0.7479 -0.5821
vn 0.2919 0.8744 -0.3876
vn -0.0279 0.8720 -0.4886
vn 0.0942 0.7350 -0.6714
vn -0.1238 0.9632 -0.2386
vn -0.1361 0.8824 -0.4505
vn -0.0765 0.9874 -0.1387
vn -0.0883 0.9935 -0.0725
vn -0.0414 0.9947 -0.0937
vn -0.1241 0.9806 -0.1517
vn -0.1472 0.9887 -0.0285
vn -0.1850 0.9821 -0.0350
vn -0.0193 0.9880 -0.1531
vn -0.3024 0.9505 -0.0708
vn -0.0620 0.9285 -0.3662
vn -0.4870 0.8720 0.0487
vn -0.5121 0.8192 -0.2584
vn -0.4156 0.7248 -0.5495
vn -0.7652 0.5390 -0.3520
vn -0.7130 0.6923 0.1112
vn -0.8573 0.5108 -0.0644
vn -0.6589 0.6531 -0.3732
vn -0.4638 0.8155 -0.3462
vn 0.1977 0.6060 -0.7705
vn -0.3895 0.7204 -0.5739
vn -0.1483 0.8716 -0.4672
vn -0.2834 0.7404 -0.6095
vn -0.2014 0.8230 -0.5311
vn -0.3852 0.7430 -0.5473
vn -0.5292 0.7821 -0.3291
vn -0.1756 0.6764 -0.7153
vn -0.2849 0.8314 -0.4770
vn -0.4205 0.8657 -0.2715
vn -0.1403 0.9220 -0.3609
vn -0.2645 0.9473 -0.1809
vn -0.0798 0.9310 -0.3562
vn 0.0049 0.9812 -0.1929
vn -0.0605 0.9666 -0.2492
vn -0.0239 0.9913 -0.1291
vn -0.0188 0.9872 -0.1582
vn -0.3584 0.9324 0.0460
vn -0.3641 0.9206 0.1411
vn -0.5093 0.8601 -0.0281
vn -0.5102 0.8559 0.0845
vn -0.5854 0.8107 0.0094
vn -0.5449 0.8286 0.1282
vn -0.6748 0.6963 0.2445
vn -0.5275 0.7148 0.4592
vn -0.5675 0.7459 -0.3486
vn -0.5313 0.7442 0.4049
vn -0.4645 0.3983 0.7910
vn -0.2933 0.8558 0.4262
vn -0.3473 0.9175 -0.1941
vn -0.0412 0.9952 -0.0891
vn 0.1433 0.7878 -0.5990
vn 0.3220 0.8115 -0.4877
vn 0.7066 0.3202 -0.6310
vn 0.6543 0.3087 -0.6904
vn -0.3727 0.4091 0.8329
vn -0.4979 0.8507 0.1686
vn -0.5155 0.8511 0.0991
vn -0.5417 0.8298 0.1341
vn -0.4614 0.8798 0.1146
vn -0.5186 0.8532 0.0549
vn -0.3910 0.9105 0.1345
vn -0.4191 0.8806 -0.2212
vn -0.2387 0.9540 -0.1815
vn -0.2162 0.8349 -0.5062
vn -0.5443 0.8181 -0.1859
vn -0.3419 0.7777 -0.5275
vn -0.2038 0.8812 -0.4266
vn -0.1741 0.9518 -0.2525
vn -0.1563 0.9815 -0.1109
vn -0.1561 0.9827 -0.0992
vn -0.2479 0.9583 0.1421
vn -0.1033 0.9946 -0.0125
vn -0.1610 0.9748 0.1544
vn -0.1787 0.9787 0.1012
vn -0.1479 0.9737 0.1735
vn -0.2677 0.9338 0.2372
vn -0.3460 0.9300 0.1241
vn -0.4180 0.8580 0.2984
vn -0.3113 0.8416 0.4414
vn -0.1791 0.9469 0.2671
vn -0.2593 0.9202 0.2933
vn -0.2061 0.9567 0.2056
vn -0.2854 0.9425 0.1737
vn -0.2932 0.9437 0.1532
vn -0.1517 0.9864 0.0626
vn -0.3378 0.9396 0.0553
vn 0.0703 0.9963 -0.0501
vn 0.1890 0.9815 0.0322
vn 0.4130 0.9052 -0.1001
vn 0.5602 0.8115 -0.1663
vn 0.6307 0.7336 -0.2531
vn 0.2733 0.9573 -0.0942
vn 0.0226 0.9993 -0.0313
vn 0.4504 0.8862 -0.1087
vn 0.2839 0.9585 -0.0272
vn 0.4884 0.8474 -0.2083
vn 0.3853 0.9141 -0.1259
vn 0.4770 0.7837 -0.3979
vn 0.5971 0.7116 -0.3702
vn 0.4851 0.7410 -0.4642
vn 0.4025 0.8686 -0.2890
vn 0.3199 0.8884 -0.3293
vn 0.2883 0.9076 -0.3052
vn 0.3221 0.9401 -0.1119
vn 0.2419 0.9623 0.1246
vn 0.1081 0.9765 0.1864
vn -0.0794 0.8628 0.4992
vn -0.2294 0.9422 0.2444
vn -0.3935 0.7713 0.5002
vn -0.4724 0.8525 0.2236
vn -0.2228 0.9747 -0.0146
vn -0.5055 0.7494 0.4276
vn -0.4783 0.8495 0.2227
vn -0.4873 0.7973 0.3562
vn -0.3519 0.8951 0.2739
vn -0.3824 0.8263 0.4134
vn -0.2109 0.9460 0.2463
vn -0.1649 0.9576 0.2363
vn -0.1667 0.9671 0.1922
vn -0.1521 0.9652 0.2126
vn -0.1903 0.9644 0.1837
vn -0.2181 0.9572 0.1905
vn -0.3186 0.9356 0.1522
vn 0.4578 0.7648 -0.4533
vn 0.2991 0.9101 -0.2867
vn 0.4761 0.8052 -0.3535
vn 0.2037 0.9368 -0.2844
vn 0.0772 0.9676 -0.2405
vn 0.0100 0.9859 -0.1672
vn 0.0584 0.8873 -0.4574
vn -0.0280 0.9324 -0.3603
vn 0.0950 0.8070 -0.5829
vn -0.0339 0.8124 -0.5822
vn -0.0213 0.9212 -0.3886
vn 0.1059 0.9716 -0.2118
vn -0.0289 0.9715 -0.2351
vn -0.0611 0.9850 -0.1614
vn 0.0382 0.9800 -0.1951
vn -0.0767 0.9904 -0.1153
vn 0.0967 0.9880 -0.1204
vn -0.0404 0.9992 0.0079
vn 0.1586 0.9835 0.0875
vn 0.2391 0.9534 -0.1842
vn 0.2685 0.9619 -0.0514
vn 0.3942 0.9030 0.1711
vn 0.6069 0.7344 0.3039
vn 0.3038 0.9053 0.2970
vn 0.1072 0.9339 0.3412
vn 0.4080 0.8623 0.3000
vn 0.3649 0.9071 0.2099
vn 0.4811 0.8757 0.0411
vn 0.6477 0.7618 -0.0154
vn 0.4181 0.8977 0.1389
vn 0.7256 0.6845 -0.0705
vn 0.3799 0.9250 0.0057
vn 0.0179 0.9850 0.1717
vn 0.6730 0.7011 -0.2357
vn 0.2807 0.9445 -0.1707
vn 0.5010 0.7601 -0.4139
vn 0.1835 0.9424 -0.2797
vn 0.3306 0.7996 -0.5014
vn 0.1360 0.9390 -0.3160
vn 0.2431 0.8125 -0.5299
vn 0.3468 0.8356 -0.4260
vn -0.0533 0.9821 -0.1807
vn -0.2798 0.7912 -0.5439
vn 0.0754 0.9844 0.1589
vn -0.2534 0.9556 -0.1501
vn -0.3001 0.8451 -0.4424
vn -0.2457 0.9470 0.2069
vn -0.3788 0.9035 0.2004
vn -0.2794 0.9007 0.3326
vn -0.3294 0.9415 0.0707
vn -0.3527 0.9222 0.1586
vn -0.3178 0.9470 0.0458
vn -0.3116 0.9393 -0.1438
vn -0.3393 0.9332 0.1180
vn -0.3710 0.9281 0.0318
vn -0.3739 0.9234 0.0869
vn -0.5011 0.8648 0.0318
vn -0.3688 0.9189 -0.1400
vn -0.5072 0.8496 -0.1446
vn -0.3559 0.8876 -0.2924
vn -0.4829 0.8193 -0.3090
vn -0.3539 0.8802 -0.3161
vn -0.3174 0.8986 -0.3030
vn -0.3427 0.8789 -0.3318
vn -0.3361 0.8784 -0.3397
vn -0.3714 0.8514 -0.3705
vn -0.3892 0.8295 -0.4006
vn -0.3592 0.7607 -0.5407
vn -0.3851 0.7923 -0.4732
vn -0.3162 0.6486 -0.6923
vn -0.3972 0.7500 -0.5288
vn -0.3183 0.6541 -0.6862
vn -0.4410 0.7298 -0.5225
vn -0.3884 0.6468 -0.6563
vn -0.5352 0.6639 -0.5224
vn -0.4409 0.7907 -0.4248
vn -0.5804 0.6981 -0.4192
vn -0.4029 0.7401 -0.5384
vn -0.5621 0.6399 -0.5240
vn -0.5373 0.5828 -0.6096
vn -0.6640 0.5665 -0.4880
vn -0.6675 0.6494 -0.3643
vn -0.5801 0.6905 -0.4320
vn -0.6466 0.5186 -0.5595
vn -0.5961 0.6209 -0.5091
vn -0.2998 0.8186 -0.4899
vn 0.0104 0.9875 -0.1570
vn -0.2538 0.9264 -0.2783
vn -0.2758 0.9596 -0.0566
vn -0.0104 0.9987 0.0501
vn 0.0294 0.9992 0.0276
vn 0.0356 0.9939 -0.1047
vn 0.0419 0.9403 -0.3378
vn -0.2241 0.9412 -0.2527
vn -0.1764 0.8346 -0.5218
vn -0.4755 0.7544 -0.4525
vn -0.5986 0.7597 -0.2539
vn -0.3823 0.6405 -0.6660
vn -0.5808 0.6342 -0.5103
vn -0.5530 0.5301 -0.6428
vn -0.5055 0.5826 -0.6365
vn -0.4448 0.6032 -0.6620
vn -0.4707 0.7884 -0.3960
vn -0.5343 0.8273 -0.1736
vn -0.3916 0.8791 -0.2717
vn -0.5043 0.8327 -0.2288
vn -0.4651 0.8158 -0.3438
vn -0.7060 0.6710 -0.2266
vn -0.6055 0.6975 -0.3833
vn -0.8567 0.5076 -0.0916
vn -0.7423 0.6522 -0.1535
vn -0.9027 0.3986 0.1623
vn -0.9150 0.3265 0.2370
vn -0.6200 0.3688 -0.6926
vn -0.9051 0.3991 -0.1463
vn -0.8244 0.3752 -0.4238
vn -0.6954 0.2967 -0.6546
vn -0.8722 0.2293 -0.4320
vn -0.5581 0.2047 -0.8041
vn -0.8630 0.1698 -0.4759
vn -0.6429 0.1638 -0.7483
vn -0.2087 0.2217 -0.9525
vn -0.1802 0.1933 -0.9644
vn -0.8584 0.1574 -0.4882
vn -0.9661 0.1804 -0.1845
vn -0.9611 0.1938 0.1966
vn -0.9304 0.1599 -0.3297
vn -0.9825 0.1849 -0.0230
vn -0.9186 0.2279 -0.3228
vn -0.9641 0.2497 -0.0905
vn -0.8635 0.3783 -0.3336
vn -0.9071 0.4039 -0.1186
vn -0.7657 0.5447 -0.3421
vn -0.7321 0.5411 -0.4138
vn -0.8053 0.5763 -0.1389
vn -0.6327 0.6998 -0.3316
vn -0.6655 0.7319 -0.1465
vn -0.6533 0.7557 0.0460
vn -0.6288 0.7698 0.1096
vn -0.7916 0.6071 0.0699
vn -0.7604 0.6314 0.1520
vn -0.8926 0.4393 0.1018
vn -0.8562 0.4710 0.2121
vn -0.9443 0.2821 0.1698
vn -0.9071 0.3078 0.2870
vn -0.9432 0.2237 0.2458
vn -0.9042 0.2633 0.3363
vn -0.8530 0.2049 0.4801
vn -0.7355 0.2394 0.6338
vn -0.6572 0.2959 0.6932
vn -0.6274 0.3713 0.6845
vn -0.9117 0.2911 0.2900
vn -0.9533 0.2424 0.1802
vn -0.9336 0.3006 0.1952
vn -0.9505 0.2965 0.0929
vn -0.8683 0.4697 0.1594
vn -0.8732 0.4849 0.0486
vn -0.7772 0.6292 0.0077
vn -0.7713 0.6037 -0.2015
vn -0.6553 0.7432 -0.1354
vn -0.6588 0.6647 -0.3524
vn -0.5382 0.8373 -0.0963
vn -0.4868 0.8693 0.0853
vn -0.5797 0.7937 -0.1844
vn -0.4230 0.9061 -0.0019
vn -0.4991 0.8665 0.0130
vn -0.3958 0.9084 0.1346
vn -0.4399 0.8782 0.1879
vn -0.3788 0.9092 0.1731
vn -0.2904 0.9536 0.0793
vn -0.4156 0.9026 0.1123
vn -0.3030 0.9431 -0.1371
vn -0.5346 0.8434 0.0534
vn -0.4478 0.8632 0.2331
vn -0.6128 0.7901 -0.0111
vn -0.5076 0.8292 -0.2339
vn -0.6212 0.7280 -0.2899
vn -0.6224 0.7079 -0.3339
vn -0.5353 0.7349 -0.4164
vn -0.6058 0.7927 -0.0680
vn -0.5205 0.8296 0.2022
vn -0.5424 0.8313 -0.1211
vn -0.4592 0.8757 0.1491
vn -0.3471 0.9065 -0.2404
vn -0.3030 0.9510 0.0619
vn -0.1595 0.9035 -0.3978
vn -0.3794 0.7594 -0.5286
vn -0.2766 0.8106 -0.5162
vn -0.1649 0.9727 -0.1632
vn -0.2487 0.9673 -0.0501
vn -0.1777 0.9692 0.1708
vn -0.2182 0.9404 0.2610
vn -0.2623 0.8919 0.3683
vn 0.0162 0.8845 0.4663
vn -0.0771 0.8441 0.5305
vn -0.1273 0.8637 0.4877
vn -0.0996 0.9168 0.3868
vn -0.3496 0.8405 0.4139
vn -0.3430 0.8561 0.3866
vn -0.5192 0.8223 0.2330
vn 0.6122 0.7448 0.2654
vn 0.7103 0.6657 -0.2286
vn 0.2826 0.7631 0.5813
vn 0.4259 0.8978 0.1125
vn 0.5297 0.8179 -0.2246
vn 0.2037 0.8798 0.4295
vn 0.1439 0.9327 0.3307
vn 0.0600 0.8739 0.4823
vn 0.2181 0.9362 0.2754
vn 0.1943 0.9110 0.3638
vn 0.2320 0.9132 0.3350
vn 0.3307 0.9376 0.1070
vn 0.2216 0.8829 0.4140
vn 0.2128 0.8932 0.3962
vn 0.2010 0.8689 0.4522
vn 0.0546 0.9122 0.4060
vn 0.2742 0.9429 0.1889
vn 0.0791 0.9737 0.2138
vn 0.3276 0.9435 -0.0503
vn 0.1700 0.9843 -0.0466
vn 0.3148 0.9340 -0.1688
vn 0.3883 0.9155 -0.1050
vn 0.3751 0.9081 -0.1862
vn 0.4155 0.8976 -0.1473
vn 0.3988 0.8931 -0.2079
vn 0.4155 0.8808 -0.2270
vn 0.4111 0.8389 -0.3567
vn 0.3268 0.9112 -0.2507
vn 0.2804 0.8382 -0.4677
vn 0.4595 0.7936 -0.3988
vn 0.4346 0.7042 -0.5614
vn 0.4478 0.7910 -0.4168
vn 0.4700 0.6695 -0.5752
vn 0.4493 0.7822 -0.4316
vn 0.4239 0.8731 -0.2410
vn 0.3795 0.8866 -0.2643
vn 0.5219 0.7555 -0.3960
vn 0.4373 0.7750 -0.4563
vn 0.5222 0.6347 -0.5697
vn 0.3186 0.8263 -0.4645
vn 0.3055 0.9126 -0.2719
vn 0.2512 0.8822 -0.3983
vn 0.3079 0.6587 -0.6866
vn 0.2242 0.7551 -0.6161
vn 0.3166 0.8508 -0.4194
vn 0.4652 0.8204 -0.3325
vn 0.2776 0.9033 -0.3271
vn 0.2228 0.9438 -0.2440
vn 0.3524 0.8801 -0.3182
vn 0.2063 0.9523 -0.2250
vn 0.3752 0.8532 -0.3624
vn 0.1554 0.9488 -0.2751
vn 0.2727 0.8763 -0.3972
vn 0.5622 0.7094 -0.4251
vn 0.5252 0.7242 -0.4469
vn 0.2433 0.8619 -0.4448
vn 0.2141 0.8445 -0.4910
vn 0.2534 0.7231 -0.6426
vn 0.2370 0.8607 -0.4506
vn 0.3439 0.7562 -0.5567
vn 0.3146 0.8729 -0.3730
vn 0.4159 0.7717 -0.4812
vn 0.3539 0.8556 -0.3778
vn 0.5344 0.7034 -0.4687
vn 0.3963 0.8232 -0.4066
vn 0.5779 0.6390 -0.5077
vn 0.2495 0.9317 -0.2639
vn 0.4311 0.7938 -0.4290
vn 0.5186 0.6274 -0.5809
vn 0.4444 0.6547 -0.6115
vn 0.2049 0.9381 -0.2794
vn 0.2099 0.9528 -0.2194
vn 0.0345 0.9513 -0.3062
vn 0.2590 0.9444 -0.2027
vn 0.1079 0.9753 -0.1926
vn 0.2234 0.9593 -0.1728
vn -0.0806 0.9890 -0.1243
vn 0.1243 0.9620 -0.2433
vn -0.1744 0.9759 -0.1314
vn -0.2753 0.9498 -0.1484
vn -0.3991 0.9169 0.0058
vn -0.4399 0.8919 0.1054
vn -0.4310 0.8976 0.0921
vn -0.2378 0.9646 -0.1141
vn -0.0460 0.9517 -0.3037
vn -0.2872 0.9374 -0.1967
vn -0.1720 0.9061 -0.3864
vn -0.2253 0.8429 -0.4887
vn -0.2474 0.8461 -0.4721
vn -0.2647 0.8354 -0.4817
vn -0.2429 0.8808 -0.4064
vn -0.2477 0.8285 -0.5023
vn -0.2926 0.8524 -0.4333
vn -0.3737 0.8756 -0.3061
vn -0.4821 0.8732 -0.0716
vn -0.3325 0.8778 -0.3449
vn -0.4783 0.8778 -0.0242
vn -0.2451 0.9278 -0.2811
vn -0.3819 0.9239 0.0230
vn -0.1137 0.9741 -0.1952
vn -0.2210 0.9738 0.0534
vn -0.0294 0.9875 -0.1551
vn -0.1597 0.9832 0.0879
vn 0.0411 0.9608 -0.2743
vn 0.0396 0.9922 -0.1186
vn -0.1146 0.9835 0.1398
vn -0.1938 0.9141 0.3562
vn -0.1473 0.9000 0.4102
vn -0.2524 0.9118 0.3240
vn -0.2664 0.8675 0.4201
vn -0.2855 0.9066 0.3108
vn -0.2923 0.8589 0.4205
vn -0.4385 0.8411 0.3168
vn -0.4257 0.8097 0.4039
vn -0.5528 0.7791 0.2957
vn -0.5541 0.7210 0.4160
vn -0.5560 0.8086 0.1925
vn -0.5788 0.7300 0.3635
vn -0.5823 0.7048 0.4053
vn -0.5787 0.6987 0.4207
vn -0.5435 0.7278 0.4183
vn -0.5114 0.7337 0.4474
vn -0.4068 0.7707 0.4903
vn -0.3507 0.7583 0.5495
vn -0.2515 0.9133 0.3205
vn -0.1976 0.9730 0.1189
vn -0.2086 0.9738 0.0903
vn -0.0907 0.9578 -0.2726
vn 0.1370 0.9439 -0.3004
vn 0.3238 0.9396 -0.1110
vn 0.0014 0.9995 0.0315
vn 0.2380 0.9651 0.1095
vn 0.1141 0.8952 0.4309
vn 0.3291 0.9200 0.2131
vn 0.3632 0.9300 0.0573
vn 0.2915 0.9158 0.2761
vn 0.2324 0.9483 0.2161
vn 0.2150 0.9248 0.3138
vn 0.2748 0.9211 0.2757
vn 0.2187 0.9388 0.2663
vn 0.4726 0.8654 0.1663
vn 0.2299 0.9666 0.1129
vn 0.0737 0.9563 0.2829
vn 0.2501 0.9629 -0.1015
vn 0.5251 0.8439 -0.1103
vn 0.5300 0.7635 -0.3690
vn 0.5431 0.6204 -0.5658
vn 0.5111 0.4750 -0.7164
vn 0.3332 0.9018 -0.2753
vn 0.1210 0.9920 0.0360
vn 0.4005 0.8055 -0.4367
vn 0.2512 0.9583 -0.1360
vn 0.5450 0.6672 -0.5078
vn 0.4882 0.8454 -0.2168
vn 0.6524 0.5314 -0.5403
vn 0.5085 0.3589 -0.7827
vn 0.5557 0.3922 -0.7331
vn 0.6620 0.6782 -0.3192
vn 0.6267 0.7506 -0.2093
vn 0.6193 0.7823 0.0670
vn 0.4270 0.9009 0.0778
vn 0.1525 0.9403 0.3044
vn 0.3110 0.7962 0.5191
vn 0.0611 0.7035 0.7081
vn 0.0186 0.6930 0.7207
vn 0.0598 0.7847 0.6170
vn -0.0062 0.8968 0.4424
vn 0.0071 0.8797 0.4755
vn 0.0354 0.9830 0.1804
vn 0.1943 0.8667 0.4594
vn 0.1648 0.8583 0.4860
vn -0.1013 0.7989 0.5929
vn 0.4230 0.8115 0.4033
vn 0.5222 0.7119 0.4695
vn 0.3421 0.8445 0.4121
vn 0.4111 0.8061 0.4257
vn 0.3422 0.8227 0.4539
vn 0.3411 0.8064 0.4830
vn 0.1665 0.8320 0.5291
vn 0.3431 0.7870 0.5127
vn 0.2999 0.7793 0.5503
vn 0.3695 0.7118 0.5974
vn 0.1845 0.7885 0.5867
vn 0.2220 0.7099 0.6684
vn 0.0115 0.7651 0.6438
vn 0.0368 0.6893 0.7235
vn -0.0260 0.7556 0.6546
vn -0.0064 0.8073 0.5901
vn -0.0528 0.7891 0.6120
vn -0.0162 0.8183 0.5745
vn -0.0677 0.7894 0.6101
vn -0.1003 0.5449 0.8325
vn -0.0430 0.8019 0.5959
vn 0.0497 0.8418 0.5375
vn 0.0522 0.8167 0.5747
vn -0.0176 0.7820 0.6231
vn 0.0567 0.7770 0.6269
vn 0.0167 0.7588 0.6511
vn 0.0809 0.7599 0.6450
vn 0.0271 0.6967 0.7169
vn -0.0082 0.6848 0.7287
vn 0.0828 0.7141 0.6952
vn 0.0308 0.5890 0.8076
vn 0.0692 0.6211 0.7807
vn 0.0078 0.5698 0.8217
vn 0.0153 0.4634 0.8860
vn 0.0165 0.4273 0.9039
vn 0.0275 0.5184 0.8547
vn 0.0293 0.3052 0.9518
vn 0.0474 0.3199 0.9463
vn 0.0056 0.3100 0.9507
vn 0.0789 0.3084 0.9480
vn -0.0522 0.3538 0.9339
vn 0.1440 0.2393 0.9602
vn 0.1364 0.2070 0.9688
vn 0.3289 0.3745 0.8670
vn 0.2264 0.4324 0.8728
vn 0.5008 0.4661 0.7294
vn 0.2843 0.5399 0.7923
vn 0.4245 0.4642 0.7774
vn 0.1879 0.6092 0.7704
vn 0.1443 0.5574 0.8176
vn 0.0704 0.7128 0.6978
vn 0.0413 0.7348 0.6770
vn 0.1555 0.7996 0.5801
vn 0.1540 0.8964 0.4157
vn 0.2722 0.7758 0.5692
vn 0.3583 0.8072 0.4691
vn 0.2350 0.8604 0.4521
vn 0.4273 0.7934 0.4335
vn 0.1893 0.9440 0.2702
vn 0.1049 0.9088 0.4037
vn 0.3369 0.8815 0.3308
vn 0.1969 0.9689 0.1502
vn 0.1488 0.9662 0.2104
vn 0.2177 0.9709 0.1000
vn 0.1822 0.9388 0.2923
vn 0.2331 0.9607 0.1509
vn 0.1823 0.9065 0.3809
vn 0.1828 0.9439 0.2750
vn 0.1601 0.6570 0.7367
vn 0.2305 0.9267 0.2969
vn 0.2609 0.9170 0.3016
vn 0.3691 0.8909 0.2647
vn 0.2549 0.9516 0.1718
vn 0.3251 0.9325 0.1571
vn 0.2723 0.9580 0.0897
vn 0.2976 0.9516 0.0765
vn 0.2219 0.9724 0.0719
vn 0.0446 0.9982 0.0407
vn 0.2176 0.9725 0.0831
vn 0.0449 0.9968 0.0662
vn 0.1634 0.9368 0.3093
vn -0.0034 0.9875 0.1574
vn 0.1721 0.8448 0.5067
vn 0.3469 0.8592 0.3760
vn 0.3709 0.7703 0.5187
vn 0.4288 0.7383 0.5207
vn 0.4426 0.5670 0.6947
vn 0.4917 0.7596 0.4257
vn 0.5371 0.2321 0.8110
vn -0.0661 0.9209 0.3840
vn 0.0422 0.9917 0.1218
vn -0.3870 0.3643 0.8470
vn 0.0439 0.2715 0.9614
vn 0.4238 0.2349 0.8748
vn 0.1475 0.2996 0.9426
vn -0.1597 0.4069 0.8994
vn 0.3745 0.4462 0.8128
vn -0.0517 0.5858 0.8088
vn 0.4146 0.6255 0.6609
vn -0.4863 0.5094 0.7100
vn 0.6499 0.6169 0.4439
vn 0.7814 0.6029 0.1611
vn 0.7497 0.4391 0.4952
vn 0.6584 0.3053 0.6880
vn 0.8645 0.3829 0.3256
vn 0.5884 0.4121 0.6957
vn 0.4464 0.3897 0.8055
vn 0.2332 0.3981 0.8872
vn 0.1000 0.3287 0.9391
vn 0.3095 0.4026 0.8615
vn 0.2504 0.4772 0.8424
vn 0.1918 0.3676 0.9100
vn 0.2138 0.4812 0.8502
vn -0.0148 0.3054 0.9521
vn -0.0091 0.2293 0.9733
vn -0.1022 0.3890 0.9156
vn -0.3583 0.2392 0.9024
vn -0.2026 0.1648 0.9653
vn -0.4200 0.2329 0.8771
vn -0.3862 0.2685 0.8825
vn -0.3996 0.4627 0.7914
vn -0.1971 0.4490 0.8715
vn 0.0874 0.5647 0.8207
vn -0.3059 0.6064 0.7339
vn -0.0645 0.6708 0.7389
vn -0.3377 0.6225 0.7060
vn -0.1982 0.6615 0.7233
vn -0.0907 0.4886 0.8678
vn -0.2775 0.5697 0.7736
vn -0.0172 0.4529 0.8914
vn 0.3203 0.3195 0.8918
vn 0.1980 0.4943 0.8464
vn 0.2271 0.3480 0.9096
vn 0.1453 0.5820 0.8001
vn 0.2838 0.4929 0.8225
vn 0.2856 0.6405 0.7128
vn 0.1627 0.6808 0.7141
vn 0.2761 0.6667 0.6923
vn 0.1378 0.6853 0.7151
vn 0.0735 0.6647 0.7435
vn 0.0688 0.6643 0.7443
vn -0.0374 0.6616 0.7489
vn -0.1843 0.6546 0.7332
vn 0.1466 0.6318 0.7612
vn 0.2783 0.6931 0.6650
vn 0.0318 0.6519 0.7577
vn 0.2164 0.6983 0.6823
vn -0.1000 0.6537 0.7501
vn 0.0719 0.6963 0.7141
vn -0.2134 0.6065 0.7659
vn -0.3653 0.5749 0.7321
vn -0.5324 0.3556 0.7682
vn -0.7934 0.2363 0.5609
vn -0.7091 0.5886 0.3882
vn -0.6714 0.5512 0.4953
vn -0.5237 0.7760 0.3516
vn -0.8995 0.3171 0.3004
vn -0.8853 0.4537 0.1023
vn -0.7934 0.5858 0.1654
vn -0.6650 0.6924 0.2798
vn -0.3877 0.8241 0.4129
vn -0.0741 0.7809 0.6203
vn 0.0792 0.7348 0.6736
vn -0.0906 0.6941 0.7141
vn 0.2738 0.6870 0.6731
vn 0.2911 0.6879 0.6649
vn 0.4476 0.6386 0.6260
vn 0.3558 0.7204 0.5953
vn 0.3980 0.7895 0.4673
vn 0.2799 0.8223 0.4955
vn 0.3211 0.8785 0.3538
vn 0.2810 0.8162 0.5048
vn 0.4035 0.8100 0.4256
vn 0.2421 0.7096 0.6617
vn 0.3818 0.6974 0.6066
vn 0.5130 0.6709 0.5355
vn 0.3775 0.6978 0.6088
vn 0.2597 0.7499 0.6084
vn 0.1291 0.7421 0.6577
vn -0.1028 0.5810 0.8074
vn 0.0799 0.7468 0.6602
vn 0.1237 0.6929 0.7104
vn 0.3094 0.7121 0.6303
vn 0.1949 0.5654 0.8015
vn 0.3362 0.5805 0.7416
vn 0.3431 0.4756 0.8100
vn 0.3946 0.5842 0.7092
vn 0.3902 0.4675 0.7933
vn 0.2593 0.5849 0.7686
vn 0.2814 0.4538 0.8455
vn 0.0651 0.5707 0.8186
vn 0.1013 0.4268 0.8987
vn 0.3735 0.3254 0.8687
vn 0.4735 0.3506 0.8080
vn 0.0970 0.2299 -0.9684
vn 0.1176 0.1539 -0.9811
vn 0.0833 0.3818 -0.9205
vn 0.2494 0.2405 -0.9381
vn -0.1919 0.1827 -0.9643
vn -0.3447 0.1118 -0.9320
vn -0.1935 0.3224 -0.9266
vn -0.0735 0.0652 -0.9952
vn -0.0026 -0.0496 -0.9988
vn 0.0710 0.1424 -0.9873
vn 0.0895 0.0986 -0.9911
vn 0.2426 0.1714 -0.9548
vn 0.4040 0.1930 -0.8942
vn 0.4730 0.2408 -0.8475
vn 0.3319 0.2056 -0.9206
vn 0.3159 0.2176 -0.9235
vn 0.2585 0.2309 -0.9380
vn 0.3578 0.4020 -0.8428
vn 0.4333 0.3073 -0.8472
vn 0.3821 0.4161 -0.8252
vn 0.3836 0.4799 -0.7890
vn 0.2345 0.5392 -0.8089
vn 0.3170 0.6444 -0.6959
vn 0.3281 0.5947 -0.7339
vn 0.2672 0.7071 -0.6547
vn 0.2722 0.7398 -0.6153
vn 0.2967 0.7163 -0.6316
vn 0.2124 0.7738 -0.5968
vn 0.2625 0.8027 -0.5355
vn 0.2917 0.7924 -0.5358
vn 0.1977 0.8194 -0.5381
vn 0.2657 0.8399 -0.4732
vn 0.2944 0.8367 -0.4619
vn 0.2125 0.8408 -0.4980
vn 0.2863 0.8417 -0.4578
vn 0.3136 0.8489 -0.4255
vn 0.2426 0.8336 -0.4962
vn 0.3152 0.8080 -0.4978
vn 0.4108 0.8461 -0.3397
vn 0.2693 0.8012 -0.5343
vn 0.4001 0.7133 -0.5755
vn 0.2666 0.7418 -0.6153
vn 0.6155 0.6389 -0.4616
vn 0.3511 0.6379 -0.6855
vn 0.2275 0.6999 -0.6770
vn 0.2586 0.6913 -0.6746
vn 0.4950 0.5163 -0.6988
vn 0.3781 0.5954 -0.7089
vn 0.2343 0.7193 -0.6540
vn 0.2044 0.7890 -0.5794
vn 0.2049 0.7564 -0.6212
vn 0.1480 0.7674 -0.6239
vn 0.1865 0.8138 -0.5504
vn 0.0405 0.8117 -0.5827
vn 0.0225 0.9678 -0.2507
vn -0.0782 0.9341 -0.3482
vn -0.0309 0.9968 -0.0735
vn 0.1702 0.9307 -0.3237
vn 0.1259 0.9530 0.2756
vn -0.1218 0.9783 -0.1674
vn -0.2676 0.9334 -0.2391
vn -0.3590 0.8883 -0.2864
vn -0.1535 0.9341 -0.3222
vn 0.0219 0.8672 -0.4975
vn -0.3576 0.9089 -0.2144
vn -0.1041 0.9355 -0.3376
vn 0.1008 0.9351 -0.3398
vn 0.3229 0.8131 -0.4843
vn 0.1466 0.8323 -0.5346
vn 0.2499 0.7564 -0.6044
vn 0.1889 0.7277 -0.6594
vn 0.2578 0.7300 -0.6329
vn 0.2821 0.7721 -0.5694
vn 0.3760 0.6874 -0.6213
vn 0.3239 0.7779 -0.5385
vn 0.3944 0.7702 -0.5013
vn 0.3701 0.7098 -0.5993
vn 0.3222 0.7771 -0.5407
vn 0.2563 0.8047 -0.5355
vn 0.1770 0.8222 -0.5410
vn 0.0780 0.8057 -0.5872
vn 0.2402 0.7373 -0.6314
vn 0.1010 0.7249 -0.6815
vn -0.0892 0.6856 -0.7225
vn -0.2954 0.6581 -0.6925
vn -0.0345 0.7667 -0.6410
vn -0.0694 0.7318 -0.6780
vn 0.0534 0.6423 -0.7646
vn 0.0754 0.4407 -0.8945
vn -0.2922 0.6344 -0.7157
vn 0.0619 0.5369 -0.8414
vn 0.4994 0.8465 -0.1847
vn -0.0086 0.9924 -0.1227
vn 0.2621 0.9342 -0.2422
vn 0.0168 0.9571 -0.2893
vn 0.2408 0.8745 -0.4210
vn 0.0319 0.8879 -0.4589
vn 0.2433 0.8476 -0.4716
vn 0.0432 0.8575 -0.5126
vn 0.2444 0.7984 -0.5503
vn 0.0561 0.8018 -0.5950
vn 0.2550 0.7084 -0.6581
vn 0.0713 0.7014 -0.7092
vn 0.2756 0.5694 -0.7744
vn 0.0731 0.5520 -0.8306
vn 0.2994 0.4056 -0.8636
vn -0.1927 0.5057 -0.8409
vn -0.3620 0.4775 -0.8006
vn -0.1513 0.6664 -0.7301
vn -0.1508 0.7670 -0.6237
vn -0.2882 0.6444 -0.7083
vn -0.2294 0.7529 -0.6169
vn -0.3223 0.6759 -0.6628
vn -0.2159 0.7797 -0.5877
vn -0.1913 0.7833 -0.5915
vn -0.4277 0.5041 -0.7503
vn -0.4243 0.5783 -0.6968
vn -0.4616 0.2954 -0.8365
vn -0.3319 0.3481 -0.8767
vn -0.5295 0.1668 -0.8317
vn -0.4079 0.2747 -0.8707
vn -0.3259 0.2702 -0.9060
vn 0.0669 0.2942 -0.9534
vn 0.6007 0.3055 -0.7388
vn 0.1152 0.4978 -0.8596
vn 0.1218 0.7162 -0.6872
vn 0.6311 0.4575 -0.6265
vn 0.4342 0.6628 -0.6101
vn -0.0426 0.7694 -0.6374
vn -0.1275 0.7793 -0.6136
vn 0.0526 0.8039 -0.5925
vn -0.0729 0.7965 -0.6003
vn -0.0903 0.8169 -0.5697
vn -0.0975 0.8320 -0.5462
vn -0.0624 0.8469 -0.5281
vn -0.1078 0.8545 -0.5081
vn -0.1318 0.8143 -0.5652
vn -0.1237 0.8360 -0.5346
vn -0.2071 0.8088 -0.5504
vn -0.2339 0.8178 -0.5257
vn -0.2339 0.8015 -0.5503
vn -0.2553 0.8247 -0.5047
vn -0.1692 0.8223 -0.5434
vn -0.1837 0.8524 -0.4896
vn -0.2393 0.9112 -0.3353
vn -0.4020 0.8660 -0.2974
vn -0.3516 0.8216 -0.4487
vn -0.4869 0.7088 -0.5104
vn -0.2481 0.7865 -0.5656
vn -0.3125 0.7154 -0.6249
vn -0.1337 0.7950 -0.5916
vn -0.1456 0.7408 -0.6558
vn -0.0428 0.7631 -0.6449
vn -0.0087 0.7619 -0.6476
vn 0.0388 0.8127 -0.5814
vn 0.1505 0.8250 -0.5448
vn -0.0794 0.8565 -0.5100
vn 0.2151 0.7874 -0.5778
vn 0.1804 0.8408 -0.5103
vn 0.0731 0.7983 -0.5979
vn -0.0906 0.7366 -0.6702
vn 0.1063 0.8178 -0.5657
vn -0.0045 0.7716 -0.6361
vn 0.0511 0.9634 -0.2630
vn 0.0757 0.9141 -0.3984
vn 0.0195 0.9968 0.0775
vn 0.1878 0.9592 -0.2113
vn 0.0046 0.9942 0.1073
vn -0.3941 0.9172 -0.0584
vn -0.3612 0.9116 -0.1965
vn -0.0078 0.9959 -0.0901
vn -0.0556 0.9970 0.0539
vn -0.2992 0.9176 -0.2616
vn -0.1314 0.9477 -0.2909
vn -0.0761 0.9837 -0.1627
vn 0.2608 0.8018 -0.5377
vn 0.2777 0.9291 -0.2444
vn 0.5190 0.8016 -0.2967
vn 0.1538 0.9555 -0.2517
vn -0.0264 0.9926 0.1186
vn 0.0230 0.7825 -0.6223
vn 0.0037 0.7677 -0.6408
vn -0.2212 0.6170 -0.7552
vn -0.1674 0.6793 -0.7145
vn -0.3501 0.5858 -0.7309
vn -0.2700 0.6586 -0.7023
vn -0.4037 0.6060 -0.6854
vn 0.3409 0.9369 -0.0782
vn 0.6010 0.7899 -0.1216
vn -0.0258 0.9925 -0.1192
vn 0.3626 0.9126 -0.1886
vn 0.3373 0.8671 -0.3666
vn 0.5643 0.8011 -0.1994
vn 0.1264 0.9792 -0.1586
vn -0.0223 0.9771 -0.2117
vn 0.1141 0.9369 -0.3303
vn 0.0368 0.9510 -0.3070
vn 0.0135 0.8460 -0.5331
vn -0.0853 0.8799 -0.4674
vn -0.1032 0.7199 -0.6863
vn 0.2948 0.7653 -0.5722
vn 0.2195 0.6576 -0.7207
vn 0.5184 0.6606 -0.5430
vn 0.4589 0.5674 -0.6837
vn 0.5912 0.6301 -0.5034
vn 0.5405 0.7593 -0.3624
vn 0.6073 0.7135 -0.3495
vn 0.6053 0.7185 -0.3426
vn 0.6570 0.7107 -0.2516
vn 0.7462 0.5948 -0.2991
vn 0.6183 0.7134 -0.3298
vn 0.6706 0.6361 -0.3816
vn 0.5994 0.7228 -0.3440
vn 0.5863 0.7341 -0.3427
vn 0.5840 0.7051 -0.4022
vn 0.7397 0.5840 -0.3344
vn 0.8642 0.4009 -0.3042
vn 0.7326 0.5703 -0.3717
vn 0.6744 0.6308 -0.3837
vn 0.8178 0.4100 -0.4039
vn 0.5391 0.7325 -0.4158
vn 0.5975 0.6482 -0.4720
vn 0.5756 0.6936 -0.4332
vn 0.5104 0.6848 -0.5201
vn 0.5915 0.5900 -0.5496
vn 0.4669 0.7268 -0.5038
vn 0.4615 0.5695 -0.6802
vn 0.3992 0.6400 -0.6566
vn 0.6265 0.4742 -0.6186
vn 0.3412 0.4953 -0.7989
vn 0.6423 0.4268 -0.6366
vn 0.1473 0.5150 -0.8444
vn 0.2196 0.3878 -0.8952
vn 0.3894 0.3367 -0.8573
vn 0.0387 0.2174 -0.9753
vn -0.1234 0.4141 -0.9018
vn -0.1947 0.2254 -0.9546
vn 0.1447 0.3659 -0.9193
vn 0.2782 0.6496 -0.7076
vn 0.6847 0.6481 -0.3334
vn 0.4128 0.4491 -0.7924
vn 0.5925 0.4456 -0.6711
vn 0.4695 0.5764 -0.6688
vn 0.5041 0.4869 -0.7133
vn 0.4042 0.6045 -0.6865
vn 0.0549 0.5836 -0.8102
vn 0.6132 0.5845 -0.5313
vn 0.3474 0.5322 -0.7720
vn 0.0841 0.5580 -0.8256
vn 0.3927 0.5282 -0.7529
vn 0.1433 0.5899 -0.7947
vn 0.5177 0.4829 -0.7062
vn 0.5535 0.5226 -0.6484
vn 0.5872 0.4593 -0.6665
vn 0.5839 0.5373 -0.6086
vn 0.5918 0.6556 -0.4690
vn -0.1958 0.6110 -0.7670
vn -0.3655 0.6193 -0.6949
vn -0.2465 0.5438 -0.8022
vn -0.4437 0.5312 -0.7218
vn -0.2645 0.5613 -0.7842
vn -0.5531 0.5538 -0.6224
vn -0.5314 0.6604 -0.5305
vn -0.7036 0.6737 -0.2259
vn 0.0685 0.6509 -0.7561
vn -0.5825 0.7778 -0.2360
vn -0.8953 0.4412 0.0617
vn -0.3644 0.9308 0.0290
vn 0.0722 0.8984 -0.4331
vn 0.2044 0.9784 -0.0309
vn 0.6458 0.7043 -0.2948
vn 0.7210 0.6926 0.0242
vn 0.9275 0.3711 -0.0447
vn 0.9315 0.3620 0.0372
vn -0.8180 0.5346 0.2124
vn -0.5191 0.6886 -0.5063
vn -0.5145 0.5901 -0.6221
vn -0.5949 0.5323 -0.6023
vn -0.5075 0.5645 -0.6510
vn -0.5455 0.5386 -0.6421
vn -0.4894 0.6505 -0.5808
vn -0.1939 0.5886 -0.7848
vn -0.0922 0.7271 -0.6803
vn 0.2099 0.5516 -0.8073
vn -0.3486 0.5047 -0.7898
vn 0.0994 0.4575 -0.8836
vn 0.1710 0.6150 -0.7698
vn 0.1970 0.7525 -0.6285
vn 0.2643 0.8291 -0.4928
vn -0.0310 0.8123 -0.5824
vn -0.3223 0.7726 -0.5470
vn 0.1445 0.8797 -0.4531
vn -0.1340 0.8676 -0.4789
vn 0.1475 0.9102 -0.3871
vn 0.0525 0.9292 -0.3659
vn -0.0000 0.9350 -0.3547
vn 0.0335 0.8868 -0.4609
vn -0.1598 0.9016 -0.4019
vn -0.1828 0.9538 -0.2383
vn 0.0429 0.9506 -0.3075
vn -0.0382 0.9477 -0.3167
vn 0.0531 0.9389 -0.3399
vn 0.0179 0.9059 -0.4232
vn 0.0158 0.9037 -0.4279
vn 0.1362 0.8622 -0.4880
vn 0.0198 0.8455 -0.5336
vn 0.2623 0.7922 -0.5510
vn 0.3995 0.8562 -0.3276
vn 0.5601 0.7289 -0.3936
vn 0.6343 0.6782 -0.3712
vn 0.6701 0.6016 -0.4348
vn 0.3706 0.7683 -0.5220
vn 0.1086 0.8359 -0.5381
vn 0.4601 0.7578 -0.4626
vn 0.1966 0.8911 -0.4090
vn 0.5172 0.7385 -0.4326
vn 0.2697 0.8962 -0.3523
vn 0.6085 0.6697 -0.4257
vn 0.7014 0.5159 -0.4918
vn 0.6929 0.5248 -0.4945
vn 0.4573 0.7833 -0.4212
vn 0.3799 0.7924 -0.4773
vn 0.2678 0.8443 -0.4641
vn 0.1599 0.9385 -0.3061
vn -0.0279 0.9931 -0.1139
vn -0.0331 0.9674 -0.2509
vn -0.2891 0.9558 -0.0542
vn -0.1607 0.9145 -0.3713
vn -0.3817 0.8987 -0.2160
vn -0.2258 0.8485 -0.4785
vn 0.0507 0.8113 -0.5824
vn -0.3763 0.8684 -0.3229
vn -0.1952 0.8592 -0.4729
vn -0.3057 0.8745 -0.3765
vn -0.1221 0.9203 -0.3716
vn -0.2572 0.9266 -0.2742
vn 0.0193 0.9506 -0.3099
vn 0.0538 0.9501 -0.3074
vn 0.0961 0.9419 -0.3218
vn -0.0428 0.9096 -0.4132
vn -0.2203 0.8034 -0.5532
vn -0.2479 0.7521 -0.6106
vn -0.3735 0.6803 -0.6306
vn 0.8546 0.4256 -0.2976
vn 0.6884 0.5853 -0.4284
vn 0.8066 0.4945 -0.3238
vn 0.6245 0.5999 -0.5001
vn 0.5358 0.6906 -0.4858
vn 0.4829 0.6796 -0.5522
vn 0.6311 0.5783 -0.5170
vn 0.5548 0.5939 -0.5826
vn 0.7157 0.4591 -0.5263
vn 0.6369 0.4486 -0.6270
vn 0.5970 0.5563 -0.5780
vn 0.6397 0.6346 -0.4336
vn 0.5351 0.6271 -0.5661
vn 0.4485 0.6825 -0.5771
vn 0.5801 0.6470 -0.4949
vn 0.4286 0.7116 -0.5568
vn 0.5896 0.6879 -0.4233
vn 0.4059 0.7740 -0.4859
vn 0.5349 0.7968 -0.2810
vn 0.7177 0.6189 -0.3193
vn 0.6888 0.6842 -0.2394
vn 0.6455 0.7638 -0.0060
vn 0.6470 0.7124 0.2719
vn 0.5071 0.8613 -0.0328
vn 0.3389 0.9246 -0.1739
vn 0.5539 0.8300 0.0654
vn 0.5758 0.8159 -0.0521
vn 0.7271 0.6830 -0.0698
vn 0.8166 0.5752 0.0484
vn 0.6308 0.7711 -0.0865
vn 0.8686 0.4875 0.0890
vn 0.6740 0.7056 -0.2190
vn 0.3716 0.8542 -0.3636
vn 0.9124 0.4038 -0.0661
vn 0.6827 0.6205 -0.3858
vn 0.8729 0.3560 -0.3338
vn 0.6321 0.5789 -0.5150
vn 0.7755 0.3178 -0.5456
vn 0.5993 0.5877 -0.5435
vn 0.7313 0.3544 -0.5828
vn 0.7456 0.4678 -0.4746
vn -0.0463 0.9262 -0.3742
vn 0.0009 0.9179 -0.3967
vn 0.0728 0.7588 -0.6472
vn -0.2068 0.9588 -0.1947
vn -0.3594 0.9116 -0.1998
vn -0.1114 0.9652 -0.2364
vn -0.1922 0.9484 -0.2522
vn -0.0232 0.9533 -0.3011
vn -0.0900 0.9327 -0.3494
vn 0.0994 0.9155 -0.3900
vn 0.1032 0.9268 -0.3612
vn 0.0493 0.9122 -0.4068
vn 0.0813 0.8844 -0.4595
vn 0.1746 0.8964 -0.4074
vn 0.1213 0.8662 -0.4848
vn 0.2098 0.8658 -0.4542
vn 0.1364 0.8557 -0.4992
vn 0.1717 0.8800 -0.4428
vn 0.1724 0.8535 -0.4917
vn 0.1565 0.8378 -0.5230
vn 0.0751 0.8237 -0.5620
vn 0.0638 0.7711 -0.6336
vn -0.1798 0.5312 -0.8280
vn 0.0086 0.7666 -0.6420
vn -0.0608 0.7758 -0.6281
vn -0.1568 0.6886 -0.7080
vn 0.0806 0.8458 -0.5273
vn 0.0950 0.8136 -0.5736
vn 0.1294 0.8912 -0.4348
vn 0.1831 0.8284 -0.5294
vn 0.1074 0.8928 -0.4375
vn 0.1135 0.8777 -0.4656
vn 0.1826 0.8504 -0.4935
vn 0.0416 0.8504 -0.5245
vn 0.1492 0.8186 -0.5547
vn 0.0234 0.8268 -0.5621
vn -0.1063 0.7369 -0.6676
vn -0.0996 0.6763 -0.7298
vn -0.0346 0.7397 -0.6721
vn -0.3290 0.5955 -0.7329
vn -0.3711 0.6011 -0.7078
vn -0.1957 0.5641 -0.8022
vn -0.3456 0.6022 -0.7196
vn -0.2078 0.5631 -0.7998
vn -0.5179 0.5522 -0.6533
vn -0.5329 0.5216 -0.6663
vn -0.4805 0.6778 -0.5565
vn -0.3594 0.6957 -0.6220
vn -0.4282 0.8368 -0.3411
vn -0.1316 0.8453 -0.5178
vn -0.2645 0.9048 -0.3336
vn 0.0552 0.8685 -0.4927
vn -0.0128 0.8676 -0.4972
vn 0.1813 0.8153 -0.5499
vn 0.1425 0.8275 -0.5431
vn 0.1928 0.8158 -0.5452
vn 0.1465 0.9255 -0.3493
vn 0.1353 0.8852 -0.4451
vn 0.0307 0.9835 -0.1784
vn -0.0859 0.8544 -0.5125
vn -0.1842 0.9150 -0.3590
vn -0.1532 0.7608 -0.6306
vn -0.1092 0.7341 -0.6702
vn -0.3210 0.7584 -0.5672
vn -0.0957 0.7566 -0.6468
vn -0.1388 0.7001 -0.7004
vn -0.0533 0.8043 -0.5919
vn -0.1898 0.7198 -0.6678
vn -0.1820 0.7917 -0.5832
vn -0.2552 0.7024 -0.6645
vn -0.2482 0.6959 -0.6739
vn -0.3831 0.5698 -0.7270
vn -0.2325 0.7308 -0.6418
vn -0.3093 0.6801 -0.6647
vn -0.3843 0.7628 -0.5200
vn -0.2651 0.7921 -0.5498
vn -0.2812 0.8741 -0.3960
vn -0.1454 0.8674 -0.4758
vn -0.0911 0.9318 -0.3513
vn 0.0262 0.8671 -0.4975
vn 0.1975 0.8233 -0.5322
vn 0.0916 0.9146 -0.3939
vn 0.2524 0.8564 -0.4504
vn 0.0501 0.8952 -0.4428
vn 0.2605 0.8473 -0.4628
vn -0.0720 0.8531 -0.5167
vn -0.2228 0.8971 -0.3815
vn -0.3168 0.8585 -0.4033
vn -0.4716 0.7810 -0.4094
vn -0.5736 0.7001 -0.4253
vn -0.5295 0.7408 -0.4133
vn -0.7962 0.4413 -0.4140
vn 0.1881 0.8067 -0.5602
vn 0.0592 0.7350 -0.6755
vn 0.1021 0.3178 -0.9426
vn -0.2211 0.5306 -0.8183
vn -0.3256 0.5515 -0.7680
vn -0.1410 0.5564 -0.8188
vn -0.0734 0.3589 -0.9305
vn -0.3589 0.5047 -0.7851
vn -0.0401 0.3547 -0.9341
vn -0.3758 0.6357 -0.6743
vn 0.2961 0.2239 -0.9285
vn -0.4444 0.7833 -0.4346
vn -0.4022 0.8975 -0.1809
vn -0.4275 0.7063 -0.5642
vn -0.3286 0.5531 -0.7656
vn -0.3587 0.8960 -0.2616
vn -0.3362 0.6085 -0.7188
vn -0.2157 0.5822 -0.7839
vn -0.0091 0.4867 -0.8735
vn -0.0121 0.4015 -0.9158
vn -0.2095 0.5185 -0.8290
vn -0.1807 0.6041 -0.7762
vn -0.1960 0.4344 -0.8791
vn -0.1383 0.5536 -0.8212
vn -0.0843 0.2527 -0.9639
vn -0.0078 0.2270 -0.9739
vn 0.0210 0.3078 -0.9512
vn 0.1437 0.0397 -0.9888
vn 0.0523 0.0244 -0.9983
vn 0.1500 0.0294 -0.9883
vn 0.0889 0.1200 -0.9888
vn -0.0705 0.2042 -0.9764
vn 0.0840 0.3751 -0.9232
vn -0.0145 0.6509 -0.7591
vn 0.0103 0.4791 -0.8777
vn 0.0465 0.7367 -0.6746
vn -0.1521 0.7118 -0.6857
vn -0.0506 0.8141 -0.5785
vn -0.2255 0.8338 -0.5039
vn -0.2116 0.4543 -0.8653
vn -0.2690 0.7654 -0.5846
vn -0.0602 0.8266 -0.5595
vn -0.0396 0.6667 -0.7443
vn -0.1930 0.8394 -0.5080
vn -0.2463 0.8327 -0.4960
vn -0.1616 0.7525 -0.6384
vn -0.3159 0.7846 -0.5335
vn -0.2422 0.6481 -0.7220
vn -0.3509 0.7312 -0.5849
vn -0.2192 0.6402 -0.7362
vn -0.2159 0.5736 -0.7902
vn -0.2386 0.5866 -0.7739
vn -0.0575 0.6310 -0.7736
vn 0.1650 0.5901 -0.7903
vn -0.1279 0.6602 -0.7401
vn -0.2103 0.7082 -0.6740
vn 0.0105 0.6598 -0.7513
vn -0.0915 0.6907 -0.7174
vn 0.1284 0.6218 -0.7726
vn 0.0385 0.6583 -0.7518
vn 0.1692 0.5480 -0.8192
vn 0.2777 0.4414 -0.8533
vn 0.2194 0.1954 -0.9559
vn 0.4389 -0.0411 -0.8976
vn 0.6137 0.2819 -0.7375
vn 0.5255 0.2776 -0.8043
vn 0.6185 0.4917 -0.6130
vn 0.6755 -0.0276 -0.7369
vn 0.8169 0.0711 -0.5723
vn 0.7830 0.2199 -0.5818
vn 0.6990 0.3467 -0.6255
vn 0.5216 0.5583 -0.6452
vn 0.1854 0.6185 -0.7636
vn 0.0666 0.6410 -0.7646
vn 0.1523 0.6226 -0.7675
vn -0.0839 0.6721 -0.7357
vn -0.1082 0.6863 -0.7192
vn -0.3206 0.7669 -0.5560
vn -0.2247 0.7597 -0.6103
vn -0.2658 0.8966 -0.3543
vn -0.2586 0.8408 -0.4756
vn -0.2956 0.9121 -0.2840
vn -0.3742 0.8284 -0.4167
vn -0.4062 0.8685 -0.2840
vn -0.2996 0.7159 -0.6306
vn -0.4356 0.8080 -0.3968
vn -0.4713 0.8383 -0.2742
vn -0.3462 0.8526 -0.3914
vn -0.2227 0.8679 -0.4440
vn -0.1085 0.8722 -0.4770
vn -0.1695 0.8468 -0.5042
vn 0.0236 0.8429 -0.5376
vn 0.0763 0.8011 -0.5937
vn 0.0628 0.8658 -0.4964
vn -0.0338 0.7166 -0.6966
vn -0.0560 0.7780 -0.6258
vn -0.2207 0.6514 -0.7259
vn -0.0492 0.8009 -0.5967
vn -0.2154 0.6659 -0.7142
vn -0.0074 0.7888 -0.6147
vn -0.1422 0.6372 -0.7575
vn 0.0266 0.7917 -0.6103
vn -0.0865 0.6254 -0.7755
vn -0.1898 0.5878 -0.7864
vn -0.2366 0.6129 -0.7539
vn -0.5264 0.7910 0.3117
vn -0.8164 0.5773 0.0119
vn -0.2469 0.8024 0.5433
vn -0.6471 0.6505 0.3976
vn -0.7974 0.5901 0.1263
vn -0.4431 0.5812 0.6825
vn -0.5278 0.4720 0.7061
vn -0.3811 0.5015 0.7767
vn -0.5771 0.5548 0.5993
vn -0.5387 0.5096 0.6708
vn -0.5843 0.5705 0.5772
vn -0.6802 0.6032 0.4166
vn -0.5554 0.5337 0.6378
vn -0.6238 0.5277 0.5766
vn -0.5940 0.5119 0.6206
vn -0.6949 0.4031 0.5955
vn -0.7123 0.5537 0.4314
vn -0.7896 0.4205 0.4469
vn -0.7736 0.5644 0.2881
vn -0.8494 0.4408 0.2901
vn -0.7821 0.5641 0.2647
vn -0.7552 0.5971 0.2704
vn -0.7818 0.5724 0.2472
vn -0.7811 0.5772 0.2382
vn -0.8133 0.5412 0.2138
vn -0.8342 0.5192 0.1859
vn -0.8613 0.5072 0.0297
vn -0.8561 0.5053 0.1084
vn -0.8679 0.4702 -0.1600
vn -0.8787 0.4750 0.0484
vn -0.8683 0.4723 -0.1518
vn -0.8995 0.4327 0.0604
vn -0.9009 0.4211 -0.1051
vn -0.9430 0.3264 0.0652
vn -0.8702 0.4633 0.1675
vn -0.9337 0.3089 0.1813
vn -0.8842 0.4656 0.0382
vn -0.9543 0.2921 0.0630
vn -0.9601 0.2765 -0.0415
vn -0.9809 0.1688 0.0966
vn -0.9488 0.2101 0.2360
vn -0.9374 0.3053 0.1674
vn -0.9881 0.1536 0.0103
vn -0.9638 0.2548 0.0790
vn -0.8126 0.5780 0.0755
vn -0.4686 0.8271 0.3103
vn -0.7057 0.6508 0.2799
vn -0.6141 0.6235 0.4838
vn -0.3753 0.7855 0.4921
vn -0.3584 0.8127 0.4594
vn -0.4239 0.8367 0.3467
vn -0.5253 0.8409 0.1300
vn -0.6758 0.6748 0.2966
vn -0.7452 0.6667 0.0118
vn -0.8966 0.4197 0.1412
vn -0.8813 0.3170 0.3505
vn -0.8992 0.4212 -0.1181
vn -0.9584 0.2744 0.0784
vn -0.9690 0.2315 -0.0865
vn -0.9512 0.2994 -0.0752
vn -0.9284 0.3552 -0.1088
vn -0.8757 0.4391 0.2009
vn -0.8167 0.3926 0.4230
vn -0.7852 0.5335 0.3143
vn -0.8267 0.4243 0.3694
vn -0.8538 0.4545 0.2537
vn -0.9106 0.1798 0.3722
vn -0.9323 0.2874 0.2195
vn -0.8837 -0.0620 0.4640
vn -0.8901 0.1305 0.4366
vn -0.7359 -0.2230 0.6393
vn -0.6758 -0.3018 0.6725
vn -0.9818 0.0735 -0.1751
vn -0.9064 -0.1662 0.3884
vn -0.9887 -0.0877 0.1216
vn -0.9882 -0.0342 -0.1490
vn -0.9708 -0.2303 0.0670
vn -0.9321 -0.0021 -0.3622
vn -0.9644 -0.2645 0.0011
vn -0.9481 -0.0934 -0.3041
vn -0.7617 0.2375 -0.6028
vn -0.7359 0.2332 -0.6357
vn -0.9628 -0.2696 -0.0162
vn -0.8858 -0.3691 0.2814
vn -0.6794 -0.4269 0.5969
vn -0.9306 -0.3381 0.1406
vn -0.8115 -0.4050 0.4212
vn -0.9449 -0.2782 0.1724
vn -0.8604 -0.3299 0.3885
vn -0.9696 -0.1242 0.2109
vn -0.8946 -0.1688 0.4139
vn -0.9678 0.0662 0.2429
vn -0.9807 0.0958 0.1705
vn -0.8987 0.0311 0.4375
vn -0.9251 0.2641 0.2727
vn -0.8611 0.2366 0.4501
vn -0.7564 0.2266 0.6136
vn -0.7091 0.2399 0.6630
vn -0.7867 0.0245 0.6168
vn -0.7285 0.0464 0.6835
vn -0.7775 -0.1734 0.6045
vn -0.7031 -0.1479 0.6955
vn -0.7165 -0.3415 0.6083
vn -0.6353 -0.3217 0.7021
vn -0.6511 -0.4019 0.6439
vn -0.5886 -0.3649 0.7214
vn -0.4491 -0.4096 0.7940
vn -0.2922 -0.3440 0.8923
vn -0.2243 -0.2654 0.9377
vn -0.2368 -0.1863 0.9535
vn -0.6304 -0.3382 0.6988
vn -0.7018 -0.3803 0.6024
vn -0.7020 -0.3253 0.6335
vn -0.7688 -0.3190 0.5542
vn -0.7403 -0.1460 0.6563
vn -0.8104 -0.1158 0.5744
vn -0.8188 0.0620 0.5707
vn -0.9186 0.0841 0.3862
vn -0.8519 0.2494 0.4606
vn -0.9419 0.2251 0.2494
vn -0.7813 0.3840 0.4921
vn -0.6569 0.4048 0.6361
vn -0.8428 0.3419 0.4157
vn -0.6719 0.4869 0.5581
vn -0.7043 0.4091 0.5802
vn -0.5782 0.4786 0.6608
vn -0.5698 0.4193 0.7068
vn -0.5449 0.4817 0.6863
vn -0.5484 0.5850 0.5975
vn -0.6027 0.4669 0.6471
vn -0.6717 0.6099 0.4206
vn -0.6994 0.3629 0.6158
vn -0.5451 0.3944 0.7398
vn -0.7713 0.2879 0.5676
vn -0.8306 0.4206 0.3650
vn -0.9051 0.2855 0.3151
vn -0.9220 0.2769 0.2706
vn -0.9134 0.3634 0.1837
vn -0.7982 0.3046 0.5198
vn -0.6023 0.3320 0.7260
vn -0.7956 0.3814 0.4706
vn -0.6042 0.4137 0.6810
vn -0.7461 0.5749 0.3359
vn -0.5662 0.5790 0.5867
vn -0.6923 0.7084 0.1377
vn -0.8691 0.4925 0.0464
vn -0.8066 0.5896 0.0419
vn -0.5955 0.7169 0.3624
vn -0.5937 0.6438 0.4828
vn -0.4214 0.6443 0.6382
vn -0.3907 0.5814 0.7137
vn -0.3455 0.4974 0.7957
vn -0.0833 0.6312 0.7712
vn -0.1013 0.5338 0.8395
vn -0.1695 0.5290 0.8315
vn -0.2251 0.6062 0.7628
vn -0.3648 0.3981 0.8417
vn -0.3810 0.4194 0.8239
vn -0.5816 0.3211 0.7474
vn 0.3767 0.9115 0.1650
vn 0.1180 0.8659 0.4862
vn 0.5579 0.8168 -0.1468
vn 0.5229 0.7534 0.3988
vn 0.2151 0.8460 0.4879
vn 0.7359 0.6701 0.0972
vn 0.7621 0.6109 0.2144
vn 0.8121 0.5805 0.0597
vn 0.7107 0.6579 0.2490
vn 0.7313 0.6464 0.2178
vn 0.7944 0.5638 0.2261
vn 0.5807 0.6815 0.4454
vn 0.7447 0.6294 0.2217
vn 0.8158 0.5459 0.1907
vn 0.7560 0.6121 0.2319
vn 0.8610 0.4363 0.2613
vn 0.5658 0.7109 0.4177
vn 0.5986 0.6223 0.5045
vn 0.2146 0.7939 0.5690
vn 0.1791 0.7263 0.6636
vn 0.1433 0.8383 0.5260
vn 0.2341 0.7909 0.5654
vn 0.2588 0.8162 0.5166
vn 0.2910 0.7757 0.5600
vn 0.2963 0.7868 0.5414
vn 0.2900 0.8017 0.5227
vn 0.1326 0.7900 0.5986
vn 0.1797 0.8329 0.5234
vn -0.0516 0.7671 0.6394
vn 0.1467 0.7885 0.5972
vn -0.0430 0.7733 0.6326
vn 0.1311 0.8663 0.4820
vn -0.0177 0.8037 0.5947
vn 0.1113 0.9389 0.3257
vn 0.2849 0.8615 0.4204
vn 0.2974 0.9129 0.2796
vn 0.1644 0.8563 0.4896
vn 0.2295 0.8856 0.4039
vn 0.1327 0.7954 0.5913
vn 0.2988 0.9110 0.2844
vn 0.3420 0.9229 0.1767
vn 0.3059 0.9372 0.1674
vn 0.2636 0.8748 0.4065
vn 0.3396 0.9251 0.1698
vn 0.2259 0.9647 0.1356
vn 0.1890 0.9756 0.1113
vn 0.2114 0.9626 0.1692
vn 0.4288 0.8935 0.1334
vn 0.2788 0.9593 0.0447
vn 0.3280 0.9447 -0.0066
vn 0.3535 0.9327 0.0717
vn 0.1335 0.9591 0.2495
vn 0.3371 0.9235 0.1832
vn -0.0786 0.9581 0.2754
vn 0.1627 0.9674 0.1943
vn 0.3939 0.9088 0.1377
vn -0.1865 0.9159 0.3555
vn 0.1082 0.9635 0.2448
vn -0.1110 0.8869 0.4484
vn -0.0408 0.8702 0.4911
vn -0.0028 0.7527 0.6584
vn 0.2228 0.8485 0.4800
vn 0.3400 0.7186 0.6066
vn 0.2393 0.8678 0.4355
vn 0.1858 0.7299 0.6578
vn 0.0716 0.7470 0.6609
vn 0.3057 0.4834 0.8203
vn 0.1667 0.6478 0.7433
vn 0.5464 0.3217 0.7733
vn 0.3543 0.4054 0.8427
vn 0.7078 0.0756 0.7023
vn 0.7269 0.0377 0.6857
vn -0.0793 0.6702 0.7380
vn 0.4409 0.3512 0.8260
vn 0.1184 0.5182 0.8470
vn -0.0751 0.6127 0.7868
vn 0.1132 0.4433 0.8892
vn -0.2108 0.6314 0.7463
vn 0.1079 0.4296 0.8965
vn -0.2260 0.5981 0.7689
vn -0.4329 0.7346 0.5225
vn -0.4970 0.7254 0.4762
vn 0.1060 0.4191 0.9017
vn 0.4578 0.1946 0.8675
vn 0.7458 -0.0591 0.6636
vn 0.3467 0.2699 0.8983
vn 0.6633 0.0315 0.7477
vn 0.2732 0.3474 0.8970
vn 0.6194 0.1094 0.7775
vn 0.2475 0.4554 0.8552
vn 0.5985 0.2550 0.7595
vn 0.2228 0.5596 0.7982
vn 0.1784 0.5854 0.7909
vn 0.6082 0.3793 0.6973
vn 0.2196 0.6493 0.7281
vn 0.6129 0.5042 0.6084
vn 0.8962 0.2874 0.3380
vn 0.8710 0.3558 0.3389
vn 0.9025 0.1353 0.4088
vn 0.9258 0.1515 0.3463
vn 0.8823 0.0065 0.4707
vn 0.9440 -0.0608 0.3244
vn 0.8566 -0.1204 0.5017
vn 0.9141 -0.1970 0.3544
vn 0.8349 -0.1341 0.5339
vn 0.9063 -0.2029 0.3708
vn 0.8856 -0.2382 0.3987
vn 0.9323 -0.3261 0.1562
vn 0.9302 -0.3567 -0.0867
vn 0.8384 -0.3437 -0.4231
vn 0.9488 -0.1775 0.2614
vn 0.8876 -0.1709 0.4276
vn 0.8759 -0.1387 0.4621
vn 0.8117 -0.0490 0.5820
vn 0.8645 0.0710 0.4975
vn 0.7434 0.2006 0.6381
vn 0.7555 0.3370 0.5619
vn 0.5453 0.4555 0.7037
vn 0.6199 0.5339 0.5751
vn 0.3980 0.5817 0.7093
vn 0.6196 0.6201 0.4811
vn 0.8060 0.5179 0.2865
vn 0.5355 0.6189 0.5746
vn 0.6562 0.6633 0.3599
vn 0.6749 0.6063 0.4206
vn 0.7324 0.6241 0.2721
vn 0.7709 0.5725 0.2792
vn 0.7446 0.6270 0.2291
vn 0.6553 0.7271 0.2047
vn 0.7137 0.6364 0.2926
vn 0.4960 0.8027 0.3312
vn 0.6972 0.5776 0.4246
vn 0.7991 0.5444 0.2552
vn 0.6603 0.5369 0.5251
vn 0.4651 0.6892 0.5556
vn 0.4279 0.5939 0.6813
vn 0.3862 0.5938 0.7059
vn 0.2974 0.6737 0.6765
vn 0.6162 0.5642 0.5496
vn 0.7940 0.5086 0.3330
vn 0.5659 0.6360 0.5247
vn 0.7484 0.5865 0.3098
vn 0.4225 0.8012 0.4237
vn 0.6471 0.7286 0.2247
vn 0.2168 0.9115 0.3495
vn 0.1534 0.7814 0.6049
vn 0.1391 0.8479 0.5116
vn 0.4264 0.8752 0.2285
vn 0.5467 0.8026 0.2388
vn 0.6778 0.7328 0.0605
vn 0.7496 0.6603 0.0464
vn 0.8263 0.5627 0.0261
vn 0.7648 0.5887 -0.2616
vn 0.8366 0.5030 -0.2172
vn 0.8378 0.5244 -0.1519
vn 0.7758 0.6192 -0.1211
vn 0.8760 0.4764 0.0753
vn 0.8602 0.5029 0.0845
vn 0.8126 0.4900 0.3154
vn 0.3628 0.8500 0.3819
vn 0.5525 0.4369 0.7098
vn 0.2413 0.9704 -0.0075
vn 0.6478 0.7303 0.2170
vn 0.7279 0.4415 0.5247
vn 0.3845 0.9183 -0.0942
vn 0.3928 0.9182 -0.0510
vn 0.3879 0.9071 -0.1637
vn 0.5652 0.8174 -0.1113
vn 0.4802 0.8583 -0.1808
vn 0.6841 0.7028 -0.1953
vn 0.8037 0.5888 0.0860
vn 0.6329 0.7160 -0.2945
vn 0.7901 0.5813 -0.1945
vn 0.7608 0.5596 -0.3287
vn 0.8338 0.5390 -0.1194
vn 0.8586 0.5075 0.0718
vn 0.8788 0.4694 0.0859
vn 0.8724 0.3965 0.2859
vn 0.8800 0.3725 0.2947
vn 0.8586 0.3549 0.3699
vn 0.8473 0.4379 0.3003
vn 0.8500 0.3751 0.3697
vn 0.8097 0.4723 0.3482
vn 0.8335 0.3905 0.3909
vn 0.8231 0.3847 0.4176
vn 0.8366 0.2473 0.4888
vn 0.8672 0.3252 0.3771
vn 0.8984 0.1040 0.4266
vn 0.8054 0.2194 0.5507
vn 0.7916 0.0416 0.6096
vn 0.8162 0.1941 0.5442
vn 0.7634 0.0281 0.6454
vn 0.8187 0.1693 0.5487
vn 0.8254 0.3587 0.4360
vn 0.8616 0.3033 0.4070
vn 0.7455 0.2465 0.6192
vn 0.8113 0.1473 0.5657
vn 0.7135 0.0513 0.6987
vn 0.8872 0.0868 0.4531
vn 0.9054 0.2516 0.3420
vn 0.9251 0.1142 0.3621
vn 0.8180 -0.1428 0.5572
vn 0.8883 -0.1117 0.4455
vn 0.8922 0.1086 0.4385
vn 0.8077 0.2536 0.5323
vn 0.9149 0.1852 0.3588
vn 0.9363 0.2390 0.2574
vn 0.8769 0.2288 0.4227
vn 0.9370 0.2602 0.2332
vn 0.8641 0.2110 0.4570
vn 0.9532 0.2165 0.2111
vn 0.9115 0.1583 0.3797
vn 0.7219 0.2024 0.6617
vn 0.7488 0.1721 0.6400
vn 0.9219 0.1050 0.3730
vn 0.9297 0.0475 0.3651
vn 0.8761 -0.0997 0.4717
vn 0.9296 0.0882 0.3579
vn 0.8645 0.0130 0.5024
vn 0.9053 0.1851 0.3824
vn 0.8402 0.1094 0.5310
vn 0.8888 0.1888 0.4175
vn 0.7482 0.1512 0.6461
vn 0.8629 0.1755 0.4740
vn 0.6885 0.1211 0.7150
vn 0.9280 0.2320 0.2917
vn 0.8376 0.1603 0.5222
vn 0.7163 0.0317 0.6971
vn 0.7689 -0.0189 0.6390
vn 0.9151 0.2790 0.2912
vn 0.8761 0.3722 0.3065
vn 0.9451 0.2161 0.2451
vn 0.8641 0.3674 0.3439
vn 0.9130 0.3101 0.2650
vn 0.8641 0.3385 0.3725
vn 0.9370 0.3346 0.1007
vn 0.8699 0.3273 0.3691
vn 0.9412 0.3351 0.0428
vn 0.9765 0.2096 -0.0508
vn 0.9329 0.2737 -0.2341
vn 0.8992 0.3009 -0.3177
vn 0.9113 0.3035 -0.2781
vn 0.9493 0.3138 0.0169
vn 0.8934 0.2761 0.3545
vn 0.9733 0.2158 0.0787
vn 0.9294 0.1239 0.3477
vn 0.9382 -0.0212 0.3455
vn 0.9374 -0.0430 0.3455
vn 0.9168 -0.1071 0.3848
vn 0.9682 0.0742 0.2390
vn 0.9169 -0.0839 0.3902
vn 0.9303 -0.1058 0.3513
vn 0.9695 -0.0658 0.2361
vn 0.9993 0.0356 -0.0070
vn 0.9654 -0.0195 0.2601
vn 0.9952 0.0971 -0.0083
vn 0.9496 0.1425 0.2791
vn 0.9696 0.2421 0.0345
vn 0.9094 0.2940 0.2942
vn 0.9199 0.3829 0.0849
vn 0.8847 0.3561 0.3010
vn 0.8905 0.4424 0.1061
vn 0.8709 0.3295 0.3646
vn 0.8843 0.3583 0.2995
vn 0.8862 0.4520 0.1017
vn 0.8453 0.5286 -0.0778
vn 0.8307 0.5383 -0.1418
vn 0.8481 0.5253 -0.0696
vn 0.8267 0.5504 -0.1166
vn 0.8755 0.4718 -0.1047
vn 0.8514 0.5021 -0.1514
vn 0.9158 0.3483 -0.2001
vn 0.8835 0.3894 -0.2605
vn 0.9316 0.2278 -0.2832
vn 0.8831 0.2824 -0.3747
vn 0.9535 0.1562 -0.2579
vn 0.8790 0.2438 -0.4097
vn 0.8555 0.2699 -0.4418
vn 0.8491 0.2886 -0.4424
vn 0.8794 0.2978 -0.3714
vn 0.8650 0.3330 -0.3753
vn 0.8280 0.4515 -0.3325
vn 0.7855 0.5134 -0.3456
vn 0.8928 0.4497 -0.0261
vn 0.9340 0.3363 0.1211
vn 0.9352 0.2964 0.1937
vn 0.9401 0.0141 0.3407
vn 0.9812 0.0189 0.1923
vn 0.9888 0.1418 0.0470
vn 0.9640 0.2605 0.0538
vn 0.9487 0.3058 -0.0807
vn 0.8207 0.5198 -0.2370
vn 0.8913 0.4266 -0.1535
vn 0.9536 0.2999 -0.0284
vn 0.7587 0.6383 -0.1302
vn 0.8320 0.5530 -0.0453
vn 0.5570 0.8302 -0.0241
vn 0.5889 0.7985 0.1251
vn 0.4156 0.9022 0.1155
vn 0.3949 0.8423 0.3669
vn 0.4864 0.8546 0.1821
vn 0.4449 0.8955 -0.0094
vn 0.7436 0.6518 0.1488
vn 0.5665 0.6926 0.4464
vn 0.8015 0.4105 0.4349
vn 0.8970 0.1285 0.4230
vn 0.9105 -0.0920 0.4031
vn 0.8991 0.4222 0.1159
vn 0.7779 0.6193 -0.1065
vn 0.9565 0.2659 0.1196
vn 0.8399 0.5363 -0.0838
vn 0.9202 0.2565 0.2958
vn 0.7992 0.5880 0.1245
vn 0.8246 0.2449 0.5100
vn 0.8750 -0.1997 0.4409
vn 0.8583 -0.0660 0.5089
vn 0.7679 0.5029 0.3968
vn 0.7343 0.6043 0.3092
vn 0.5789 0.7791 0.2404
vn 0.6513 0.7574 0.0460
vn 0.6056 0.7723 -0.1918
vn 0.3807 0.9203 -0.0906
vn 0.2999 0.9105 -0.2847
vn 0.3092 0.9025 -0.2999
vn 0.3576 0.9000 -0.2493
vn 0.5535 0.7934 -0.2534
vn 0.4845 0.8521 -0.1978
vn 0.6293 0.7742 -0.0671
vn -0.2286 0.9684 -0.0992
vn 0.2714 0.9625 -0.0007
vn -0.5671 0.7581 -0.3219
vn -0.0677 0.9250 -0.3738
vn 0.2594 0.9359 -0.2385
vn -0.4127 0.7754 -0.4779
vn -0.3068 0.7537 -0.5812
vn -0.4829 0.6745 -0.5585
vn -0.2248 0.8068 -0.5463
vn -0.2889 0.7644 -0.5764
vn -0.1782 0.7583 -0.6271
vn 0.0515 0.8280 -0.5583
vn -0.2575 0.7330 -0.6296
vn -0.0970 0.6482 -0.7553
vn -0.2169 0.6318 -0.7442
vn -0.0038 0.5560 -0.8312
vn 0.1766 0.6991 -0.6929
vn 0.2757 0.6185 -0.7358
vn 0.4136 0.7166 -0.5616
vn 0.5001 0.6397 -0.5836
vn 0.4715 0.7368 -0.4846
vn 0.2635 0.8470 -0.4617
vn 0.3072 0.8527 -0.4226
vn 0.1933 0.9028 -0.3842
vn 0.2400 0.8943 -0.3776
vn 0.2548 0.8953 -0.3654
vn 0.3724 0.8689 -0.3262
vn 0.3037 0.8458 -0.4387
vn 0.4658 0.7755 -0.4261
vn 0.4249 0.8611 -0.2793
vn 0.5849 0.7756 -0.2374
vn 0.4442 0.8466 -0.2931
vn 0.6028 0.7741 -0.1934
vn 0.4660 0.8349 -0.2930
vn 0.2769 0.8903 -0.3615
vn 0.3093 0.8575 -0.4111
vn 0.4334 0.8775 -0.2051
vn 0.4938 0.8218 -0.2842
vn 0.5995 0.7903 -0.1265
vn 0.5066 0.7591 -0.4088
vn 0.3296 0.8086 -0.4873
vn 0.4530 0.7421 -0.4941
vn 0.7099 0.6390 -0.2962
vn 0.6551 0.6284 -0.4196
vn 0.4840 0.7673 -0.4208
vn 0.3886 0.8738 -0.2923
vn 0.3929 0.7806 -0.4861
vn 0.3076 0.7659 -0.5646
vn 0.3778 0.8275 -0.4154
vn 0.2792 0.7656 -0.5796
vn 0.4041 0.8300 -0.3845
vn 0.3076 0.7325 -0.6073
vn 0.4230 0.7740 -0.4712
vn 0.4616 0.8750 -0.1461
vn 0.4840 0.8560 -0.1814
vn 0.4644 0.7411 -0.4849
vn 0.5075 0.7034 -0.4976
vn 0.6547 0.6454 -0.3934
vn 0.4725 0.7252 -0.5009
vn 0.5796 0.7300 -0.3621
vn 0.4014 0.7897 -0.4639
vn 0.5110 0.7968 -0.3225
vn 0.4103 0.8047 -0.4290
vn 0.5028 0.8459 -0.1777
vn 0.4396 0.8166 -0.3740
vn 0.5386 0.8378 -0.0889
vn 0.3275 0.7775 -0.5369
vn 0.4665 0.8228 -0.3246
vn 0.6086 0.7837 -0.1243
vn 0.6377 0.7430 -0.2031
vn 0.2936 0.7978 -0.5266
vn 0.3317 0.8137 -0.4773
vn 0.5340 0.5952 -0.6004
vn 0.4107 0.7808 -0.4709
vn 0.5724 0.6557 -0.4924
vn 0.5735 0.6501 -0.4985
vn 0.5390 0.5568 -0.6320
vn 0.5740 0.6442 -0.5055
vn 0.4367 0.5730 -0.6935
vn 0.4519 0.3626 -0.8150
vn 0.2838 0.4413 -0.8513
vn 0.2038 0.4667 -0.8606
vn 0.1782 0.5443 -0.8197
vn 0.4092 0.5698 -0.7127
vn 0.5447 0.6111 -0.5743
vn 0.4763 0.5565 -0.6808
vn 0.6424 0.5366 -0.5473
vn 0.7581 0.4767 -0.4451
vn 0.7323 0.4663 -0.4962
vn 0.7769 0.4474 -0.4430
vn 0.6612 0.5179 -0.5427
vn 0.7781 0.4513 -0.4369
vn 0.7486 0.4425 -0.4938
vn 0.6652 0.4322 -0.6089
vn 0.4753 0.4203 -0.7730
vn 0.6193 0.4605 -0.6359
vn 0.2756 0.4288 -0.8604
vn 0.5015 0.5243 -0.6882
vn 0.3181 0.5522 -0.7707
vn 0.4873 0.6331 -0.6014
vn 0.3518 0.6753 -0.6483
vn 0.4926 0.6776 -0.5461
vn 0.3283 0.6894 -0.6457
vn 0.5430 0.6505 -0.5310
vn 0.5069 0.6553 -0.5601
vn 0.3183 0.6516 -0.6886
vn 0.0703 0.5961 -0.7998
vn -0.0882 0.5102 -0.8556
vn 0.1114 0.6745 -0.7299
vn -0.0172 0.6317 -0.7750
vn 0.1374 0.6875 -0.7131
vn 0.0315 0.6817 -0.7310
vn 0.1452 0.5950 -0.7905
vn 0.0627 0.6007 -0.7970
vn 0.0426 0.3968 -0.9169
vn 0.0871 0.4267 -0.9002
vn 0.2056 0.3664 -0.9075
vn 0.0615 0.3179 -0.9461
vn 0.0207 0.3272 -0.9447
vn 0.0020 0.3625 -0.9320
vn 0.1413 0.4460 -0.8838
vn 0.1406 0.4927 -0.8588
vn 0.0316 0.6038 -0.7965
vn -0.0063 0.6338 -0.7735
vn 0.1435 0.6768 -0.7221
vn 0.2266 0.5458 -0.8067
vn 0.3770 0.6119 -0.6953
vn 0.5164 0.3588 -0.7775
vn 0.3725 0.3268 -0.8686
vn 0.1943 0.5469 -0.8144
vn 0.1578 0.3990 -0.9033
vn 0.0478 0.5149 -0.8559
vn -0.1574 0.5159 -0.8420
vn -0.0598 0.6982 -0.7135
vn 0.0410 0.7163 -0.6966
vn -0.1691 0.7671 -0.6188
vn -0.1294 0.7360 -0.6645
vn -0.2498 0.7633 -0.5957
vn -0.2279 0.7853 -0.5757
vn -0.2491 0.7758 -0.5797
vn -0.1640 0.9021 -0.3993
vn -0.1550 0.7799 -0.6064
vn -0.2921 0.7249 -0.6239
vn -0.0060 0.7476 -0.6641
vn 0.0627 0.9079 -0.4144
vn 0.2939 0.8299 -0.4743
vn 0.4841 0.7370 -0.4716
vn 0.6301 0.6176 -0.4707
vn 0.1169 0.7234 -0.6804
vn -0.1835 0.6768 -0.7129
vn 0.2277 0.7002 -0.6766
vn -0.1277 0.6996 -0.7031
vn 0.3081 0.7912 -0.5283
vn -0.0809 0.8436 -0.5308
vn 0.3903 0.8634 -0.3197
vn 0.7153 0.5611 -0.4166
vn 0.6412 0.6802 -0.3554
vn 0.1123 0.9342 -0.3387
vn -0.0234 0.9310 -0.3643
vn -0.2524 0.9260 -0.2808
vn -0.3080 0.8332 -0.4592
vn -0.4575 0.6775 -0.5759
vn -0.6069 0.7238 -0.3283
vn -0.7294 0.5629 -0.3888
vn -0.7149 0.5515 -0.4298
vn -0.6175 0.6178 -0.4869
vn -0.5059 0.6148 -0.6050
vn -0.4827 0.6476 -0.5896
vn -0.2415 0.6870 -0.6853
vn 0.2129 0.7919 0.5724
vn -0.0779 0.5569 0.8269
vn 0.4352 0.8571 0.2756
vn 0.3568 0.5041 0.7865
vn 0.0282 0.5556 0.8309
vn 0.6144 0.6314 0.4731
vn 0.6345 0.5367 0.5562
vn 0.7005 0.5840 0.4103
vn 0.6020 0.4805 0.6377
vn 0.6320 0.5012 0.5911
vn 0.6978 0.4097 0.5875
vn 0.4259 0.4030 0.8100
vn 0.6691 0.4545 0.5879
vn 0.6568 0.6004 0.4562
vn 0.6085 0.6033 0.5156
vn 0.6200 0.6964 0.3615
vn 0.3735 0.6336 0.6775
vn 0.3470 0.7303 0.5885
vn 0.0461 0.5587 0.8281
vn 0.0090 0.6787 0.7344
vn -0.0535 0.5789 0.8136
vn 0.0690 0.4045 0.9119
vn 0.0452 0.4549 0.8894
vn 0.1302 0.4301 0.8933
vn 0.1010 0.4466 0.8890
vn 0.0970 0.5072 0.8564
vn -0.0687 0.4358 0.8974
vn -0.0401 0.4763 0.8783
vn -0.2479 0.4017 0.8815
vn -0.0329 0.4555 0.8896
vn -0.2288 0.4315 0.8726
vn -0.0166 0.4231 0.9059
vn -0.1769 0.3858 0.9055
vn -0.0202 0.3641 0.9311
vn 0.0875 0.4713 0.8776
vn 0.1197 0.3734 0.9199
vn -0.0376 0.4496 0.8924
vn 0.0168 0.3025 0.9530
vn -0.0975 0.2487 0.9636
vn 0.0969 0.2510 0.9631
vn 0.1830 0.3236 0.9283
vn 0.1559 0.3551 0.9217
vn -0.0043 0.1783 0.9840
vn 0.0978 0.3180 0.9430
vn 0.0196 0.5461 0.8375
vn 0.0907 0.7665 0.6358
vn 0.1460 0.5923 0.7924
vn 0.2761 0.5988 0.7518
vn 0.2446 0.7607 0.6013
vn 0.1976 0.7702 0.6065
vn 0.1032 0.7461 0.6578
vn -0.0967 0.6822 0.7248
vn 0.0817 0.5929 0.8011
vn -0.2031 0.5307 0.8229
vn -0.0087 0.4198 0.9076
vn 0.2421 0.3721 0.8961
vn -0.2860 0.3667 0.8853
vn -0.0319 0.3407 0.9396
vn -0.1956 0.2401 0.9508
vn -0.1430 0.2820 0.9487
vn -0.2224 0.3485 0.9106
vn -0.0190 0.5453 0.8380
vn 0.1489 0.5389 0.8291
vn 0.0346 0.6352 0.7716
vn 0.0483 0.5957 0.8018
vn -0.1025 0.6696 0.7357
vn 0.2627 0.4456 0.8558
vn 0.0227 0.6473 0.7619
vn 0.5022 0.4977 0.7072
vn 0.2316 0.2655 0.9359
vn 0.6292 0.2283 0.7430
vn 0.7372 0.2776 0.6160
vn -0.1525 0.7143 0.6830
vn 0.3562 0.5702 0.7402
vn -0.0130 0.6128 0.7901
vn -0.2313 0.6098 0.7581
vn -0.1242 0.4775 0.8698
vn -0.4784 0.4951 0.7253
vn -0.1971 0.4159 0.8878
vn -0.4796 0.4295 0.7652
vn -0.6326 0.5748 0.5191
vn -0.7341 0.4750 0.4853
vn -0.1222 0.3850 0.9148
vn 0.3053 0.3132 0.8993
vn 0.7011 0.1874 0.6881
vn 0.1060 0.3736 0.9215
vn 0.5850 0.2680 0.7655
vn -0.0592 0.4371 0.8974
vn 0.5201 0.3389 0.7840
vn -0.0167 0.5740 0.8187
vn 0.4465 0.4708 0.7609
vn 0.0309 0.6931 0.7202
vn 0.0615 0.7025 0.7090
vn 0.3677 0.6843 0.6297
vn 0.0231 0.7065 0.7073
vn 0.3411 0.7539 0.5615
vn 0.6337 0.7075 0.3128
vn 0.5557 0.7562 0.3454
vn 0.7009 0.6305 0.3335
vn 0.6708 0.6787 0.2991
vn 0.8364 0.4085 0.3655
vn 0.8330 0.4714 0.2896
vn 0.9087 0.1696 0.3814
vn 0.9378 0.1946 0.2877
vn 0.8688 0.1448 0.4735
vn 0.9562 0.0939 0.2771
vn 0.9124 0.0771 0.4020
vn 0.9893 0.0194 0.1443
vn 0.9949 0.0014 -0.1011
vn 0.9094 0.0180 -0.4154
vn 0.9531 0.1676 0.2521
vn 0.8744 0.1840 0.4490
vn 0.8384 0.2712 0.4727
vn 0.7170 0.3377 0.6099
vn 0.6736 0.5540 0.4892
vn 0.4713 0.6160 0.6312
vn 0.4287 0.7302 0.5320
vn 0.2001 0.6901 0.6955
vn 0.2963 0.7321 0.6134
vn 0.1609 0.5932 0.7888
vn 0.3686 0.6520 0.6626
vn 0.5437 0.7278 0.4180
vn 0.3572 0.5343 0.7661
vn 0.5163 0.5356 0.6683
vn 0.5705 0.4011 0.7167
vn 0.6537 0.4235 0.6271
vn 0.6848 0.3909 0.6150
vn 0.6327 0.5073 0.5851
vn 0.5175 0.6229 0.5867
vn 0.5712 0.5287 0.6278
vn 0.3270 0.6421 0.6934
vn 0.5502 0.4201 0.7216
vn 0.6731 0.4698 0.5712
vn 0.5099 0.3382 0.7909
vn 0.2912 0.4440 0.8474
vn 0.2565 0.3023 0.9180
vn 0.2130 0.2880 0.9337
vn 0.1164 0.3634 0.9243
vn 0.4598 0.3485 0.8168
vn 0.6656 0.4049 0.6269
vn 0.4017 0.4188 0.8144
vn 0.6110 0.4805 0.6292
vn 0.2455 0.5954 0.7650
vn 0.4980 0.6338 0.5918
vn 0.0339 0.7049 0.7085
vn -0.0346 0.4758 0.8789
vn -0.0494 0.5729 0.8181
vn 0.2580 0.7428 0.6178
vn 0.3864 0.6850 0.6177
vn 0.5446 0.7081 0.4495
vn 0.6279 0.6555 0.4196
vn 0.7207 0.5831 0.3751
vn 0.6861 0.7184 0.1149
vn 0.7654 0.6297 0.1328
vn 0.7565 0.6225 0.2007
vn 0.6775 0.6896 0.2559
vn 0.7779 0.4897 0.3937
vn 0.7573 0.5084 0.4099
vn 0.6887 0.3972 0.6066
vn -0.9736 0.1580 0.1649
vn -0.9779 0.1393 0.1556
vn -0.9730 0.1759 0.1493
vn -0.9875 0.1573 0.0065
vn -0.8872 0.1376 0.4403
vn -0.8090 0.0892 0.5809
vn -0.9045 0.1764 0.3883
vn -0.9396 0.0460 0.3390
vn -0.9619 -0.0800 0.2615
vn -0.9694 0.1336 0.2060
vn -0.9794 0.0920 0.1799
vn -0.9848 0.1701 0.0340
vn -0.9703 0.1997 -0.1368
vn -0.9467 0.2520 -0.2004
vn -0.9795 0.1960 -0.0466
vn -0.9784 0.2063 -0.0157
vn -0.9895 0.1427 0.0250
vn -0.9808 0.1436 -0.1322
vn -0.9843 0.1151 -0.1339
vn -0.9806 0.1878 -0.0562
vn -0.9725 0.2014 -0.1172
vn -0.9406 0.2943 0.1693
vn -0.9418 0.3360 0.0105
vn -0.9692 0.2263 -0.0968
vn -0.9189 0.3739 0.1257
vn -0.9214 0.3827 0.0672
vn -0.9436 0.3305 -0.0171
vn -0.9074 0.4082 0.0998
vn -0.8991 0.4336 0.0595
vn -0.9143 0.4049 -0.0079
vn -0.8995 0.4263 0.0955
vn -0.8868 0.4620 0.0080
vn -0.8712 0.4890 -0.0435
vn -0.9139 0.4013 0.0614
vn -0.8954 0.4419 -0.0550
vn -0.8582 0.5007 -0.1131
vn -0.9064 0.4218 0.0232
vn -0.9046 0.4142 -0.1004
vn -0.7808 0.5474 -0.3010
vn -0.9060 0.4230 0.0122
vn -0.9187 0.3470 -0.1886
vn -0.9368 0.3466 0.0474
vn -0.7901 0.3887 -0.4739
vn -0.9661 0.2398 -0.0959
vn -0.9543 0.2613 0.1449
vn -0.9607 0.2776 0.0021
vn -0.9414 0.1600 -0.2971
vn -0.9655 0.1994 -0.1677
vn -0.9438 0.3283 -0.0392
vn -0.9074 0.4154 -0.0639
vn -0.9389 0.3440 -0.0091
vn -0.9375 0.3297 0.1110
vn -0.9003 0.4345 -0.0281
vn -0.8659 0.4716 0.1670
vn -0.6739 0.7388 0.0081
vn -0.6816 0.7101 0.1766
vn -0.5072 0.8615 -0.0246
vn -0.7285 0.6699 -0.1432
vn -0.3026 0.9042 -0.3013
vn -0.5519 0.8264 0.1122
vn -0.5494 0.7888 0.2757
vn -0.5418 0.7431 0.3927
vn -0.6549 0.7208 0.2271
vn -0.8301 0.5322 0.1666
vn -0.5185 0.7666 0.3788
vn -0.7239 0.6541 0.2195
vn -0.8149 0.5769 0.0556
vn -0.9295 0.3516 -0.1113
vn -0.9046 0.4174 0.0868
vn -0.9694 0.2411 0.0464
vn -0.9509 0.2732 0.1455
vn -0.9625 0.2538 0.0954
vn -0.9269 0.3727 0.0439
vn -0.9810 0.1648 -0.1019
vn -0.9296 0.3617 -0.0712
vn -0.9051 0.4108 -0.1097
vn -0.9474 0.3200 0.0044
vn -0.9047 0.4237 -0.0443
vn -0.9138 0.4054 -0.0238
vn -0.9352 0.3506 0.0508
vn -0.9254 0.3477 0.1505
vn -0.9552 0.2840 0.0831
vn -0.9622 0.2291 0.1472
vn -0.9260 0.2406 0.2910
vn -0.8101 0.3570 0.4651
vn -0.8800 0.3976 0.2599
vn -0.8763 0.3779 0.2987
vn -0.9036 0.2926 0.3129
vn -0.9132 0.1950 0.3579
vn -0.8191 0.3350 0.4657
vn -0.9069 0.2721 0.3216
vn -0.6347 0.6492 -0.4191
vn -0.5528 0.8332 -0.0110
vn -0.7047 0.6799 -0.2029
vn -0.6909 0.7225 0.0253
vn -0.8298 0.5495 -0.0970
vn -0.8063 0.5864 0.0774
vn -0.8686 0.4924 -0.0553
vn -0.8496 0.5178 0.1004
vn -0.9207 0.3895 -0.0263
vn -0.9052 0.4066 0.1238
vn -0.9589 0.2826 -0.0258
vn -0.9483 0.2853 0.1388
vn -0.9811 0.1787 -0.0747
vn -0.9719 0.1941 0.1332
vn -0.9806 0.1789 -0.0803
vn -0.9045 0.2217 0.3644
vn -0.8563 0.2496 0.4522
vn -0.8886 0.3028 0.3446
vn -0.8521 0.4136 0.3207
vn -0.8542 0.3134 0.4148
vn -0.8239 0.4140 0.3870
vn -0.8615 0.3347 0.3817
vn -0.8341 0.4160 0.3623
vn -0.8916 0.3635 0.2702
vn -0.8424 0.2861 0.4566
vn -0.8512 0.3337 0.4051
vn -0.8074 0.2689 0.5251
vn -0.8911 0.2127 0.4008
vn -0.7035 0.1977 0.6826
vn -0.8173 0.2120 0.5358
vn -0.8798 0.2632 0.3958
vn -0.9965 -0.0065 0.0831
vn -0.9354 -0.1574 -0.3165
vn -0.9964 0.0707 0.0479
vn -0.9727 0.2316 -0.0170
vn -0.9385 -0.0897 -0.3334
vn -0.9897 0.0226 -0.1416
vn -0.9382 0.1921 0.2879
vn -0.8698 0.3942 0.2967
vn -0.9538 0.2659 0.1399
vn -0.8931 0.3637 0.2648
vn -0.8783 0.3982 0.2646
vn -0.8060 0.5477 0.2245
vn -0.7757 0.6139 0.1465
vn -0.7748 0.5993 0.2014
vn -0.8125 0.5127 0.2774
vn -0.7809 0.5843 0.2211
vn -0.7835 0.5188 0.3419
vn -0.7534 0.5602 0.3444
vn -0.7763 0.5153 0.3631
vn -0.7354 0.5741 0.3600
vn -0.8009 0.5198 0.2975
vn -0.7559 0.5891 0.2855
vn -0.6390 0.7163 0.2804
vn -0.5429 0.7290 0.4169
vn -0.6589 0.6222 0.4227
vn -0.6299 0.5375 0.5607
vn -0.7580 0.5512 0.3488
vn -0.7539 0.5547 0.3520
vn -0.7730 0.6059 0.1878
vn -0.7453 0.6495 0.1504
vn -0.7980 0.5948 0.0977
vn -0.7484 0.6625 0.0304
vn -0.7349 0.6751 -0.0641
vn -0.6817 0.7040 -0.1990
vn -0.7362 0.6660 0.1204
vn -0.6016 0.7470 -0.2830
vn -0.5311 0.8068 -0.2587
vn -0.6490 0.7586 -0.0586
vn -0.6959 0.7161 0.0545
vn -0.5489 0.8294 -0.1041
vn -0.5936 0.8032 -0.0510
vn -0.4034 0.9099 -0.0963
vn -0.4142 0.9014 -0.1266
vn -0.2485 0.9665 -0.0642
vn -0.4572 0.8653 -0.2057
vn -0.2574 0.9662 0.0166
vn -0.2228 0.8376 0.4989
vn -0.2677 0.8294 0.4903
vn -0.3861 0.9180 0.0903
vn -0.3314 0.9432 0.0222
vn -0.3951 0.8188 0.4166
vn -0.5297 0.8168 0.2286
vn -0.5308 0.8404 0.1093
vn -0.8316 0.5469 -0.0968
vn -0.6238 0.7377 -0.2583
vn -0.5002 0.6870 -0.5271
vn -0.3847 0.8406 -0.3813
vn -0.1950 0.9776 -0.0790
vn -0.5586 0.7286 -0.3963
vn -0.5804 0.7707 -0.2629
vn -0.7399 0.6698 -0.0625
vn -0.7182 0.6956 -0.0155
vn -0.7845 0.5589 0.2687
vn -0.7688 0.6045 0.2084
vn -0.7483 0.4661 0.4719
vn 0.1811 0.9700 0.1624
vn -0.0983 0.9561 0.2759
vn 0.5270 0.8438 0.1017
vn 0.1778 0.9449 0.2748
vn 0.2212 0.8707 0.4393
vn -0.0432 0.9392 0.3407
vn 0.4018 0.8977 0.1811
vn 0.5395 0.8198 0.1920
vn 0.4314 0.8326 0.3472
vn 0.4973 0.8061 0.3209
vn 0.4985 0.6801 0.5376
vn 0.5500 0.6691 0.4998
vn 0.5027 0.4543 0.7355
vn 0.2629 0.7361 0.6237
vn 0.2861 0.5172 0.8066
vn 0.0609 0.7515 0.6569
vn 0.1293 0.5744 0.8083
vn 0.0508 0.7609 0.6468
vn 0.0091 0.8685 0.4955
vn -0.0252 0.8564 0.5157
vn 0.0247 0.8383 0.5447
vn -0.1507 0.8958 0.4180
vn -0.2715 0.8299 0.4874
vn -0.0766 0.8613 0.5022
vn -0.1672 0.8207 0.5464
vn -0.0526 0.8453 0.5317
vn 0.0061 0.8080 0.5891
vn -0.0556 0.8371 0.5443
vn -0.2620 0.7962 0.5453
vn -0.4604 0.7101 0.5327
vn -0.2545 0.7918 0.5552
vn -0.1263 0.7554 0.6430
vn -0.3923 0.6698 0.6304
vn 0.0659 0.7340 0.6760
vn -0.0425 0.6851 0.7272
vn 0.1071 0.7593 0.6419
vn 0.1325 0.7088 0.6929
vn 0.1495 0.6946 0.7037
vn 0.1193 0.6897 0.7142
vn 0.1715 0.6495 0.7408
vn 0.1880 0.6501 0.7362
vn 0.0180 0.6514 0.7585
vn 0.2313 0.6124 0.7560
vn -0.1953 0.5522 0.8105
vn 0.4377 0.5196 0.7338
vn 0.2195 0.3679 0.9036
vn -0.1389 0.1547 0.9781
vn 0.1562 -0.0469 0.9866
vn 0.6325 0.3518 0.6901
vn 0.5177 0.0402 0.8546
vn 0.0273 0.0220 0.9994
vn -0.0180 0.2863 0.9580
vn -0.4323 0.4662 0.7719
vn -0.1972 0.1141 0.9737
vn -0.2477 0.3572 0.9006
vn -0.1905 0.2160 0.9576
vn -0.1572 0.2247 0.9617
vn -0.0505 0.2270 0.9726
vn 0.3280 0.1682 0.9296
vn -0.2815 0.3440 0.8958
vn 0.0056 0.1607 0.9870
vn 0.2378 0.1404 0.9611
vn 0.0814 0.3374 0.9378
vn 0.2402 0.2701 0.9324
vn 0.0144 0.4412 0.8973
vn 0.1010 0.6102 0.7858
vn 0.0075 0.5579 0.8299
vn 0.1409 0.6447 0.7513
vn 0.1318 0.7720 0.6218
vn 0.4970 0.2292 0.8369
vn 0.6235 0.2320 0.7466
vn 0.5203 0.1410 0.8423
vn 0.6813 0.1572 0.7150
vn 0.6435 0.2498 0.7235
vn 0.7862 0.2853 0.5482
vn 0.8658 0.2843 0.4118
vn 0.9064 0.4019 0.1296
vn 0.3532 0.2880 0.8901
vn 0.8198 0.5478 0.1667
vn 0.9098 0.2700 -0.3154
vn 0.6102 0.7922 0.0032
vn 0.3373 0.7023 0.6269
vn 0.0839 0.9571 0.2775
vn -0.3315 0.6521 0.6818
vn -0.5433 0.7634 0.3493
vn -0.7819 0.4279 0.4534
vn -0.8253 0.4625 0.3241
vn 0.8402 0.3597 -0.4058
vn 0.7988 0.4149 0.4357
vn 0.8096 0.2985 0.5054
vn 0.8353 0.2257 0.5014
vn 0.7499 0.1911 0.6334
vn 0.8140 0.2114 0.5410
vn 0.7868 0.2615 0.5592
vn 0.5996 0.2560 0.7583
vn 0.5540 0.3605 0.7504
vn 0.2915 0.2935 0.9104
vn 0.6964 0.1969 0.6901
vn 0.3539 0.1925 0.9153
vn 0.3442 0.3257 0.8806
vn 0.3622 0.4718 0.8039
vn 0.3040 0.6031 0.7374
vn 0.5391 0.4481 0.7132
vn 0.6787 0.3795 0.6288
vn 0.4237 0.6077 0.6717
vn 0.5859 0.5290 0.6139
vn 0.4202 0.7023 0.5746
vn 0.4992 0.7000 0.5107
vn 0.5480 0.7304 0.4076
vn 0.5154 0.6201 0.5915
vn 0.6708 0.6213 0.4050
vn 0.7019 0.6716 0.2374
vn 0.5887 0.6993 0.4054
vn 0.5940 0.7318 0.3341
vn 0.5058 0.7843 0.3591
vn 0.6005 0.6481 0.4683
vn 0.5890 0.6791 0.4381
vn 0.5273 0.6206 0.5804
vn 0.6194 0.5581 0.5521
vn 0.3872 0.6525 0.6514
vn 0.2970 0.7853 0.5432
vn 0.1297 0.8069 0.5763
vn 0.0200 0.7886 0.6146
vn -0.1173 0.7907 0.6008
vn 0.2924 0.7102 0.6404
vn 0.5971 0.6288 0.4981
vn 0.1950 0.8337 0.5166
vn 0.5212 0.7873 0.3295
vn 0.0941 0.8941 0.4379
vn 0.4033 0.8928 0.2006
vn -0.0394 0.9036 0.4265
vn -0.1954 0.7582 0.6221
vn -0.1914 0.7981 0.5713
vn 0.1746 0.9331 0.3145
vn 0.3110 0.9164 0.2520
vn 0.4753 0.8691 -0.1370
vn 0.4932 0.8696 0.0247
vn 0.6195 0.7732 -0.1358
vn 0.6885 0.7177 0.1042
vn 0.8029 0.5815 -0.1313
vn 0.7859 0.5716 0.2358
vn 0.8724 0.4875 0.0366
vn 0.8030 0.4792 0.3544
vn 0.6167 0.5434 0.5696
vn 0.8598 0.4855 0.1583
vn 0.7522 0.5278 0.3945
vn 0.7975 0.5450 0.2590
vn 0.6644 0.6743 0.3224
vn 0.7292 0.6583 0.1871
vn 0.5222 0.7976 0.3020
vn 0.4946 0.7972 0.3463
vn 0.4600 0.7987 0.3878
vn 0.5298 0.6813 0.5051
vn 0.5684 0.4896 0.6612
vn 0.5920 0.4471 0.6705
vn 0.6474 0.2958 0.7024
vn -0.4444 0.7319 0.5166
vn -0.1961 0.7785 0.5962
vn -0.3646 0.7668 0.5283
vn -0.1179 0.7528 0.6477
vn -0.0029 0.7931 0.6091
vn 0.0524 0.7506 0.6587
vn -0.1297 0.7348 0.6658
vn -0.0420 0.7049 0.7081
vn -0.2560 0.6682 0.6986
vn -0.1703 0.6098 0.7740
vn -0.0968 0.6920 0.7154
vn -0.1301 0.7986 0.5876
vn -0.0135 0.7269 0.6866
vn 0.0888 0.7340 0.6733
vn -0.0591 0.7741 0.6303
vn 0.1147 0.7529 0.6481
vn -0.0647 0.8234 0.5638
vn 0.1466 0.8060 0.5734
vn -0.0008 0.9115 0.4113
vn -0.2310 0.8353 0.4989
vn -0.1946 0.8893 0.4138
vn -0.1763 0.9683 0.1770
vn -0.2694 0.9588 -0.0898
vn -0.0063 0.9864 0.1645
vn 0.2000 0.9463 0.2540
vn -0.0846 0.9930 0.0829
vn -0.0814 0.9760 0.2021
vn -0.2685 0.9272 0.2611
vn -0.4243 0.8890 0.1724
vn -0.1410 0.9578 0.2503
vn -0.5200 0.8412 0.1480
vn -0.1768 0.9037 0.3900
vn 0.1845 0.8759 0.4459
vn -0.5597 0.7687 0.3097
vn -0.1847 0.8121 0.5534
vn -0.4846 0.6747 0.5567
vn -0.1308 0.7360 0.6642
vn -0.3696 0.5695 0.7342
vn -0.0920 0.7250 0.6826
vn -0.3057 0.5764 0.7578
vn -0.2896 0.6962 0.6569
vn -0.1263 0.8401 0.5276
vn -0.5445 0.7461 0.3831
vn 0.2416 0.7789 0.5787
vn -0.3338 0.5892 0.7358
vn -0.5009 0.7222 0.4770
vn 0.0838 0.5745 0.8142
vn -0.0071 0.5012 0.8653
vn 0.1593 0.4951 0.8541
vn -0.1079 0.4755 0.8731
vn -0.0489 0.4769 0.8776
vn -0.0461 0.3750 0.9259
vn -0.3553 0.4842 0.7996
vn -0.0447 0.4237 0.9047
vn 0.1068 0.5317 0.8402
vn 0.0367 0.5598 0.8278
vn 0.2005 0.6071 0.7689
vn -0.1935 0.6807 0.7065
vn -0.0998 0.7560 0.6469
vn -0.4896 0.7204 0.4913
vn -0.3891 0.8188 0.4221
vn -0.5154 0.7581 0.3994
vn -0.5991 0.5905 0.5407
vn -0.5747 0.6378 0.5128
vn -0.5480 0.5963 0.5865
vn -0.5521 0.6174 0.5603
vn -0.5071 0.6674 0.5455
vn -0.6384 0.6472 0.4166
vn -0.5966 0.6744 0.4351
vn -0.7162 0.6513 0.2509
vn -0.6095 0.6558 0.4454
vn -0.6906 0.6728 0.2654
vn -0.6264 0.6257 0.4650
vn -0.7096 0.6262 0.3230
vn -0.6681 0.5770 0.4698
vn -0.5406 0.6409 0.5449
vn -0.5932 0.5518 0.5862
vn -0.6159 0.6521 0.4422
vn -0.6897 0.5160 0.5079
vn -0.7670 0.4935 0.4100
vn -0.6791 0.4521 0.5784
vn -0.5881 0.4927 0.6413
vn -0.5845 0.5269 0.6170
vn -0.7652 0.4112 0.4954
vn -0.6402 0.5101 0.5744
vn -0.5132 0.7168 0.4720
vn -0.2419 0.8591 0.4510
vn -0.4043 0.7209 0.5628
vn -0.3103 0.6880 0.6560
vn -0.1463 0.8107 0.5669
vn -0.1686 0.8314 0.5295
vn -0.2614 0.8424 0.4711
vn -0.4272 0.8433 0.3261
vn -0.4400 0.7381 0.5115
vn -0.6055 0.7484 0.2707
vn -0.6253 0.6212 0.4724
vn -0.5192 0.5173 0.6803
vn -0.7476 0.6276 0.2171
vn -0.6880 0.5597 0.4620
vn -0.8029 0.5042 0.3181
vn -0.7641 0.5314 0.3658
vn -0.7462 0.6024 0.2833
vn -0.5312 0.7247 0.4388
vn -0.4509 0.6790 0.5793
vn -0.4228 0.7812 0.4594
vn -0.4547 0.7483 0.4831
vn -0.4429 0.8354 0.3254
vn -0.4526 0.5721 0.6840
vn -0.4161 0.7929 0.4452
vn -0.2048 0.5312 0.8221
vn -0.5915 0.4289 0.6827
vn -0.2652 0.2575 0.9292
vn -0.0950 0.2486 0.9639
vn -0.4069 0.8758 0.2596
vn -0.2741 0.6403 0.7175
vn -0.4668 0.7753 0.4255
vn -0.5384 0.8134 0.2203
vn -0.6266 0.6922 0.3581
vn -0.6585 0.7524 -0.0187
vn -0.6941 0.6548 0.2991
vn -0.7136 0.7006 -0.0052
vn -0.5295 0.8113 -0.2479
vn -0.5789 0.7315 -0.3602
vn -0.6932 0.6155 0.3749
vn -0.5127 0.4484 0.7322
vn -0.2005 0.1893 0.9612
vn -0.6006 0.5554 0.5751
vn -0.2908 0.3103 0.9050
vn -0.6337 0.6463 0.4250
vn -0.3123 0.3963 0.8634
vn -0.5048 0.7465 0.4334
vn -0.2832 0.5314 0.7984
vn -0.3628 0.8240 0.4352
vn -0.3368 0.8233 0.4569
vn -0.1399 0.7181 0.6818
vn -0.3513 0.8352 0.4231
vn -0.0723 0.7730 0.6303
vn 0.2508 0.6026 0.7576
vn 0.2046 0.6739 0.7099
vn 0.2386 0.5200 0.8201
vn 0.2695 0.5637 0.7807
vn 0.2006 0.2882 0.9363
vn 0.2827 0.3296 0.9008
vn 0.1424 0.0506 0.9885
vn 0.2416 0.0446 0.9694
vn 0.0396 0.0589 0.9975
vn 0.2261 -0.0570 0.9724
vn 0.0969 -0.0324 0.9948
vn 0.3276 -0.1674 0.9299
vn 0.5289 -0.2460 0.8122
vn 0.7584 -0.2886 0.5844
vn 0.2693 0.0070 0.9630
vn 0.0753 0.0886 0.9932
vn 0.0677 0.1847 0.9805
vn -0.0795 0.3083 0.9480
vn 0.0718 0.4923 0.8675
vn -0.1169 0.6310 0.7670
vn -0.0162 0.7237 0.6899
vn -0.2676 0.7773 0.5694
vn -0.1426 0.7751 0.6155
vn -0.3943 0.7176 0.5741
vn -0.1773 0.6955 0.6963
vn 0.1294 0.6677 0.7331
vn -0.3068 0.6126 0.7284
vn -0.1538 0.5541 0.8181
vn -0.2135 0.4271 0.8786
vn -0.0944 0.4076 0.9083
vn -0.0809 0.3669 0.9267
vn -0.0415 0.4810 0.8757
vn -0.0570 0.6161 0.7856
vn -0.0977 0.5254 0.8452
vn -0.2248 0.7031 0.6747
vn -0.2205 0.4507 0.8650
vn -0.0241 0.4331 0.9010
vn -0.3228 0.3996 0.8580
vn -0.4333 0.5622 0.7044
vn -0.5536 0.4537 0.6984
vn -0.5907 0.4537 0.6673
vn -0.6016 0.5442 0.5847
vn -0.3635 0.4269 0.8281
vn -0.0949 0.3874 0.9170
vn -0.3647 0.5055 0.7820
vn -0.0967 0.4714 0.8766
vn -0.3361 0.6949 0.6358
vn -0.0663 0.6321 0.7721
vn -0.3479 0.8316 0.4329
vn -0.5948 0.6727 0.4401
vn -0.5193 0.7527 0.4048
vn -0.1599 0.7949 0.5853
vn -0.1213 0.7116 0.6920
vn 0.0972 0.6566 0.7479
vn 0.1423 0.5810 0.8013
vn 0.1974 0.4811 0.8542
vn 0.4429 0.5524 0.7062
vn 0.4346 0.4555 0.7770
vn 0.3717 0.4674 0.8021
vn 0.3120 0.5618 0.7661
vn 0.1772 0.3848 0.9058
vn 0.1606 0.4110 0.8974
vn -0.0702 0.3699 0.9264
vt 0.883750 0.471821
vt 0.880359 0.458302
vt 0.880353 0.471812
vt 0.873472 0.458461
vt 0.876815 0.444877
vt 0.873274 0.444983
vt 0.890538 0.471909
vt 0.894173 0.458573
vt 0.890757 0.458432
vt 0.883824 0.458294
vt 0.880365 0.444793
vt 0.887147 0.471849
vt 0.887288 0.458340
vt 0.894516 0.445099
vt 0.890976 0.444954
vt 0.876889 0.458356
vt 0.876962 0.471836
vt 0.887428 0.444831
vt 0.880404 0.416116
vt 0.884139 0.399658
vt 0.880466 0.399688
vt 0.883897 0.444767
vt 0.891380 0.416311
vt 0.887813 0.399728
vt 0.887699 0.416156
vt 0.884213 0.385627
vt 0.880531 0.385637
vt 0.872982 0.416327
vt 0.876764 0.399770
vt 0.872998 0.399840
vt 0.891521 0.399853
vt 0.887898 0.385677
vt 0.884051 0.416072
vt 0.876828 0.385676
vt 0.873068 0.385718
vt 0.895119 0.416445
vt 0.876724 0.416231
vt 0.895280 0.399956
vt 0.891613 0.385760
vt 0.886560 0.526836
vt 0.883530 0.512522
vt 0.883452 0.526893
vt 0.889618 0.526763
vt 0.892796 0.512597
vt 0.889874 0.512460
vt 0.886722 0.512494
vt 0.883604 0.498875
vt 0.880344 0.526803
vt 0.877186 0.512392
vt 0.877287 0.526697
vt 0.893142 0.498998
vt 0.890099 0.498865
vt 0.880338 0.512460
vt 0.877109 0.498794
vt 0.880342 0.498831
vt 0.874473 0.526844
vt 0.874263 0.512496
vt 0.886866 0.498866
vt 0.880370 0.622840
vt 0.883007 0.609041
vt 0.880404 0.608640
vt 0.874064 0.498894
vt 0.888387 0.621676
vt 0.885614 0.608669
vt 0.885494 0.622868
vt 0.880438 0.591786
vt 0.877490 0.621617
vt 0.875057 0.608538
vt 0.874364 0.621609
vt 0.888243 0.608110
vt 0.885762 0.591815
vt 0.882929 0.623462
vt 0.877834 0.591413
vt 0.875245 0.592014
vt 0.890962 0.608624
vt 0.883099 0.592087
vt 0.877782 0.608053
vt 0.890953 0.592099
vt 0.888370 0.591470
vt 0.885286 0.638370
vt 0.882876 0.633120
vt 0.882840 0.639885
vt 0.894455 0.631957
vt 0.888889 0.629647
vt 0.889599 0.634229
vt 0.885387 0.632120
vt 0.876142 0.634156
vt 0.880377 0.632093
vt 0.876902 0.629582
vt 0.891513 0.621702
vt 0.880410 0.638344
vt 0.871311 0.631832
vt 0.873025 0.628566
vt 0.877746 0.574735
vt 0.891223 0.575361
vt 0.880433 0.575012
vt 0.877590 0.558373
vt 0.883190 0.575248
vt 0.888639 0.574794
vt 0.891620 0.558863
vt 0.888972 0.558434
vt 0.885949 0.575042
vt 0.883279 0.558768
vt 0.875156 0.575274
vt 0.874938 0.558772
vt 0.886158 0.558617
vt 0.880368 0.542337
vt 0.880402 0.558586
vt 0.889311 0.542245
vt 0.886368 0.542370
vt 0.883367 0.542469
vt 0.877427 0.542181
vt 0.874700 0.542435
vt 0.892035 0.542529
vt 0.892431 0.526942
vt 0.877036 0.485315
vt 0.873866 0.485417
vt 0.890318 0.485387
vt 0.887006 0.485357
vt 0.873669 0.471939
vt 0.880347 0.485321
vt 0.883677 0.485348
vt 0.893486 0.485523
vt 0.893829 0.472048
vt 0.883971 0.431035
vt 0.876749 0.431187
vt 0.887568 0.431115
vt 0.891191 0.431265
vt 0.880374 0.431076
vt 0.894849 0.431411
vt 0.873090 0.431293
vt 0.880572 0.377412
vt 0.876868 0.377425
vt 0.895361 0.385830
vt 0.891662 0.377508
vt 0.880596 0.372806
vt 0.876889 0.372805
vt 0.884258 0.377415
vt 0.895436 0.372935
vt 0.891688 0.372887
vt 0.873113 0.377449
vt 0.887947 0.377452
vt 0.884284 0.372818
vt 0.873134 0.372819
vt 0.887974 0.372846
vt 0.880617 0.368804
vt 0.887998 0.368844
vt 0.884307 0.368823
vt 0.880638 0.364802
vt 0.876908 0.368790
vt 0.873152 0.368797
vt 0.891711 0.368872
vt 0.888021 0.364842
vt 0.876927 0.364776
vt 0.873170 0.364774
vt 0.895463 0.368915
vt 0.884330 0.364829
vt 0.895489 0.364895
vt 0.891733 0.364856
vt 0.885371 0.215500
vt 0.879944 0.181134
vt 0.879952 0.215300
vt 0.985092 0.121485
vt 0.979975 0.095322
vt 0.979594 0.121867
vt 0.968271 0.095322
vt 0.974123 0.070293
vt 0.967879 0.069932
vt 0.957666 0.121315
vt 0.962391 0.094809
vt 0.956512 0.094560
vt 0.985855 0.094809
vt 0.980367 0.069931
vt 0.974123 0.095600
vt 0.974123 0.122076
vt 0.961607 0.069252
vt 0.955325 0.068901
vt 0.990579 0.121315
vt 0.963154 0.121485
vt 0.991733 0.094560
vt 0.986638 0.069252
vt 0.978230 0.253898
vt 0.974123 0.226575
vt 0.974122 0.253972
vt 0.982347 0.253762
vt 0.986858 0.226161
vt 0.982606 0.226263
vt 0.978362 0.226467
vt 0.974123 0.209893
vt 0.965899 0.253762
vt 0.969883 0.226467
vt 0.965639 0.226263
vt 0.987364 0.209431
vt 0.982946 0.209541
vt 0.970015 0.253898
vt 0.969715 0.209770
vt 0.965299 0.209541
vt 0.961761 0.253699
vt 0.961388 0.226161
vt 0.978531 0.209770
vt 0.974122 0.355642
vt 0.970096 0.299272
vt 0.970207 0.355672
vt 0.960881 0.209431
vt 0.981972 0.355745
vt 0.978149 0.299272
vt 0.978038 0.355672
vt 0.974122 0.299283
vt 0.962327 0.355843
vt 0.966050 0.299259
vt 0.961962 0.299279
vt 0.982195 0.299259
vt 0.986283 0.299279
vt 0.966273 0.355745
vt 0.986484 0.253699
vt 0.974122 0.459659
vt 0.977828 0.412632
vt 0.974122 0.412628
vt 0.984224 0.459714
vt 0.981525 0.412667
vt 0.981016 0.459533
vt 0.970654 0.459598
vt 0.966720 0.412667
vt 0.967229 0.459533
vt 0.985918 0.355843
vt 0.970417 0.412632
vt 0.977590 0.459598
vt 0.963129 0.412801
vt 0.964021 0.459714
vt 0.971325 0.579230
vt 0.974122 0.564145
vt 0.971278 0.563723
vt 0.980073 0.577911
vt 0.976967 0.563723
vt 0.976920 0.579230
vt 0.974122 0.545629
vt 0.971215 0.545317
vt 0.968172 0.577911
vt 0.965438 0.563642
vt 0.964759 0.577921
vt 0.979876 0.544925
vt 0.977030 0.545317
vt 0.974122 0.579893
vt 0.968410 0.563096
vt 0.965545 0.545596
vt 0.983486 0.577920
vt 0.979835 0.563096
vt 0.982807 0.563642
vt 0.976785 0.596161
vt 0.974122 0.590441
vt 0.974122 0.597829
vt 0.968369 0.544925
vt 0.986760 0.589103
vt 0.980668 0.586613
vt 0.981471 0.591612
vt 0.976858 0.589335
vt 0.966774 0.591612
vt 0.971387 0.589335
vt 0.967577 0.586613
vt 0.984907 0.585526
vt 0.971460 0.596161
vt 0.961484 0.589103
vt 0.963337 0.585526
vt 0.968174 0.526712
vt 0.982699 0.545596
vt 0.980071 0.526711
vt 0.971110 0.526998
vt 0.967907 0.508844
vt 0.977134 0.526998
vt 0.982896 0.527315
vt 0.980338 0.508844
vt 0.965349 0.527315
vt 0.974122 0.527240
vt 0.977266 0.509060
vt 0.974122 0.509242
vt 0.965013 0.509296
vt 0.967485 0.044733
vt 0.960820 0.043883
vt 0.970979 0.509060
vt 0.992921 0.068901
vt 0.987425 0.043883
vt 0.967092 0.019534
vt 0.960034 0.018513
vt 0.974123 0.045182
vt 0.994115 0.043424
vt 0.988212 0.018513
vt 0.954131 0.043424
vt 0.980760 0.044733
vt 0.974123 0.020071
vt 0.952937 0.017947
vt 0.981154 0.019534
vt 0.959649 0.174596
vt 0.963869 0.149406
vt 0.958740 0.149274
vt 0.983770 0.174716
vt 0.979239 0.149714
vt 0.978939 0.174988
vt 0.974123 0.175135
vt 0.969006 0.149714
vt 0.969307 0.174988
vt 0.984377 0.149406
vt 0.964475 0.174716
vt 0.968651 0.121867
vt 0.989505 0.149274
vt 0.974123 0.149883
vt 0.964931 0.193994
vt 0.960331 0.193879
vt 0.978713 0.194242
vt 0.969532 0.194242
vt 0.983314 0.193994
vt 0.974123 0.194376
vt 0.987914 0.193879
vt 0.988597 0.174596
vt 0.974122 0.489595
vt 0.970836 0.489471
vt 0.980632 0.489322
vt 0.977408 0.489471
vt 0.964620 0.489617
vt 0.967613 0.489322
vt 0.983232 0.509296
vt 0.983625 0.489617
vt 0.974122 0.249007
vt 0.978544 0.210938
vt 0.974123 0.211058
vt 0.986660 0.248723
vt 0.982974 0.210716
vt 0.982464 0.248787
vt 0.978880 0.179956
vt 0.974123 0.180101
vt 0.969957 0.248930
vt 0.965271 0.210716
vt 0.965781 0.248787
vt 0.988421 0.179572
vt 0.983652 0.179691
vt 0.969701 0.210938
vt 0.964593 0.179691
vt 0.978288 0.248930
vt 0.969365 0.179956
vt 0.960837 0.210610
vt 0.961585 0.248723
vt 0.974122 0.298662
vt 0.970089 0.298651
vt 0.959825 0.179572
vt 0.982210 0.298637
vt 0.978156 0.298651
vt 0.961940 0.298657
vt 0.966035 0.298637
vt 0.986305 0.298657
vt 0.985116 0.412801
vt 0.963883 0.150028
vt 0.958763 0.149896
vt 0.979232 0.150335
vt 0.969014 0.150335
vt 0.984362 0.150028
vt 0.974123 0.150503
vt 0.989483 0.149896
vt 0.970165 0.360299
vt 0.974122 0.341387
vt 0.970117 0.341448
vt 0.895151 0.215033
vt 0.890713 0.181189
vt 0.890386 0.215331
vt 0.885457 0.156836
vt 0.879741 0.156474
vt 0.870338 0.214164
vt 0.874576 0.180617
vt 0.869237 0.180305
vt 0.896066 0.180751
vt 0.891176 0.156536
vt 0.885353 0.181414
vt 0.874002 0.155821
vt 0.868251 0.155468
vt 0.900090 0.215199
vt 0.875030 0.214784
vt 0.901439 0.180589
vt 0.896922 0.155945
vt 0.889866 0.319906
vt 0.885539 0.264825
vt 0.885501 0.320006
vt 0.897181 0.320970
vt 0.894148 0.264509
vt 0.893150 0.319844
vt 0.890229 0.264685
vt 0.875584 0.319187
vt 0.879684 0.264700
vt 0.875302 0.264003
vt 0.898589 0.265262
vt 0.879514 0.319950
vt 0.872538 0.317343
vt 0.871569 0.262605
vt 0.880163 0.411288
vt 0.884970 0.369879
vt 0.879772 0.369879
vt 0.891544 0.411428
vt 0.889001 0.369858
vt 0.888051 0.411306
vt 0.873038 0.410838
vt 0.876042 0.369417
vt 0.872917 0.368148
vt 0.892266 0.369908
vt 0.884310 0.411258
vt 0.895259 0.411831
vt 0.876508 0.411206
vt 0.896098 0.370785
vt 0.883446 0.527857
vt 0.886860 0.499104
vt 0.883602 0.499116
vt 0.892406 0.527936
vt 0.890088 0.499101
vt 0.889577 0.527707
vt 0.883750 0.471821
vt 0.877318 0.527640
vt 0.880345 0.499069
vt 0.877117 0.499030
vt 0.893136 0.499246
vt 0.890537 0.471909
vt 0.880358 0.527756
vt 0.880353 0.471812
vt 0.876962 0.471836
vt 0.886536 0.527789
vt 0.874067 0.499143
vt 0.874487 0.527839
vt 0.880370 0.622840
vt 0.883010 0.608357
vt 0.880402 0.607958
vt 0.888387 0.621676
vt 0.885623 0.607987
vt 0.885494 0.622868
vt 0.883128 0.586613
vt 0.880426 0.586330
vt 0.877490 0.621617
vt 0.875047 0.607852
vt 0.874364 0.621609
vt 0.888485 0.586035
vt 0.885833 0.586360
vt 0.882929 0.623462
vt 0.877775 0.607373
vt 0.875165 0.586527
vt 0.890979 0.607938
vt 0.888257 0.607430
vt 0.891092 0.586613
vt 0.885286 0.638370
vt 0.882840 0.639885
vt 0.877778 0.585977
vt 0.880377 0.632093
vt 0.876902 0.629582
vt 0.880410 0.638344
vt 0.877579 0.557982
vt 0.888987 0.558043
vt 0.880399 0.558200
vt 0.886165 0.558232
vt 0.891652 0.558466
vt 0.874910 0.558375
vt 0.883281 0.558385
vt 0.873294 0.444085
vt 0.887471 0.444018
vt 0.876795 0.444038
vt 0.883930 0.443961
vt 0.880338 0.443982
vt 0.890992 0.444133
vt 0.894523 0.444309
vt 0.879506 0.133398
vt 0.873407 0.132587
vt 0.902677 0.155654
vt 0.897768 0.132719
vt 0.879271 0.110322
vt 0.872813 0.109353
vt 0.885581 0.133843
vt 0.903896 0.132332
vt 0.898615 0.109492
vt 0.867284 0.132133
vt 0.891661 0.133464
vt 0.885706 0.110849
vt 0.866318 0.108799
vt 0.892147 0.110392
vt 0.880256 0.208627
vt 0.885402 0.168395
vt 0.880002 0.167906
vt 0.935333 0.181468
vt 0.942042 0.132259
vt 0.936293 0.132860
vt 0.930571 0.133165
vt 0.924386 0.086294
vt 0.924852 0.132798
vt 0.920243 0.180995
vt 0.913354 0.131774
vt 0.915201 0.180783
vt 0.943730 0.085464
vt 0.937262 0.086364
vt 0.930308 0.181653
vt 0.919110 0.132134
vt 0.911433 0.084771
vt 0.945423 0.180946
vt 0.940380 0.181105
vt 0.930822 0.086821
vt 0.925286 0.181414
vt 0.950231 0.084981
vt 0.933657 0.287301
vt 0.930026 0.233643
vt 0.929735 0.287357
vt 0.917928 0.085325
vt 0.941540 0.287141
vt 0.938813 0.233306
vt 0.937590 0.287181
vt 0.934412 0.233531
vt 0.921883 0.287096
vt 0.925641 0.233484
vt 0.921244 0.233211
vt 0.943212 0.233217
vt 0.925814 0.287259
vt 0.917934 0.287013
vt 0.916846 0.233075
vt 0.925575 0.385095
vt 0.929452 0.339654
vt 0.925739 0.339625
vt 0.936490 0.385241
vt 0.933164 0.339665
vt 0.932835 0.385134
vt 0.918224 0.385234
vt 0.922007 0.339593
vt 0.918234 0.339590
vt 0.936897 0.339674
vt 0.929206 0.385075
vt 0.940185 0.385353
vt 0.921919 0.385162
vt 0.940669 0.339712
vt 0.931652 0.503761
vt 0.928718 0.475088
vt 0.928562 0.503829
vt 0.937522 0.503908
vt 0.935204 0.475073
vt 0.934693 0.503678
vt 0.931975 0.475076
vt 0.928866 0.447793
vt 0.922434 0.503612
vt 0.925461 0.475041
vt 0.922232 0.475002
vt 0.938252 0.475218
vt 0.935653 0.447881
vt 0.925473 0.503728
vt 0.925469 0.447784
vt 0.922078 0.447808
vt 0.919603 0.503811
vt 0.919183 0.475115
vt 0.932263 0.447820
vt 0.925486 0.598812
vt 0.928126 0.584329
vt 0.925518 0.583930
vt 0.918785 0.447911
vt 0.933503 0.597648
vt 0.930738 0.583959
vt 0.930609 0.598840
vt 0.928244 0.562585
vt 0.925542 0.562302
vt 0.922606 0.597589
vt 0.920163 0.583824
vt 0.919480 0.597581
vt 0.933373 0.583402
vt 0.930949 0.562332
vt 0.928044 0.599434
vt 0.922890 0.583345
vt 0.920281 0.562499
vt 0.936095 0.583910
vt 0.936207 0.562585
vt 0.933600 0.562007
vt 0.930401 0.614342
vt 0.927992 0.609092
vt 0.927955 0.615857
vt 0.922894 0.561949
vt 0.939571 0.607929
vt 0.934005 0.605619
vt 0.934715 0.610201
vt 0.930502 0.608092
vt 0.921258 0.610128
vt 0.925493 0.608065
vt 0.922017 0.605554
vt 0.936628 0.597673
vt 0.925526 0.614316
vt 0.916426 0.607803
vt 0.918141 0.604538
vt 0.925515 0.534172
vt 0.936768 0.534438
vt 0.922695 0.533953
vt 0.928397 0.534357
vt 0.934103 0.534015
vt 0.920026 0.534347
vt 0.931281 0.534204
vt 0.921948 0.419758
vt 0.918418 0.419860
vt 0.932545 0.419721
vt 0.929018 0.419663
vt 0.925491 0.419683
vt 0.936087 0.419835
vt 0.938945 0.448020
vt 0.939615 0.419974
vt 0.832872 0.312313
vt 0.837474 0.281295
vt 0.837133 0.314446
vt 0.847357 0.281441
vt 0.842992 0.257888
vt 0.848402 0.256551
vt 0.855042 0.311566
vt 0.852205 0.279196
vt 0.857281 0.277969
vt 0.832750 0.278762
vt 0.837664 0.256423
vt 0.841552 0.315579
vt 0.842380 0.282606
vt 0.859147 0.252720
vt 0.828310 0.310811
vt 0.850429 0.312735
vt 0.827667 0.276973
vt 0.832526 0.253568
vt 0.839336 0.400893
vt 0.836581 0.355161
vt 0.840516 0.356070
vt 0.853670 0.254025
vt 0.828824 0.398231
vt 0.832742 0.353492
vt 0.832367 0.399060
vt 0.846556 0.399447
vt 0.844472 0.355381
vt 0.848523 0.353899
vt 0.828731 0.352321
vt 0.842860 0.400456
vt 0.846022 0.314641
vt 0.835813 0.400238
vt 0.850192 0.398801
vt 0.852623 0.352942
vt 0.840022 0.487058
vt 0.838103 0.446090
vt 0.841342 0.445889
vt 0.831104 0.486590
vt 0.834863 0.445692
vt 0.833880 0.486893
vt 0.842918 0.486928
vt 0.847920 0.445014
vt 0.846005 0.486843
vt 0.831799 0.444989
vt 0.836950 0.487070
vt 0.844609 0.445352
vt 0.828043 0.486322
vt 0.828552 0.444473
vt 0.833368 0.607970
vt 0.831387 0.579672
vt 0.834215 0.579591
vt 0.825565 0.608245
vt 0.828729 0.579833
vt 0.828045 0.608089
vt 0.832180 0.550329
vt 0.835093 0.550268
vt 0.838683 0.608343
vt 0.837019 0.579736
vt 0.839700 0.580104
vt 0.826112 0.579890
vt 0.829537 0.550452
vt 0.836046 0.608050
vt 0.837992 0.550424
vt 0.840670 0.550743
vt 0.830666 0.608001
vt 0.842317 0.580377
vt 0.841158 0.608715
vt 0.833192 0.688125
vt 0.831374 0.675218
vt 0.833671 0.674954
vt 0.843426 0.550937
vt 0.826493 0.687086
vt 0.829114 0.674860
vt 0.828794 0.688020
vt 0.831935 0.656456
vt 0.834322 0.656310
vt 0.835558 0.687342
vt 0.838167 0.675104
vt 0.837929 0.687623
vt 0.826864 0.674298
vt 0.829563 0.656231
vt 0.830965 0.688523
vt 0.835945 0.674537
vt 0.838873 0.656766
vt 0.824628 0.674694
vt 0.824995 0.656351
vt 0.827233 0.655919
vt 0.828343 0.702316
vt 0.830442 0.701123
vt 0.830290 0.703484
vt 0.836660 0.656149
vt 0.821798 0.696266
vt 0.825375 0.697165
vt 0.824903 0.698681
vt 0.828490 0.700093
vt 0.830585 0.698670
vt 0.836347 0.698778
vt 0.832523 0.700125
vt 0.836016 0.697355
vt 0.822369 0.695382
vt 0.825801 0.695583
vt 0.832379 0.702261
vt 0.832682 0.697891
vt 0.835722 0.695836
vt 0.840244 0.696399
vt 0.839480 0.695665
vt 0.828598 0.697797
vt 0.835129 0.633790
vt 0.838768 0.694850
vt 0.825246 0.633959
vt 0.837624 0.633884
vt 0.832603 0.633816
vt 0.827584 0.633646
vt 0.839944 0.634399
vt 0.830070 0.633732
vt 0.844574 0.521041
vt 0.830341 0.520642
vt 0.832995 0.520670
vt 0.841666 0.520955
vt 0.835974 0.520693
vt 0.838949 0.520800
vt 0.826786 0.550439
vt 0.827442 0.520534
vt 0.838187 0.693247
vt 0.828659 0.694772
vt 0.835524 0.693528
vt 0.830729 0.695458
vt 0.832883 0.694885
vt 0.826156 0.693259
vt 0.822955 0.694461
vt 0.824137 0.687203
vt 0.849137 0.239398
vt 0.854696 0.236617
vt 0.827017 0.251555
vt 0.832352 0.236110
vt 0.855464 0.223455
vt 0.837768 0.239212
vt 0.843411 0.240827
vt 0.826543 0.233945
vt 0.832222 0.222882
vt 0.860518 0.235039
vt 0.837833 0.226187
vt 0.843726 0.227955
vt 0.861601 0.221476
vt 0.849697 0.226480
vt 0.895093 0.208413
vt 0.890871 0.168259
vt 0.890124 0.208783
vt 0.885564 0.139097
vt 0.879771 0.138446
vt 0.870230 0.208108
vt 0.874312 0.167382
vt 0.868734 0.167226
vt 0.896364 0.167655
vt 0.891452 0.138920
vt 0.885177 0.208910
vt 0.867539 0.137544
vt 0.900030 0.208179
vt 0.875220 0.208252
vt 0.901788 0.167146
vt 0.897366 0.138100
vt 0.888541 0.311329
vt 0.884909 0.258074
vt 0.884619 0.311385
vt 0.873583 0.137758
vt 0.896424 0.311169
vt 0.893676 0.257745
vt 0.892474 0.311209
vt 0.889285 0.257970
vt 0.876767 0.311124
vt 0.880536 0.257910
vt 0.876139 0.257643
vt 0.898062 0.257646
vt 0.880699 0.311287
vt 0.872818 0.311041
vt 0.871748 0.257515
vt 0.880460 0.409123
vt 0.884336 0.363682
vt 0.880624 0.363653
vt 0.891375 0.409269
vt 0.888049 0.363693
vt 0.887720 0.409162
vt 0.873108 0.409262
vt 0.876892 0.363621
vt 0.873119 0.363618
vt 0.891781 0.363702
vt 0.884090 0.409103
vt 0.895070 0.409381
vt 0.876804 0.409190
vt 0.895554 0.363740
vt 0.886536 0.527789
vt 0.883602 0.499116
vt 0.883447 0.527857
vt 0.889577 0.527707
vt 0.890088 0.499101
vt 0.886860 0.499104
vt 0.877318 0.527640
vt 0.880345 0.499069
vt 0.877117 0.499030
vt 0.890538 0.471909
vt 0.880358 0.527756
vt 0.880353 0.471812
vt 0.874487 0.527839
vt 0.887147 0.471849
vt 0.883010 0.608357
vt 0.880402 0.607958
vt 0.883128 0.586613
vt 0.880426 0.586330
vt 0.875047 0.607852
vt 0.874364 0.621609
vt 0.888257 0.607430
vt 0.885833 0.586360
vt 0.882929 0.623462
vt 0.877775 0.607373
vt 0.875165 0.586527
vt 0.888485 0.586035
vt 0.877778 0.585977
vt 0.876142 0.634156
vt 0.880377 0.632093
vt 0.880410 0.638344
vt 0.871311 0.631831
vt 0.880399 0.558200
vt 0.877579 0.557982
vt 0.883281 0.558385
vt 0.888987 0.558043
vt 0.874910 0.558375
vt 0.886165 0.558232
vt 0.879526 0.121004
vt 0.873119 0.120168
vt 0.903195 0.137377
vt 0.898074 0.120450
vt 0.879271 0.110322
vt 0.872813 0.109353
vt 0.891851 0.121353
vt 0.885655 0.121647
vt 0.904252 0.119766
vt 0.898615 0.109492
vt 0.866795 0.119811
vt 0.876832 0.443786
vt 0.873303 0.443888
vt 0.887430 0.443749
vt 0.880375 0.443711
vt 0.890971 0.443863
vt 0.894500 0.444003
vt 0.883903 0.443691
vt 0.876997 0.501926
vt 0.880061 0.420699
vt 0.876131 0.420374
vt 0.840172 0.482325
vt 0.838121 0.445500
vt 0.841360 0.445297
vt 0.831236 0.481817
vt 0.834880 0.445100
vt 0.834014 0.482154
vt 0.843075 0.482159
vt 0.847943 0.444415
vt 0.846189 0.482054
vt 0.831816 0.444392
vt 0.837090 0.482350
vt 0.844629 0.444756
vt 0.828149 0.481532
vt 0.828565 0.443874
vt 0.831370 0.580264
vt 0.834197 0.580181
vt 0.828712 0.580429
vt 0.832046 0.555068
vt 0.834953 0.554987
vt 0.837000 0.580327
vt 0.839680 0.580700
vt 0.826099 0.580489
vt 0.829404 0.555225
vt 0.837842 0.555157
vt 0.840513 0.555511
vt 0.842294 0.580976
vt 0.843242 0.555725
vt 0.843953 0.536779
vt 0.832566 0.536233
vt 0.841131 0.536623
vt 0.844527 0.521758
vt 0.835515 0.536190
vt 0.838456 0.536344
vt 0.830348 0.521349
vt 0.832984 0.521356
vt 0.835957 0.521368
vt 0.838929 0.521486
vt 0.826680 0.555230
vt 0.829932 0.536322
vt 0.841623 0.521661
vt 0.827116 0.536277
vt 0.833414 0.505793
vt 0.836416 0.505871
vt 0.827451 0.521252
vt 0.830757 0.505668
vt 0.842158 0.505994
vt 0.827777 0.505508
vt 0.839422 0.505942
vt 0.845148 0.506021
vt 0.846319 0.306785
vt 0.842423 0.280824
vt 0.847436 0.279688
vt 0.978080 0.360299
vt 0.982170 0.341577
vt 0.978128 0.341448
vt 0.974122 0.326319
vt 0.970105 0.326359
vt 0.966174 0.360441
vt 0.961958 0.341687
vt 0.962130 0.360571
vt 0.982191 0.326446
vt 0.978140 0.326359
vt 0.974122 0.360232
vt 0.966075 0.341577
vt 0.961934 0.326527
vt 0.986115 0.360571
vt 0.982071 0.360441
vt 0.986287 0.341687
vt 0.974122 0.474431
vt 0.977609 0.458687
vt 0.974122 0.458737
vt 0.966054 0.326446
vt 0.983928 0.474431
vt 0.981050 0.458632
vt 0.980856 0.474253
vt 0.977685 0.443804
vt 0.974122 0.443833
vt 0.970728 0.474351
vt 0.967194 0.458632
vt 0.967389 0.474253
vt 0.984242 0.458763
vt 0.981215 0.443783
vt 0.970636 0.458687
vt 0.967029 0.443783
vt 0.977517 0.474351
vt 0.970560 0.443804
vt 0.964002 0.458763
vt 0.964316 0.474431
vt 0.963705 0.443910
vt 0.966656 0.409437
vt 0.962536 0.385048
vt 0.963015 0.409570
vt 0.977857 0.409379
vt 0.981849 0.384913
vt 0.977977 0.384803
vt 0.966396 0.384913
vt 0.970388 0.409379
vt 0.974122 0.384756
vt 0.970268 0.384803
vt 0.985229 0.409570
vt 0.981588 0.409437
vt 0.974122 0.409363
vt 0.985709 0.385048
vt 0.966035 0.292591
vt 0.970077 0.267906
vt 0.966021 0.267805
vt 0.986310 0.292601
vt 0.982224 0.267805
vt 0.982210 0.292591
vt 0.970064 0.239584
vt 0.966005 0.239391
vt 0.978156 0.292613
vt 0.974123 0.267962
vt 0.974122 0.292628
vt 0.986309 0.267763
vt 0.982240 0.239391
vt 0.961935 0.292601
vt 0.961937 0.267763
vt 0.978168 0.267906
vt 0.974123 0.239686
vt 0.961938 0.239289
vt 0.970089 0.292613
vt 0.978181 0.239584
vt 0.966046 0.311332
vt 0.986310 0.311382
vt 0.982199 0.311332
vt 0.978147 0.311294
vt 0.974122 0.311279
vt 0.961935 0.311382
vt 0.970098 0.311294
vt 0.974122 0.491442
vt 0.970846 0.491315
vt 0.980612 0.491162
vt 0.977399 0.491315
vt 0.964657 0.491456
vt 0.967633 0.491162
vt 0.983588 0.491456
vt 0.963397 0.428580
vt 0.981382 0.428450
vt 0.977762 0.428436
vt 0.966863 0.428450
vt 0.970483 0.428436
vt 0.984540 0.443910
vt 0.974122 0.428445
vt 0.984848 0.428580
vt 0.965674 0.337198
vt 0.969347 0.270286
vt 0.964534 0.270153
vt 0.974122 0.337118
vt 0.978898 0.270286
vt 0.974122 0.270362
vt 0.968693 0.197071
vt 0.963229 0.196667
vt 0.986865 0.337280
vt 0.983712 0.270153
vt 0.982571 0.337198
vt 0.979554 0.197070
vt 0.974119 0.197284
vt 0.969915 0.337140
vt 0.988598 0.270111
vt 0.985020 0.196668
vt 0.978330 0.337140
vt 0.959646 0.270111
vt 0.961380 0.337280
vt 0.977541 0.469433
vt 0.974122 0.443349
vt 0.974122 0.469507
vt 0.957683 0.196458
vt 0.980909 0.469346
vt 0.984550 0.443433
vt 0.981217 0.443299
vt 0.977832 0.414297
vt 0.974122 0.414287
vt 0.970703 0.469433
vt 0.967028 0.443299
vt 0.967336 0.469347
vt 0.985131 0.414476
vt 0.981535 0.414344
vt 0.970559 0.443319
vt 0.966710 0.414344
vt 0.977685 0.443319
vt 0.970412 0.414297
vt 0.964218 0.469525
vt 0.963695 0.443433
vt 0.963114 0.414476
vt 0.962454 0.382750
vt 0.981904 0.382621
vt 0.978005 0.382523
vt 0.966340 0.382621
vt 0.970240 0.382523
vt 0.974122 0.382482
vt 0.985791 0.382750
vt 0.962114 0.134085
vt 0.955992 0.133713
vt 0.980117 0.134745
vt 0.961244 0.085305
vt 0.954678 0.084810
vt 0.974114 0.135088
vt 0.968134 0.134747
vt 0.986141 0.134088
vt 0.980556 0.086158
vt 0.990552 0.196461
vt 0.974110 0.086600
vt 0.967697 0.086161
vt 0.992223 0.133723
vt 0.987014 0.085308
vt 0.970843 0.490701
vt 0.980618 0.490549
vt 0.977402 0.490701
vt 0.974122 0.490826
vt 0.967626 0.490549
vt 0.964645 0.490843
vt 0.983600 0.490843
vt 0.984027 0.469525
vt 0.967366 0.049602
vt 0.960583 0.048638
vt 0.974114 0.050101
vt 0.993525 0.084824
vt 0.987672 0.048640
vt 0.980885 0.049600
vt 0.994504 0.048097
vt 0.953712 0.048088
vt 0.875181 0.331150
vt 0.869211 0.256509
vt 0.870657 0.330926
vt 0.879834 0.331651
vt 0.884905 0.257899
vt 0.879644 0.257533
vt 0.874390 0.256882
vt 0.868071 0.197958
vt 0.884507 0.331939
vt 0.890175 0.257596
vt 0.885219 0.199639
vt 0.879495 0.199211
vt 0.893844 0.331251
vt 0.889183 0.331704
vt 0.890955 0.199281
vt 0.896697 0.198564
vt 0.880266 0.502135
vt 0.884026 0.420897
vt 0.873768 0.198441
vt 0.890177 0.501998
vt 0.887992 0.420743
vt 0.886906 0.502171
vt 0.872392 0.420315
vt 0.873940 0.502070
vt 0.891926 0.420460
vt 0.898370 0.331089
vt 0.895440 0.256995
vt 0.883585 0.502285
vt 0.900624 0.256717
vt 0.893232 0.502174
vt 0.883011 0.608357
vt 0.880402 0.607958
vt 0.895666 0.420442
vt 0.883128 0.586613
vt 0.880426 0.586330
vt 0.888257 0.607430
vt 0.877774 0.607373
vt 0.888485 0.586035
vt 0.877778 0.585977
vt 0.880388 0.554998
vt 0.891755 0.555246
vt 0.877539 0.554767
vt 0.883299 0.555189
vt 0.889062 0.554830
vt 0.874842 0.555154
vt 0.886211 0.555029
vt 0.902398 0.198196
vt 0.897716 0.151214
vt 0.873261 0.151082
vt 0.905115 0.109009
vt 0.898615 0.109492
vt 0.891588 0.152027
vt 0.879375 0.151955
vt 0.885477 0.152435
vt 0.867142 0.150546
vt 0.880298 0.513992
vt 0.876684 0.472214
vt 0.877126 0.513840
vt 0.977545 0.465556
vt 0.974122 0.413375
vt 0.974122 0.465636
vt 0.980923 0.465470
vt 0.985101 0.413550
vt 0.981513 0.413410
vt 0.977822 0.413376
vt 0.967322 0.465470
vt 0.970423 0.413376
vt 0.966732 0.413410
vt 0.970700 0.465556
vt 0.964141 0.465706
vt 0.963144 0.413550
vt 0.974122 0.563398
vt 0.971272 0.562978
vt 0.976973 0.562978
vt 0.974122 0.539652
vt 0.971170 0.539358
vt 0.965423 0.562893
vt 0.979846 0.562354
vt 0.977075 0.539358
vt 0.968399 0.562354
vt 0.965426 0.539604
vt 0.982822 0.562893
vt 0.982819 0.539604
vt 0.979969 0.538988
vt 0.968276 0.538988
vt 0.970968 0.507409
vt 0.983289 0.507636
vt 0.967880 0.507190
vt 0.974122 0.507592
vt 0.980365 0.507190
vt 0.984104 0.465706
vt 0.964956 0.507636
vt 0.977277 0.507409
vt 0.964946 0.194616
vt 0.960353 0.194501
vt 0.978705 0.194863
vt 0.964593 0.179691
vt 0.969540 0.194863
vt 0.983652 0.179691
vt 0.978880 0.179957
vt 0.974123 0.194997
vt 0.987892 0.194501
vt 0.983299 0.194616
vt 0.988421 0.179572
vt 0.978889 0.271273
vt 0.974122 0.271346
vt 0.974123 0.180101
vt 0.931676 0.502808
vt 0.928645 0.488494
vt 0.928567 0.502865
vt 0.934734 0.502735
vt 0.937912 0.488569
vt 0.934990 0.488432
vt 0.931838 0.488466
vt 0.928719 0.474847
vt 0.922403 0.502668
vt 0.925453 0.488431
vt 0.922302 0.488364
vt 0.938258 0.474970
vt 0.935214 0.474837
vt 0.925460 0.502775
vt 0.925457 0.474803
vt 0.922225 0.474766
vt 0.919588 0.502816
vt 0.919379 0.488468
vt 0.931981 0.474838
vt 0.928122 0.585013
vt 0.925520 0.584612
vt 0.919180 0.474866
vt 0.930730 0.584641
vt 0.928214 0.568059
vt 0.925554 0.567758
vt 0.920173 0.584510
vt 0.933358 0.584081
vt 0.930878 0.567787
vt 0.922897 0.584025
vt 0.920361 0.567986
vt 0.936077 0.584596
vt 0.936068 0.568071
vt 0.933486 0.567442
vt 0.922950 0.567385
vt 0.925549 0.550984
vt 0.936339 0.551333
vt 0.922861 0.550707
vt 0.925517 0.534558
vt 0.922705 0.534345
vt 0.928306 0.551220
vt 0.933755 0.550766
vt 0.936736 0.534835
vt 0.934088 0.534406
vt 0.920272 0.551246
vt 0.931065 0.551014
vt 0.928395 0.534740
vt 0.920054 0.534744
vt 0.931274 0.534589
vt 0.922078 0.447808
vt 0.918587 0.434433
vt 0.935653 0.447881
vt 0.932403 0.434312
vt 0.932263 0.447820
vt 0.922005 0.434328
vt 0.918390 0.420955
vt 0.925469 0.447784
vt 0.928939 0.434266
vt 0.925475 0.434274
vt 0.935872 0.434404
vt 0.932544 0.420803
vt 0.929012 0.420739
vt 0.925480 0.420765
vt 0.921931 0.420849
vt 0.928866 0.447793
vt 0.939288 0.434545
vt 0.936092 0.420926
vt 0.932685 0.407294
vt 0.929086 0.407213
vt 0.939632 0.421070
vt 0.936311 0.407448
vt 0.932755 0.400540
vt 0.929159 0.393686
vt 0.929122 0.400449
vt 0.925486 0.407255
vt 0.921858 0.407370
vt 0.936421 0.400709
vt 0.940319 0.394121
vt 0.936531 0.393970
vt 0.925489 0.400500
vt 0.921784 0.393890
vt 0.921821 0.400630
vt 0.925492 0.393745
vt 0.918192 0.407478
vt 0.932825 0.393785
vt 0.918982 0.461389
vt 0.918094 0.400739
vt 0.917995 0.394000
vt 0.932122 0.461329
vt 0.922151 0.461287
vt 0.928792 0.461320
vt 0.925463 0.461293
vt 0.935434 0.461359
vt 0.938602 0.461495
vt 0.925483 0.518309
vt 0.931484 0.518342
vt 0.928483 0.518441
vt 0.922542 0.518153
vt 0.919816 0.518407
vt 0.934426 0.518217
vt 0.937150 0.518501
vt 0.937546 0.502914
vt 0.832916 0.304328
vt 0.837474 0.279442
vt 0.837240 0.306557
vt 0.843017 0.256717
vt 0.848463 0.255430
vt 0.855513 0.303435
vt 0.852286 0.277344
vt 0.857476 0.275798
vt 0.832749 0.276864
vt 0.837644 0.255163
vt 0.841752 0.307754
vt 0.859343 0.251040
vt 0.828253 0.302765
vt 0.850771 0.304768
vt 0.827642 0.275067
vt 0.832516 0.252259
vt 0.839066 0.410445
vt 0.836242 0.378398
vt 0.839920 0.379181
vt 0.853726 0.252780
vt 0.828733 0.407869
vt 0.832598 0.376979
vt 0.832160 0.408663
vt 0.836617 0.354434
vt 0.840540 0.355348
vt 0.846243 0.409045
vt 0.843600 0.378623
vt 0.847510 0.377377
vt 0.828895 0.375991
vt 0.832782 0.352760
vt 0.842505 0.410019
vt 0.844482 0.354659
vt 0.848533 0.353168
vt 0.835614 0.409806
vt 0.851319 0.376575
vt 0.849776 0.408433
vt 0.841530 0.601058
vt 0.840727 0.556311
vt 0.843481 0.556393
vt 0.852625 0.352195
vt 0.830846 0.600517
vt 0.834858 0.556335
vt 0.833572 0.600551
vt 0.842651 0.504704
vt 0.845660 0.504548
vt 0.825634 0.600584
vt 0.829057 0.556022
vt 0.828150 0.600488
vt 0.831949 0.556217
vt 0.836342 0.505174
vt 0.839011 0.600748
vt 0.837736 0.556299
vt 0.827231 0.504026
vt 0.830180 0.504382
vt 0.836274 0.600572
vt 0.839398 0.505015
vt 0.833260 0.504885
vt 0.835158 0.632856
vt 0.825255 0.633001
vt 0.837665 0.632934
vt 0.832629 0.632889
vt 0.827598 0.632696
vt 0.839990 0.633442
vt 0.830092 0.632797
vt 0.849178 0.238627
vt 0.854735 0.235761
vt 0.826992 0.250246
vt 0.832345 0.235210
vt 0.837754 0.238346
vt 0.843429 0.240023
vt 0.826188 0.220604
vt 0.860653 0.233884
vt 0.849550 0.329894
vt 0.853936 0.328749
vt 0.836945 0.331407
vt 0.841127 0.332452
vt 0.845348 0.331630
vt 0.832905 0.329475
vt 0.828786 0.351588
vt 0.828604 0.328118
vt 0.834564 0.453623
vt 0.841058 0.453801
vt 0.831297 0.452790
vt 0.844569 0.453145
vt 0.828118 0.452209
vt 0.837821 0.454094
vt 0.847836 0.452752
vt 0.846014 0.314898
vt 0.842361 0.283301
vt 0.847336 0.282180
vt 0.832875 0.312531
vt 0.837450 0.281936
vt 0.837125 0.314669
vt 0.842965 0.258854
vt 0.848372 0.257580
vt 0.855049 0.311694
vt 0.852152 0.279865
vt 0.857303 0.278338
vt 0.832759 0.279388
vt 0.837629 0.257315
vt 0.841546 0.315820
vt 0.853597 0.254956
vt 0.859176 0.253233
vt 0.828319 0.311033
vt 0.850411 0.312968
vt 0.827691 0.277612
vt 0.832538 0.254439
vt 0.835658 0.396339
vt 0.840501 0.355610
vt 0.839223 0.396973
vt 0.832536 0.395229
vt 0.828766 0.351876
vt 0.832763 0.353040
vt 0.836561 0.354702
vt 0.847003 0.395501
vt 0.844514 0.354925
vt 0.848577 0.353435
vt 0.843202 0.396549
vt 0.850383 0.394761
vt 0.852648 0.352453
vt 0.841392 0.471428
vt 0.837778 0.434820
vt 0.842327 0.434654
vt 0.833262 0.471296
vt 0.832286 0.433975
vt 0.834419 0.434482
vt 0.844704 0.471141
vt 0.848468 0.433400
vt 0.846768 0.470684
vt 0.836498 0.471390
vt 0.829135 0.471166
vt 0.831781 0.471266
vt 0.845893 0.434005
vt 0.829097 0.394442
vt 0.833368 0.607970
vt 0.831368 0.579185
vt 0.834201 0.579101
vt 0.828750 0.579354
vt 0.832026 0.546430
vt 0.834980 0.546348
vt 0.839755 0.579611
vt 0.838683 0.608343
vt 0.826146 0.579416
vt 0.829706 0.546621
vt 0.837062 0.579247
vt 0.841117 0.546796
vt 0.838335 0.546516
vt 0.842341 0.579872
vt 0.841158 0.608715
vt 0.833192 0.688125
vt 0.843616 0.546897
vt 0.828794 0.688020
vt 0.826864 0.674298
vt 0.831374 0.675218
vt 0.834322 0.656309
vt 0.838167 0.675104
vt 0.837929 0.687623
vt 0.835945 0.674537
vt 0.826493 0.687086
vt 0.824628 0.674694
vt 0.831935 0.656456
vt 0.824995 0.656351
vt 0.830442 0.701123
vt 0.830290 0.703484
vt 0.825375 0.697165
vt 0.824903 0.698681
vt 0.828490 0.700093
vt 0.836347 0.698778
vt 0.832523 0.700125
vt 0.836016 0.697355
vt 0.825801 0.695583
vt 0.832379 0.702261
vt 0.835722 0.695836
vt 0.840244 0.696399
vt 0.839480 0.695664
vt 0.828598 0.697797
vt 0.835129 0.633790
vt 0.830070 0.633732
vt 0.825246 0.633959
vt 0.845122 0.509427
vt 0.830828 0.509627
vt 0.832552 0.509460
vt 0.842950 0.509608
vt 0.835649 0.509423
vt 0.839933 0.509566
vt 0.827059 0.546650
vt 0.828227 0.509640
vt 0.828659 0.694772
vt 0.832883 0.694885
vt 0.826156 0.693259
vt 0.822955 0.694461
vt 0.824137 0.687203
vt 0.849116 0.240105
vt 0.854646 0.237257
vt 0.827051 0.252445
vt 0.832360 0.236709
vt 0.849697 0.226480
vt 0.855464 0.223455
vt 0.843393 0.241492
vt 0.826567 0.234557
vt 0.860538 0.235392
vt 0.837744 0.239825
vt 0.843726 0.227955
vt 0.837833 0.226187
vt 0.918591 0.434714
vt 0.932400 0.434593
vt 0.922006 0.434609
vt 0.918423 0.423202
vt 0.928938 0.434548
vt 0.925474 0.434556
vt 0.935868 0.434684
vt 0.932521 0.423054
vt 0.929000 0.422994
vt 0.925479 0.423016
vt 0.921943 0.423096
vt 0.939281 0.434826
vt 0.936055 0.423172
vt 0.932611 0.414330
vt 0.929047 0.414258
vt 0.939575 0.423316
vt 0.936197 0.414468
vt 0.932685 0.407294
vt 0.929086 0.407213
vt 0.921896 0.414390
vt 0.939975 0.407596
vt 0.936311 0.407448
vt 0.925483 0.414291
vt 0.921858 0.407370
vt 0.925486 0.407255
vt 0.918295 0.414497
vt 0.918192 0.407478
vt 0.921821 0.400630
vt 0.918094 0.400739
vt 0.936421 0.400709
vt 0.925489 0.400500
vt 0.940147 0.400858
vt 0.983694 0.271144
vt 0.979481 0.204961
vt 0.974121 0.205159
vt 0.969356 0.271273
vt 0.988571 0.271105
vt 0.984880 0.204594
vt 0.968765 0.204961
vt 0.959673 0.271105
vt 0.964551 0.271144
vt 0.957902 0.204409
vt 0.963368 0.204594
vt 0.962530 0.157766
vt 0.956644 0.157463
vt 0.968050 0.124848
vt 0.961928 0.124143
vt 0.985723 0.157767
vt 0.979899 0.158321
vt 0.955737 0.123741
vt 0.974119 0.158618
vt 0.968348 0.158322
vt 0.980197 0.124845
vt 0.990336 0.204412
vt 0.974115 0.125221
vt 0.991578 0.157471
vt 0.986331 0.124144
vt 0.980728 0.065583
vt 0.974116 0.041849
vt 0.974111 0.066087
vt 0.994042 0.064107
vt 0.987832 0.040324
vt 0.987403 0.064643
vt 0.980951 0.041320
vt 0.967521 0.065588
vt 0.967297 0.041323
vt 0.994704 0.039763
vt 0.954139 0.064085
vt 0.960426 0.040323
vt 0.953501 0.039749
vt 0.960863 0.064640
vt 0.980473 0.093975
vt 0.974112 0.094424
vt 0.992465 0.123756
vt 0.986892 0.093140
vt 0.967776 0.093980
vt 0.993283 0.092667
vt 0.954901 0.092646
vt 0.961374 0.093138
vt 0.874965 0.310905
vt 0.868996 0.245645
vt 0.870258 0.310525
vt 0.880194 0.472427
vt 0.876145 0.421653
vt 0.879783 0.311320
vt 0.885129 0.246494
vt 0.879617 0.246693
vt 0.874280 0.246389
vt 0.867832 0.185864
vt 0.884674 0.311429
vt 0.890558 0.246178
vt 0.885515 0.186779
vt 0.879465 0.187140
vt 0.889538 0.311173
vt 0.895763 0.245894
vt 0.891448 0.186407
vt 0.897081 0.186135
vt 0.883746 0.472566
vt 0.873646 0.186859
vt 0.886745 0.514027
vt 0.890812 0.472290
vt 0.887300 0.472465
vt 0.884019 0.422159
vt 0.880065 0.421968
vt 0.873409 0.472232
vt 0.874199 0.513960
vt 0.891898 0.421738
vt 0.887975 0.422011
vt 0.899027 0.310733
vt 0.894313 0.310797
vt 0.872423 0.421587
vt 0.883521 0.514107
vt 0.901064 0.245967
vt 0.892844 0.514061
vt 0.889918 0.513909
vt 0.894087 0.472344
vt 0.892776 0.628673
vt 0.902918 0.186261
vt 0.897980 0.142669
vt 0.873178 0.143120
vt 0.891927 0.143176
vt 0.879355 0.143656
vt 0.885680 0.143594
vt 0.866977 0.142232
vt 0.895621 0.421713
vt 0.893040 0.368840
vt 0.888692 0.369204
vt 0.884312 0.369404
vt 0.897233 0.368752
vt 0.871390 0.368606
vt 0.875581 0.368772
vt 0.879931 0.369181
vt 0.880362 0.540736
vt 0.889348 0.540638
vt 0.886392 0.540769
vt 0.883376 0.540871
vt 0.874666 0.540825
vt 0.877407 0.540574
vt 0.892086 0.540919
vt 0.939797 0.414614
vt 0.939975 0.407596
vt 0.238466 0.164496
vt 0.226887 0.193309
vt 0.231230 0.161819
vt 0.249187 0.193490
vt 0.245715 0.161220
vt 0.238135 0.194898
vt 0.223812 0.226411
vt 0.250607 0.227185
vt 0.264371 0.190561
vt 0.250975 0.149500
vt 0.267562 0.226141
vt 0.266838 0.263067
vt 0.250607 0.227185
vt 0.267562 0.226141
vt 0.249716 0.263857
vt 0.237339 0.227665
vt 0.263814 0.299361
vt 0.247196 0.300549
vt 0.235703 0.264017
vt 0.221496 0.262674
vt 0.223812 0.226411
vt 0.219189 0.298995
vt 0.203125 0.296641
vt 0.204303 0.260927
vt 0.206194 0.224890
vt 0.210431 0.190830
vt 0.182097 0.224470
vt 0.204303 0.260927
vt 0.182372 0.259796
vt 0.183416 0.190781
vt 0.206195 0.224890
vt 0.182097 0.224470
vt 0.224813 0.152428
vt 0.185005 0.160566
vt 0.210431 0.190830
vt 0.152953 0.189926
vt 0.151384 0.160051
vt 0.154783 0.223477
vt 0.128027 0.220132
vt 0.152953 0.189926
vt 0.124222 0.186692
vt 0.151384 0.160051
vt 0.102000 0.215284
vt 0.096903 0.182052
vt 0.121187 0.156838
vt 0.132370 0.254278
vt 0.157611 0.258019
vt 0.107124 0.249299
vt 0.113921 0.282323
vt 0.138124 0.287330
vt 0.161643 0.291516
vt 0.145845 0.317791
vt 0.166667 0.322319
vt 0.123864 0.312800
vt 0.135040 0.338994
vt 0.153727 0.344306
vt 0.171343 0.349699
vt 0.171343 0.349699
vt 0.159961 0.366211
vt 0.153727 0.344306
vt 0.145276 0.359925
vt 0.174485 0.373568
vt 0.165078 0.385481
vt 0.154749 0.377823
vt 0.188517 0.382382
vt 0.176641 0.395476
vt 0.201151 0.389793
vt 0.189734 0.409156
vt 0.187068 0.355084
vt 0.201068 0.359684
vt 0.213820 0.362765
vt 0.201151 0.389793
vt 0.211986 0.392247
vt 0.200905 0.423926
vt 0.226028 0.364437
vt 0.218492 0.417342
vt 0.221809 0.393014
vt 0.229945 0.333888
vt 0.213820 0.362765
vt 0.216445 0.332071
vt 0.201068 0.359684
vt 0.201888 0.329251
vt 0.233211 0.300591
vt 0.203125 0.296641
vt 0.185383 0.326059
vt 0.183697 0.294372
vt 0.201888 0.329251
vt 0.187068 0.355084
vt 0.161643 0.291516
vt 0.171343 0.349699
vt 0.157611 0.258019
vt 0.154783 0.223477
vt 0.243626 0.334029
vt 0.238662 0.364809
vt 0.259489 0.332475
vt 0.253501 0.363139
vt 0.245617 0.392999
vt 0.238662 0.364809
vt 0.232231 0.393775
vt 0.237576 0.426533
vt 0.226235 0.418739
vt 0.228464 0.437410
vt 0.222465 0.435996
vt 0.224520 0.448505
vt 0.220576 0.449510
vt 0.217067 0.435499
vt 0.211269 0.417976
vt 0.213313 0.449677
vt 0.212094 0.435849
vt 0.209993 0.448840
vt 0.207026 0.437006
vt 0.245617 0.392999
vt 0.255300 0.415980
vt 0.263975 0.387528
vt 0.278192 0.405386
vt 0.272169 0.359041
vt 0.286503 0.380311
vt 0.301945 0.394397
vt 0.294840 0.354417
vt 0.311540 0.373678
vt 0.321040 0.351163
vt 0.337780 0.367572
vt 0.325698 0.383148
vt 0.330231 0.325330
vt 0.349148 0.348881
vt 0.321040 0.351163
vt 0.338428 0.295753
vt 0.359175 0.324674
vt 0.303083 0.326833
vt 0.294840 0.354417
vt 0.310531 0.296479
vt 0.344682 0.262446
vt 0.367579 0.295404
vt 0.316197 0.262624
vt 0.318555 0.226124
vt 0.347457 0.226083
vt 0.373918 0.262176
vt 0.375277 0.187830
vt 0.376752 0.225833
vt 0.345957 0.188191
vt 0.372226 0.152330
vt 0.316817 0.188739
vt 0.342951 0.153051
vt 0.341291 0.124544
vt 0.312193 0.125922
vt 0.313719 0.154247
vt 0.312440 0.103015
vt 0.340602 0.102185
vt 0.370327 0.123263
vt 0.340386 0.084068
vt 0.368771 0.100924
vt 0.364118 0.068883
vt 0.366389 0.084061
vt 0.314674 0.083592
vt 0.321897 0.064997
vt 0.342881 0.066977
vt 0.363049 0.051925
vt 0.364118 0.068883
vt 0.336467 0.045032
vt 0.321897 0.064997
vt 0.355380 0.024064
vt 0.350052 0.048165
vt 0.362768 0.033595
vt 0.347507 0.022493
vt 0.321901 0.042945
vt 0.337705 0.022396
vt 0.306748 0.041485
vt 0.301334 0.062891
vt 0.281024 0.060711
vt 0.301334 0.062891
vt 0.289447 0.082311
vt 0.264511 0.080547
vt 0.284292 0.103129
vt 0.256152 0.102813
vt 0.284292 0.103129
vt 0.312193 0.125922
vt 0.282901 0.127269
vt 0.253176 0.127947
vt 0.284312 0.155481
vt 0.313719 0.154247
vt 0.313719 0.154247
vt 0.288492 0.189489
vt 0.284312 0.155481
vt 0.316817 0.188739
vt 0.290946 0.225920
vt 0.267562 0.226141
vt 0.316198 0.262624
vt 0.289508 0.262708
vt 0.267562 0.226141
vt 0.266838 0.263067
vt 0.285179 0.297809
vt 0.303083 0.326833
vt 0.279295 0.329618
vt 0.259489 0.332475
vt 0.272169 0.359041
vt 0.149425 0.135772
vt 0.092899 0.152431
vt 0.119313 0.132829
vt 0.091311 0.128767
vt 0.118517 0.113369
vt 0.147301 0.115319
vt 0.149425 0.135772
vt 0.179507 0.115588
vt 0.183152 0.136667
vt 0.213767 0.114848
vt 0.219385 0.135704
vt 0.179507 0.115588
vt 0.206268 0.093562
vt 0.213767 0.114848
vt 0.174744 0.095302
vt 0.194512 0.073715
vt 0.145049 0.096372
vt 0.167000 0.076027
vt 0.176853 0.056265
vt 0.141074 0.078097
vt 0.154613 0.058165
vt 0.133810 0.060191
vt 0.138706 0.041371
vt 0.155251 0.040350
vt 0.138706 0.041371
vt 0.132181 0.024853
vt 0.155251 0.040350
vt 0.120936 0.025155
vt 0.108570 0.009464
vt 0.123446 0.042959
vt 0.110714 0.026691
vt 0.102315 0.009205
vt 0.102198 0.030285
vt 0.096747 0.010991
vt 0.088587 0.023422
vt 0.094706 0.035114
vt 0.110330 0.045492
vt 0.098499 0.048592
vt 0.115400 0.062424
vt 0.123446 0.042959
vt 0.098499 0.048592
vt 0.098427 0.064782
vt 0.117791 0.079764
vt 0.096093 0.081189
vt 0.118403 0.096324
vt 0.093584 0.095606
vt 0.091786 0.110409
vt 0.639084 0.173997
vt 0.622059 0.142995
vt 0.635232 0.138058
vt 0.619956 0.177821
vt 0.609148 0.141641
vt 0.664519 0.169707
vt 0.648091 0.123705
vt 0.641114 0.211681
vt 0.619956 0.177821
vt 0.667892 0.250367
vt 0.641817 0.253792
vt 0.618613 0.215511
vt 0.618583 0.257970
vt 0.666807 0.295847
vt 0.641958 0.299125
vt 0.619589 0.303272
vt 0.618583 0.257970
vt 0.593732 0.217944
vt 0.618614 0.215511
vt 0.619589 0.303272
vt 0.593051 0.261502
vt 0.595584 0.307161
vt 0.564039 0.264087
vt 0.564312 0.219447
vt 0.593732 0.217944
vt 0.572623 0.178615
vt 0.599415 0.178841
vt 0.618614 0.215511
vt 0.598039 0.130694
vt 0.534248 0.181642
vt 0.564312 0.219447
vt 0.529918 0.221315
vt 0.539726 0.146221
vt 0.572623 0.178615
vt 0.493517 0.154088
vt 0.493063 0.187782
vt 0.492675 0.225928
vt 0.529918 0.221315
vt 0.564039 0.264087
vt 0.531539 0.266059
vt 0.492676 0.225928
vt 0.496263 0.269189
vt 0.503385 0.314094
vt 0.537466 0.312256
vt 0.568406 0.310217
vt 0.545033 0.356317
vt 0.574347 0.354852
vt 0.512387 0.357025
vt 0.521122 0.397923
vt 0.552386 0.400286
vt 0.580418 0.401139
vt 0.558240 0.446902
vt 0.585556 0.452761
vt 0.527906 0.437576
vt 0.552386 0.400285
vt 0.533419 0.476627
vt 0.562902 0.495761
vt 0.587674 0.513675
vt 0.507297 0.459115
vt 0.483940 0.442818
vt 0.498768 0.428296
vt 0.470791 0.419341
vt 0.489129 0.394934
vt 0.521122 0.397923
vt 0.489129 0.394934
vt 0.457009 0.391695
vt 0.477898 0.357250
vt 0.442551 0.357237
vt 0.467116 0.316546
vt 0.429737 0.319431
vt 0.459115 0.274976
vt 0.421027 0.282406
vt 0.454899 0.235045
vt 0.454255 0.198588
vt 0.417154 0.212284
vt 0.417082 0.246861
vt 0.416636 0.176757
vt 0.453445 0.164404
vt 0.493063 0.187782
vt 0.448853 0.131451
vt 0.493517 0.154088
vt 0.411634 0.139755
vt 0.440881 0.102343
vt 0.480264 0.095814
vt 0.489743 0.123465
vt 0.489743 0.123465
vt 0.539726 0.146221
vt 0.493517 0.154088
vt 0.525397 0.087382
vt 0.480264 0.095814
vt 0.573981 0.077808
vt 0.536968 0.115766
vt 0.588719 0.107420
vt 0.548026 0.049319
vt 0.525397 0.087382
vt 0.504836 0.060897
vt 0.517856 0.026580
vt 0.480437 0.037913
vt 0.465017 0.071231
vt 0.446799 0.049311
vt 0.465017 0.071231
vt 0.430818 0.079489
vt 0.446799 0.049311
vt 0.399990 0.086503
vt 0.419462 0.060814
vt 0.404949 0.107730
vt 0.419462 0.060814
vt 0.428489 0.029433
vt 0.391190 0.060224
vt 0.395906 0.072382
vt 0.385955 0.048586
vt 0.407432 0.043571
vt 0.395094 0.026818
vt 0.457573 0.019487
vt 0.428489 0.029433
vt 0.436159 0.003710
vt 0.410448 0.010622
vt 0.468086 0.002368
vt 0.491474 0.012056
vt 0.480437 0.037913
vt 0.609631 0.497013
vt 0.612265 0.526367
vt 0.600446 0.527732
vt 0.623944 0.525677
vt 0.606806 0.450951
vt 0.625189 0.492562
vt 0.605742 0.539352
vt 0.613803 0.546945
vt 0.621629 0.551501
vt 0.629067 0.550995
vt 0.636672 0.524829
vt 0.636271 0.547452
vt 0.650819 0.524616
vt 0.625190 0.492562
vt 0.642441 0.491950
vt 0.668552 0.503075
vt 0.691334 0.483577
vt 0.665274 0.443300
vt 0.689946 0.435423
vt 0.642441 0.491950
vt 0.643421 0.445684
vt 0.715761 0.464664
vt 0.715923 0.424838
vt 0.664594 0.391850
vt 0.690323 0.388023
vt 0.718345 0.383592
vt 0.738154 0.444785
vt 0.741210 0.413277
vt 0.746783 0.378907
vt 0.759008 0.424196
vt 0.765866 0.401270
vt 0.775245 0.374119
vt 0.756228 0.339752
vt 0.775245 0.374119
vt 0.746783 0.378907
vt 0.766233 0.297645
vt 0.788296 0.339877
vt 0.731658 0.295152
vt 0.724368 0.340008
vt 0.773669 0.255222
vt 0.808713 0.261291
vt 0.800685 0.301121
vt 0.737721 0.250754
vt 0.780795 0.214589
vt 0.816700 0.221831
vt 0.790203 0.177376
vt 0.800435 0.143864
vt 0.829007 0.183821
vt 0.755920 0.139449
vt 0.748956 0.172358
vt 0.743099 0.209196
vt 0.764606 0.109531
vt 0.809705 0.114286
vt 0.842158 0.148872
vt 0.776136 0.083721
vt 0.818983 0.090024
vt 0.851931 0.118809
vt 0.829756 0.072187
vt 0.858971 0.095799
vt 0.842823 0.059636
vt 0.865155 0.080986
vt 0.810307 0.048834
vt 0.791456 0.063389
vt 0.831959 0.039705
vt 0.858393 0.050769
vt 0.872406 0.071083
vt 0.855019 0.034095
vt 0.874998 0.044375
vt 0.881970 0.062540
vt 0.891134 0.039416
vt 0.892323 0.055165
vt 0.874998 0.044375
vt 0.910436 0.044439
vt 0.901736 0.049347
vt 0.901306 0.026500
vt 0.878200 0.029991
vt 0.855019 0.034095
vt 0.892526 0.018969
vt 0.861380 0.021411
vt 0.881802 0.012101
vt 0.842227 0.013337
vt 0.830617 0.024663
vt 0.803560 0.015740
vt 0.830617 0.024663
vt 0.800762 0.029821
vt 0.803560 0.015740
vt 0.766709 0.020644
vt 0.772904 0.039110
vt 0.732569 0.030031
vt 0.748324 0.054593
vt 0.702292 0.045799
vt 0.728523 0.076541
vt 0.678052 0.068835
vt 0.678052 0.068835
vt 0.714577 0.104192
vt 0.661117 0.097831
vt 0.728523 0.076541
vt 0.764605 0.109531
vt 0.706410 0.135278
vt 0.755920 0.139449
vt 0.748956 0.172358
vt 0.704526 0.169740
vt 0.664519 0.169707
vt 0.703387 0.207110
vt 0.667698 0.208210
vt 0.701016 0.249154
vt 0.703387 0.207110
vt 0.667698 0.208210
vt 0.697483 0.294475
vt 0.724368 0.340007
vt 0.693333 0.340996
vt 0.665376 0.342960
vt 0.664595 0.391850
vt 0.642138 0.345951
vt 0.665376 0.342960
vt 0.641958 0.299125
vt 0.642656 0.394841
vt 0.621177 0.349352
vt 0.595584 0.307161
vt 0.623008 0.397424
vt 0.599295 0.352454
vt 0.603255 0.399865
vt 0.603255 0.399865
vt 0.624650 0.447631
vt 0.580418 0.401139
vt 0.623008 0.397424
vt 0.642656 0.394841
vt 0.241923 0.924527
vt 0.250908 0.964146
vt 0.241612 0.963241
vt 0.241612 0.963241
vt 0.227024 0.926878
vt 0.241923 0.924527
vt 0.256481 0.875395
vt 0.239217 0.872921
vt 0.219384 0.873291
vt 0.272966 0.944353
vt 0.255277 0.927671
vt 0.274361 0.877138
vt 0.251314 0.988605
vt 0.245435 0.992468
vt 0.239451 0.993919
vt 0.233293 0.991350
vt 0.231644 0.963546
vt 0.227030 0.986369
vt 0.220573 0.965361
vt 0.204332 0.942831
vt 0.193236 0.871609
vt 0.172412 0.917766
vt 0.158649 0.858717
vt 0.134464 0.891180
vt 0.120448 0.837645
vt 0.183118 0.812110
vt 0.148415 0.802783
vt 0.110432 0.785933
vt 0.178529 0.759296
vt 0.148415 0.802783
vt 0.144594 0.751391
vt 0.110432 0.785933
vt 0.107172 0.737733
vt 0.178743 0.712331
vt 0.145607 0.705044
vt 0.108445 0.694217
vt 0.181928 0.670457
vt 0.149012 0.664005
vt 0.111228 0.655957
vt 0.186625 0.634151
vt 0.153514 0.628119
vt 0.114279 0.621663
vt 0.186625 0.634151
vt 0.158388 0.596258
vt 0.192888 0.602627
vt 0.114279 0.621663
vt 0.116848 0.589483
vt 0.162925 0.564338
vt 0.211712 0.565929
vt 0.118376 0.557178
vt 0.118376 0.557178
vt 0.163209 0.530060
vt 0.162925 0.564338
vt 0.208606 0.536321
vt 0.118154 0.523206
vt 0.157864 0.494541
vt 0.201025 0.499872
vt 0.183150 0.464974
vt 0.201025 0.499872
vt 0.144807 0.461135
vt 0.154970 0.434392
vt 0.114687 0.489195
vt 0.106488 0.457342
vt 0.123825 0.431477
vt 0.092896 0.428940
vt 0.095882 0.406052
vt 0.123825 0.431477
vt 0.118423 0.408781
vt 0.154970 0.434392
vt 0.074018 0.404506
vt 0.064180 0.383033
vt 0.077443 0.386005
vt 0.053280 0.404931
vt 0.052215 0.382331
vt 0.033908 0.390772
vt 0.042412 0.385416
vt 0.031976 0.425508
vt 0.062328 0.427035
vt 0.029961 0.449951
vt 0.062328 0.427035
vt 0.068212 0.453624
vt 0.028267 0.478435
vt 0.071485 0.483823
vt 0.092896 0.428940
vt 0.028100 0.509150
vt 0.073142 0.516185
vt 0.029795 0.542481
vt 0.074061 0.549733
vt 0.074061 0.549733
vt 0.032920 0.578289
vt 0.029795 0.542481
vt 0.074755 0.583549
vt 0.034834 0.612162
vt 0.116848 0.589483
vt 0.074424 0.616469
vt 0.072377 0.648048
vt 0.033354 0.640410
vt 0.069700 0.680978
vt 0.030345 0.666526
vt 0.029090 0.695761
vt 0.068391 0.718340
vt 0.034510 0.733225
vt 0.072329 0.761641
vt 0.084339 0.811226
vt 0.072329 0.761641
vt 0.050047 0.782037
vt 0.034510 0.733225
vt 0.101148 0.864340
vt 0.071588 0.837499
vt 0.216373 0.581486
vt 0.223683 0.586138
vt 0.212069 0.608357
vt 0.224319 0.610904
vt 0.209123 0.637983
vt 0.225170 0.639520
vt 0.206873 0.673795
vt 0.209123 0.637983
vt 0.226458 0.674967
vt 0.205887 0.715578
vt 0.228437 0.716737
vt 0.207174 0.762496
vt 0.231311 0.763772
vt 0.211662 0.815290
vt 0.183118 0.812110
vt 0.235052 0.816296
vt 0.255397 0.818495
vt 0.235052 0.816297
vt 0.252656 0.765558
vt 0.274081 0.767174
vt 0.255397 0.818496
vt 0.275352 0.820221
vt 0.270960 0.718063
vt 0.248912 0.717748
vt 0.228437 0.716737
vt 0.297818 0.716745
vt 0.297309 0.818942
vt 0.275352 0.820221
vt 0.326501 0.764634
vt 0.298332 0.767235
vt 0.322074 0.813692
vt 0.294793 0.870243
vt 0.317729 0.857773
vt 0.313546 0.898732
vt 0.291522 0.921810
vt 0.335986 0.875008
vt 0.342261 0.842094
vt 0.358318 0.850912
vt 0.349718 0.804369
vt 0.367565 0.824781
vt 0.322074 0.813692
vt 0.358773 0.758812
vt 0.378970 0.792773
vt 0.349718 0.804369
vt 0.366761 0.709567
vt 0.393343 0.751140
vt 0.329955 0.713805
vt 0.331475 0.665452
vt 0.371150 0.662057
vt 0.406094 0.704643
vt 0.373003 0.619647
vt 0.412916 0.659389
vt 0.331467 0.622901
vt 0.295987 0.669831
vt 0.293357 0.629113
vt 0.262366 0.635450
vt 0.266797 0.673570
vt 0.244856 0.675101
vt 0.240987 0.638894
vt 0.237389 0.609577
vt 0.225170 0.639520
vt 0.224319 0.610903
vt 0.262366 0.635450
vt 0.240987 0.638894
vt 0.233154 0.583462
vt 0.257381 0.603802
vt 0.289395 0.563414
vt 0.242916 0.568390
vt 0.293357 0.629113
vt 0.330944 0.587683
vt 0.290556 0.595528
vt 0.331467 0.622901
vt 0.331997 0.555044
vt 0.374158 0.583757
vt 0.375954 0.550070
vt 0.418589 0.582452
vt 0.416033 0.618352
vt 0.379486 0.514515
vt 0.420879 0.547528
vt 0.375954 0.550070
vt 0.385375 0.479747
vt 0.422836 0.510070
vt 0.344445 0.485869
vt 0.336508 0.520368
vt 0.394234 0.449211
vt 0.425796 0.474253
vt 0.356103 0.454576
vt 0.375000 0.425937
vt 0.407114 0.422768
vt 0.430879 0.444856
vt 0.424550 0.399305
vt 0.436926 0.421382
vt 0.447822 0.384618
vt 0.442564 0.401974
vt 0.438338 0.371955
vt 0.403778 0.398645
vt 0.375000 0.425937
vt 0.427109 0.369582
vt 0.378409 0.401332
vt 0.412887 0.369037
vt 0.350282 0.406027
vt 0.339050 0.432077
vt 0.300799 0.440000
vt 0.339050 0.432077
vt 0.315493 0.461627
vt 0.300799 0.440000
vt 0.273396 0.469689
vt 0.302667 0.493036
vt 0.260379 0.500829
vt 0.302667 0.493036
vt 0.336508 0.520368
vt 0.294040 0.528418
vt 0.260379 0.500829
vt 0.251496 0.537280
vt 0.289395 0.563414
vt 0.331997 0.555044
vt 0.226887 0.193309
vt 0.231230 0.161819
vt 0.249187 0.193490
vt 0.245715 0.161220
vt 0.238135 0.194898
vt 0.223812 0.226411
vt 0.250607 0.227185
vt 0.266838 0.263067
vt 0.263814 0.299361
vt 0.247196 0.300549
vt 0.206195 0.224890
vt 0.210431 0.190830
vt 0.182097 0.224470
vt 0.183416 0.190781
vt 0.224813 0.152428
vt 0.185005 0.160566
vt 0.152953 0.189926
vt 0.128027 0.220132
vt 0.124222 0.186692
vt 0.102000 0.215284
vt 0.096903 0.182052
vt 0.121187 0.156838
vt 0.107124 0.249299
vt 0.166667 0.322319
vt 0.123864 0.312800
vt 0.153727 0.344306
vt 0.171343 0.349699
vt 0.188517 0.382382
vt 0.201151 0.389793
vt 0.189734 0.409156
vt 0.213820 0.362765
vt 0.211269 0.417976
vt 0.211986 0.392247
vt 0.226028 0.364437
vt 0.221809 0.393014
vt 0.216445 0.332071
vt 0.201888 0.329251
vt 0.233211 0.300591
vt 0.185383 0.326059
vt 0.243626 0.334029
vt 0.237576 0.426533
vt 0.232231 0.393775
vt 0.222465 0.435996
vt 0.224520 0.448505
vt 0.213313 0.449677
vt 0.212094 0.435849
vt 0.207026 0.437006
vt 0.263975 0.387527
vt 0.278192 0.405386
vt 0.272169 0.359041
vt 0.286503 0.380311
vt 0.321040 0.351163
vt 0.325698 0.383148
vt 0.338428 0.295753
vt 0.344683 0.262446
vt 0.316197 0.262624
vt 0.318555 0.226124
vt 0.376752 0.225833
vt 0.372226 0.152330
vt 0.375277 0.187830
vt 0.316817 0.188739
vt 0.342951 0.153051
vt 0.341291 0.124544
vt 0.312193 0.125922
vt 0.340602 0.102185
vt 0.370327 0.123263
vt 0.340386 0.084068
vt 0.368771 0.100924
vt 0.342881 0.066977
vt 0.366389 0.084061
vt 0.314674 0.083592
vt 0.364118 0.068883
vt 0.336467 0.045032
vt 0.347507 0.022493
vt 0.321901 0.042945
vt 0.306748 0.041485
vt 0.281024 0.060711
vt 0.264511 0.080547
vt 0.284292 0.103129
vt 0.282901 0.127269
vt 0.284312 0.155481
vt 0.290946 0.225920
vt 0.289508 0.262708
vt 0.285179 0.297809
vt 0.149425 0.135772
vt 0.119313 0.132829
vt 0.179507 0.115588
vt 0.183152 0.136667
vt 0.206268 0.093562
vt 0.174744 0.095302
vt 0.145049 0.096372
vt 0.176853 0.056265
vt 0.141074 0.078097
vt 0.154613 0.058165
vt 0.138706 0.041371
vt 0.155251 0.040350
vt 0.120936 0.025155
vt 0.123446 0.042959
vt 0.110714 0.026691
vt 0.102198 0.030285
vt 0.096747 0.010991
vt 0.088587 0.023422
vt 0.110330 0.045492
vt 0.098499 0.048592
vt 0.115400 0.062424
vt 0.118403 0.096324
vt 0.118517 0.113369
vt 0.531340 0.641207
vt 0.562642 0.615917
vt 0.568896 0.620554
vt 0.577013 0.619432
vt 0.601206 0.636656
vt 0.601206 0.636656
vt 0.565008 0.664402
vt 0.531340 0.641207
vt 0.608027 0.622559
vt 0.632648 0.640208
vt 0.628805 0.665252
vt 0.632648 0.640208
vt 0.626304 0.697245
vt 0.597427 0.664208
vt 0.595707 0.698548
vt 0.594826 0.735072
vt 0.564199 0.700911
vt 0.595707 0.698548
vt 0.623750 0.732720
vt 0.626304 0.697245
vt 0.620250 0.771580
vt 0.594124 0.774231
vt 0.565197 0.738035
vt 0.531172 0.705038
vt 0.567529 0.777340
vt 0.534395 0.742013
vt 0.512310 0.785546
vt 0.502889 0.746602
vt 0.497233 0.710225
vt 0.531172 0.705038
vt 0.495813 0.677478
vt 0.530736 0.670273
vt 0.496821 0.650273
vt 0.460829 0.684657
vt 0.495813 0.677478
vt 0.462573 0.658250
vt 0.496821 0.650273
vt 0.463142 0.715587
vt 0.425845 0.691836
vt 0.428325 0.666227
vt 0.433971 0.641358
vt 0.466027 0.635428
vt 0.496821 0.650273
vt 0.439851 0.618046
vt 0.469050 0.614584
vt 0.498083 0.629497
vt 0.498250 0.611122
vt 0.530213 0.623280
vt 0.498083 0.629498
vt 0.556649 0.604198
vt 0.527449 0.607660
vt 0.548916 0.584697
vt 0.556649 0.604198
vt 0.498250 0.611122
vt 0.522582 0.587753
vt 0.496274 0.590841
vt 0.514228 0.564732
vt 0.537174 0.561548
vt 0.514228 0.564732
vt 0.520004 0.539063
vt 0.537174 0.561548
vt 0.501528 0.540967
vt 0.499662 0.517427
vt 0.491489 0.568164
vt 0.483700 0.543641
vt 0.486318 0.517051
vt 0.464201 0.521723
vt 0.466954 0.547600
vt 0.455426 0.526773
vt 0.450858 0.552330
vt 0.469096 0.572007
vt 0.446912 0.576096
vt 0.470009 0.593979
vt 0.491489 0.568164
vt 0.446912 0.576096
vt 0.443771 0.597149
vt 0.439643 0.755983
vt 0.429051 0.720950
vt 0.471266 0.751292
vt 0.456465 0.794364
vt 0.484387 0.789955
vt 0.477726 0.832602
vt 0.501106 0.829146
vt 0.524486 0.825690
vt 0.520247 0.866058
vt 0.501946 0.868504
vt 0.527244 0.900557
vt 0.540352 0.898551
vt 0.549815 0.928673
vt 0.538547 0.863611
vt 0.553458 0.896526
vt 0.558610 0.927542
vt 0.558610 0.927542
vt 0.566676 0.953381
vt 0.549815 0.928673
vt 0.567380 0.926260
vt 0.572811 0.954582
vt 0.578869 0.955313
vt 0.584513 0.980711
vt 0.580032 0.976255
vt 0.584796 0.955267
vt 0.588844 0.984266
vt 0.578869 0.955313
vt 0.590646 0.954776
vt 0.592891 0.986235
vt 0.584923 0.923448
vt 0.576122 0.924778
vt 0.567380 0.926260
vt 0.566554 0.894502
vt 0.579618 0.892655
vt 0.574873 0.858791
vt 0.556814 0.861173
vt 0.547811 0.822269
vt 0.570808 0.819058
vt 0.540154 0.781214
vt 0.593257 0.816198
vt 0.592586 0.856501
vt 0.615377 0.813547
vt 0.610092 0.854265
vt 0.592633 0.891130
vt 0.605617 0.889782
vt 0.602841 0.921847
vt 0.593853 0.922572
vt 0.602226 0.953126
vt 0.602862 0.984266
vt 0.596474 0.954173
vt 0.596587 0.986803
vt 0.605541 0.980711
vt 0.602226 0.953126
vt 0.607847 0.951301
vt 0.608069 0.976255
vt 0.613391 0.949007
vt 0.611802 0.920922
vt 0.620737 0.919847
vt 0.602841 0.921847
vt 0.618591 0.888436
vt 0.620737 0.919847
vt 0.631562 0.887071
vt 0.627564 0.852039
vt 0.645035 0.849813
vt 0.637442 0.810932
vt 0.659508 0.808317
vt 0.646297 0.769006
vt 0.672345 0.766431
vt 0.652558 0.730469
vt 0.681366 0.728219
vt 0.656749 0.696118
vt 0.687194 0.694991
vt 0.628805 0.665252
vt 0.660024 0.666246
vt 0.691243 0.667240
vt 0.663970 0.642574
vt 0.695293 0.644941
vt 0.632648 0.640208
vt 0.638948 0.624443
vt 0.663970 0.642574
vt 0.632648 0.640208
vt 0.669847 0.626017
vt 0.647201 0.612399
vt 0.677169 0.612849
vt 0.700745 0.627590
vt 0.707137 0.613298
vt 0.685155 0.599043
vt 0.713418 0.600051
vt 0.693573 0.584012
vt 0.718065 0.586725
vt 0.677169 0.612849
vt 0.656868 0.598075
vt 0.668900 0.581610
vt 0.693573 0.584012
vt 0.684091 0.564438
vt 0.702318 0.568059
vt 0.718065 0.586725
vt 0.719978 0.572654
vt 0.701125 0.547032
vt 0.711233 0.551629
vt 0.720252 0.558094
vt 0.689199 0.545550
vt 0.664917 0.562438
vt 0.676182 0.545937
vt 0.668900 0.581610
vt 0.643924 0.579727
vt 0.645175 0.561413
vt 0.628544 0.597171
vt 0.618766 0.578156
vt 0.643924 0.579727
vt 0.617233 0.611949
vt 0.600197 0.596307
vt 0.587265 0.611500
vt 0.617233 0.611949
vt 0.638948 0.624443
vt 0.802657 0.747004
vt 0.826545 0.721897
vt 0.831960 0.725547
vt 0.838462 0.722092
vt 0.861033 0.738678
vt 0.861033 0.738678
vt 0.832406 0.762838
vt 0.802657 0.747004
vt 0.865889 0.724135
vt 0.888640 0.740061
vt 0.887485 0.760423
vt 0.888640 0.740061
vt 0.887844 0.785875
vt 0.860067 0.761024
vt 0.861031 0.788453
vt 0.862295 0.818971
vt 0.833947 0.792777
vt 0.861031 0.788453
vt 0.887673 0.815291
vt 0.887844 0.785875
vt 0.886000 0.844362
vt 0.863032 0.848348
vt 0.836552 0.824112
vt 0.806601 0.801031
vt 0.839708 0.853502
vt 0.811233 0.831934
vt 0.817515 0.860422
vt 0.786124 0.841841
vt 0.779085 0.811984
vt 0.775623 0.783182
vt 0.804235 0.771821
vt 0.833947 0.792777
vt 0.774191 0.758125
vt 0.746495 0.794472
vt 0.775623 0.783182
vt 0.744864 0.767547
vt 0.774191 0.758125
vt 0.751494 0.823850
vt 0.717063 0.805603
vt 0.714940 0.776471
vt 0.716576 0.751710
vt 0.744864 0.767547
vt 0.714940 0.776471
vt 0.745017 0.745271
vt 0.719285 0.732313
vt 0.745356 0.727641
vt 0.772911 0.738476
vt 0.771167 0.722932
vt 0.799930 0.730847
vt 0.772911 0.738476
vt 0.774191 0.758125
vt 0.821656 0.713355
vt 0.796542 0.718162
vt 0.817151 0.701595
vt 0.821656 0.713355
vt 0.771166 0.722932
vt 0.792922 0.705556
vt 0.768748 0.709620
vt 0.788787 0.692779
vt 0.812040 0.688315
vt 0.804906 0.674731
vt 0.783424 0.679722
vt 0.793442 0.660119
vt 0.765797 0.697353
vt 0.762247 0.684844
vt 0.774963 0.664790
vt 0.774963 0.664790
vt 0.776116 0.643661
vt 0.756835 0.669714
vt 0.762044 0.646659
vt 0.748544 0.650192
vt 0.746496 0.626605
vt 0.755362 0.626085
vt 0.732105 0.630978
vt 0.735998 0.654617
vt 0.726580 0.634831
vt 0.724025 0.659577
vt 0.739290 0.675062
vt 0.722097 0.680664
vt 0.741578 0.690183
vt 0.721213 0.695652
vt 0.743245 0.702112
vt 0.720957 0.706982
vt 0.744664 0.713853
vt 0.720634 0.718188
vt 0.760857 0.852873
vt 0.723872 0.836024
vt 0.750357 0.888671
vt 0.735461 0.864424
vt 0.773262 0.878499
vt 0.766960 0.907754
vt 0.795704 0.868900
vt 0.787068 0.898693
vt 0.806376 0.890292
vt 0.801683 0.915703
vt 0.784723 0.923966
vt 0.803149 0.939840
vt 0.816681 0.932409
vt 0.820896 0.955553
vt 0.817636 0.908235
vt 0.829202 0.925899
vt 0.831257 0.949962
vt 0.831257 0.949962
vt 0.836852 0.970809
vt 0.820896 0.955553
vt 0.840738 0.945173
vt 0.844770 0.968826
vt 0.851985 0.967097
vt 0.857621 0.988471
vt 0.851691 0.985779
vt 0.858014 0.965799
vt 0.863043 0.990610
vt 0.851985 0.967097
vt 0.863240 0.964795
vt 0.867543 0.991759
vt 0.856275 0.939593
vt 0.848800 0.941786
vt 0.840738 0.945173
vt 0.840152 0.921018
vt 0.850796 0.917624
vt 0.832076 0.902199
vt 0.846521 0.897594
vt 0.824528 0.883109
vt 0.842959 0.877303
vt 0.862833 0.872838
vt 0.862308 0.894200
vt 0.882458 0.869296
vt 0.878048 0.891550
vt 0.874150 0.913631
vt 0.862365 0.915332
vt 0.872281 0.937016
vt 0.864101 0.938167
vt 0.868233 0.963831
vt 0.873438 0.962507
vt 0.876387 0.989259
vt 0.873776 0.991193
vt 0.879534 0.985969
vt 0.873438 0.962507
vt 0.879149 0.960522
vt 0.883052 0.981908
vt 0.885175 0.958137
vt 0.880612 0.935734
vt 0.889005 0.934333
vt 0.872281 0.937016
vt 0.880612 0.935734
vt 0.874150 0.913631
vt 0.885235 0.912063
vt 0.895831 0.910518
vt 0.878048 0.891550
vt 0.892190 0.889186
vt 0.905272 0.886930
vt 0.900046 0.866220
vt 0.916306 0.863350
vt 0.907108 0.840846
vt 0.927015 0.837515
vt 0.886000 0.844362
vt 0.907108 0.840846
vt 0.911939 0.811695
vt 0.927015 0.837515
vt 0.935502 0.807992
vt 0.914416 0.782621
vt 0.940858 0.778720
vt 0.887486 0.760423
vt 0.915162 0.757861
vt 0.943046 0.754010
vt 0.916470 0.737952
vt 0.944543 0.734293
vt 0.893167 0.724071
vt 0.916470 0.737952
vt 0.888640 0.740061
vt 0.920441 0.721913
vt 0.944543 0.734293
vt 0.901120 0.707544
vt 0.926737 0.706393
vt 0.947740 0.718650
vt 0.952179 0.704619
vt 0.934662 0.688385
vt 0.956961 0.689718
vt 0.944537 0.668638
vt 0.962283 0.672923
vt 0.926737 0.706393
vt 0.912222 0.686341
vt 0.926662 0.663597
vt 0.944538 0.668638
vt 0.944390 0.643153
vt 0.956630 0.648562
vt 0.968453 0.653899
vt 0.962283 0.672923
vt 0.963939 0.624414
vt 0.969985 0.628461
vt 0.975126 0.633599
vt 0.956388 0.622188
vt 0.931453 0.637623
vt 0.947933 0.621054
vt 0.908570 0.657296
vt 0.918098 0.632021
vt 0.889546 0.683112
vt 0.890347 0.650239
vt 0.908569 0.657296
vt 0.875210 0.707656
vt 0.866728 0.679172
vt 0.901120 0.707544
vt 0.849125 0.707144
vt 0.893167 0.724071
vt 0.238466 0.164496
vt 0.231230 0.161819
vt 0.245715 0.161220
vt 0.238135 0.194898
vt 0.223812 0.226411
vt 0.264371 0.190561
vt 0.267562 0.226141
vt 0.249716 0.263857
vt 0.237339 0.227665
vt 0.263814 0.299361
vt 0.235703 0.264017
vt 0.221496 0.262674
vt 0.203125 0.296641
vt 0.204303 0.260927
vt 0.210431 0.190830
vt 0.182097 0.224470
vt 0.183416 0.190781
vt 0.151384 0.160051
vt 0.096903 0.182052
vt 0.121187 0.156838
vt 0.113921 0.282323
vt 0.138124 0.287330
vt 0.135040 0.338994
vt 0.153727 0.344306
vt 0.171343 0.349699
vt 0.174485 0.373568
vt 0.165078 0.385481
vt 0.176641 0.395476
vt 0.187068 0.355084
vt 0.201068 0.359684
vt 0.213819 0.362765
vt 0.211985 0.392247
vt 0.221809 0.393014
vt 0.229945 0.333888
vt 0.216445 0.332071
vt 0.201888 0.329251
vt 0.253501 0.363139
vt 0.232231 0.393775
vt 0.226235 0.418739
vt 0.222465 0.435996
vt 0.213313 0.449677
vt 0.212094 0.435849
vt 0.200905 0.423926
vt 0.263975 0.387528
vt 0.278192 0.405386
vt 0.301945 0.394397
vt 0.311540 0.373678
vt 0.321040 0.351163
vt 0.338428 0.295753
vt 0.359175 0.324674
vt 0.303083 0.326833
vt 0.310531 0.296479
vt 0.344682 0.262446
vt 0.367579 0.295404
vt 0.316197 0.262624
vt 0.318555 0.226124
vt 0.347457 0.226083
vt 0.373918 0.262176
vt 0.376752 0.225833
vt 0.316817 0.188739
vt 0.341291 0.124544
vt 0.312193 0.125922
vt 0.340386 0.084068
vt 0.368771 0.100924
vt 0.342881 0.066977
vt 0.366389 0.084061
vt 0.336467 0.045032
vt 0.321901 0.042945
vt 0.306748 0.041485
vt 0.281024 0.060711
vt 0.264511 0.080547
vt 0.284292 0.103129
vt 0.256152 0.102813
vt 0.282901 0.127269
vt 0.253175 0.127947
vt 0.290946 0.225920
vt 0.289508 0.262708
vt 0.091311 0.128767
vt 0.118517 0.113369
vt 0.147301 0.115319
vt 0.213767 0.114848
vt 0.206268 0.093562
vt 0.167000 0.076027
vt 0.154613 0.058165
vt 0.133810 0.060191
vt 0.155251 0.040350
vt 0.132181 0.024853
vt 0.120936 0.025155
vt 0.123446 0.042959
vt 0.102315 0.009205
vt 0.096747 0.010991
vt 0.094706 0.035114
vt 0.110330 0.045492
vt 0.098499 0.048592
vt 0.115400 0.062424
vt 0.096093 0.081189
vt 0.091786 0.110409
vt 0.469096 0.572006
vt 0.599900 0.986235
vt 0.739290 0.675062
vt 0.667698 0.208210
vt 0.906843 0.035137
vt 0.580418 0.401139
vt 0.206195 0.224890
vt 0.226028 0.364437
vt 0.216803 0.450012
vt 0.625189 0.492562
vt 0.664595 0.391850
vt 0.871064 0.991936
vt 0.802657 0.747004
vt 0.826545 0.721897
vt 0.831960 0.725547
vt 0.838462 0.722092
vt 0.887485 0.760423
vt 0.887844 0.785875
vt 0.860067 0.761024
vt 0.861031 0.788453
vt 0.862295 0.818971
vt 0.887673 0.815291
vt 0.886000 0.844362
vt 0.836552 0.824112
vt 0.806601 0.801031
vt 0.839708 0.853502
vt 0.817515 0.860422
vt 0.786124 0.841841
vt 0.775623 0.783182
vt 0.774191 0.758125
vt 0.746495 0.794472
vt 0.744864 0.767547
vt 0.751494 0.823850
vt 0.716576 0.751710
vt 0.719285 0.732313
vt 0.745356 0.727641
vt 0.772911 0.738476
vt 0.799930 0.730847
vt 0.796542 0.718161
vt 0.792922 0.705556
vt 0.768748 0.709620
vt 0.788787 0.692779
vt 0.793442 0.660119
vt 0.765797 0.697353
vt 0.774963 0.664790
vt 0.756835 0.669714
vt 0.762044 0.646659
vt 0.739290 0.675062
vt 0.721214 0.695652
vt 0.743245 0.702112
vt 0.720957 0.706982
vt 0.744664 0.713853
vt 0.720634 0.718188
vt 0.723872 0.836024
vt 0.735461 0.864424
vt 0.795703 0.868900
vt 0.787068 0.898693
vt 0.773262 0.878499
vt 0.806376 0.890292
vt 0.817636 0.908235
vt 0.766960 0.907754
vt 0.816682 0.932409
vt 0.784723 0.923966
vt 0.831257 0.949962
vt 0.829201 0.925899
vt 0.851985 0.967097
vt 0.857621 0.988471
vt 0.844770 0.968826
vt 0.851691 0.985779
vt 0.858014 0.965799
vt 0.863240 0.964795
vt 0.867543 0.991759
vt 0.848800 0.941786
vt 0.840152 0.921018
vt 0.850796 0.917624
vt 0.832076 0.902199
vt 0.846521 0.897594
vt 0.824528 0.883109
vt 0.842959 0.877303
vt 0.862308 0.894200
vt 0.882457 0.869296
vt 0.878048 0.891550
vt 0.874150 0.913631
vt 0.872281 0.937016
vt 0.864101 0.938167
vt 0.876387 0.989259
vt 0.885175 0.958137
vt 0.880612 0.935733
vt 0.889005 0.934334
vt 0.885235 0.912063
vt 0.895831 0.910518
vt 0.892190 0.889186
vt 0.907108 0.840846
vt 0.927015 0.837515
vt 0.911939 0.811695
vt 0.914416 0.782621
vt 0.915162 0.757861
vt 0.943046 0.754010
vt 0.916470 0.737952
vt 0.893167 0.724071
vt 0.920441 0.721913
vt 0.926737 0.706393
vt 0.952179 0.704619
vt 0.934662 0.688385
vt 0.956961 0.689718
vt 0.944538 0.668638
vt 0.912222 0.686341
vt 0.968453 0.653899
vt 0.963939 0.624414
vt 0.931453 0.637623
vt 0.908569 0.657296
vt 0.890347 0.650239
vt 0.866728 0.679172
vt 0.153514 0.628119
vt 0.895406 0.377562
vt 0.995308 0.017947
vt 0.987408 0.210610
vt 0.947801 0.131961
vt 0.937892 0.604645
vt 0.823560 0.692821
vt 0.986311 0.326527
vt 0.986307 0.239289
vt 0.903840 0.150781
vt 0.940147 0.400858
vt 0.826333 0.555893
vt 0.826526 0.233045
vt 0.829336 0.433579
vt 0.823560 0.692821
vt 0.904198 0.142576
vt 0.237339 0.227665
vt 0.206195 0.224890
vt 0.201068 0.359684
vt 0.360039 0.028092
vt 0.312440 0.103015
vt 0.318555 0.226124
vt 0.318555 0.226124
vt 0.092324 0.016184
vt 0.573981 0.077808
vt 0.395906 0.072382
vt 0.517856 0.026580
vt 0.621629 0.551501
vt 0.892323 0.055165
vt 0.776136 0.083721
vt 0.260352 0.966561
vt 0.114687 0.489195
vt 0.033218 0.406540
vt 0.225170 0.639520
vt 0.378970 0.792773
vt 0.331997 0.555044
vt 0.444577 0.377373
vt 0.344445 0.485869
vt 0.092324 0.016184
vt 0.497233 0.710224
vt 0.474221 0.518154
vt 0.602862 0.984266
vt 0.618766 0.578156
vt 0.587265 0.611500
vt 0.779085 0.811984
vt 0.738541 0.628034
vt 0.872281 0.937016
vt 0.216803 0.450012
vt 0.092324 0.016184
vt 0.871064 0.991936
s 1
f 5/1/5 1277/2/1277 2/3/2
f 1275/4/1275 60/5/60 56/6/56
f 3/7/3 1275/8/1275 1325/9/1325
f 1324/10/1324 57/11/57 1277/2/1277
f 6/12/6 1325/9/1325 1273/13/1273
f 1325/9/1325 56/14/56 59/15/59
f 2/3/2 1326/16/1326 1/17/1
f 1273/13/1273 59/15/59 55/18/55
f 6/12/6 1324/10/1324 5/1/5
f 1277/2/1277 60/5/60 1326/16/1326
f 7/19/7 1279/20/1279 1330/21/1330
f 1273/13/1273 58/22/58 1324/10/1324
f 10/23/10 1331/24/1331 11/25/11
f 1330/21/1330 61/26/61 64/27/64
f 9/28/9 1281/29/1281 1332/30/1332
f 1280/31/1280 65/32/65 1331/24/1331
f 11/25/11 1279/20/1279 12/33/12
f 1332/30/1332 63/34/63 66/35/66
f 9/36/9 1280/31/1280 10/23/10
f 1331/24/1331 61/26/61 1279/20/1279
f 8/37/8 1330/21/1330 1281/29/1281
f 1332/38/1332 62/39/62 1280/31/1280
f 17/40/17 1316/41/1316 18/42/18
f 1281/29/1281 64/27/64 63/34/63
f 16/43/16 1284/44/1284 1317/45/1317
f 1282/46/1282 50/47/50 1316/41/1316
f 13/48/13 1315/49/1315 14/50/14
f 1317/45/1317 53/51/53 51/52/51
f 18/42/18 1286/53/1286 13/48/13
f 1286/53/1286 49/54/49 1315/49/1315
f 17/40/17 1317/45/1317 1282/46/1282
f 1316/41/1316 54/55/54 1286/53/1286
f 15/56/15 1315/49/1315 1284/57/1284
f 1282/46/1282 51/52/51 52/58/52
f 19/59/19 1288/60/1288 1301/61/1301
f 1284/57/1284 49/54/49 53/62/53
f 22/63/22 1303/64/1303 23/65/23
f 1288/60/1288 32/66/32 1301/61/1301
f 20/67/20 1305/68/1305 21/69/21
f 1290/70/1290 34/71/34 1303/64/1303
f 23/65/23 1288/60/1288 24/72/24
f 1305/68/1305 35/73/35 36/74/36
f 22/63/22 1305/75/1305 1290/70/1290
f 1303/64/1303 31/76/31 1288/60/1288
f 20/67/20 1301/61/1301 1292/77/1292
f 1290/70/1290 36/78/36 33/79/33
f 29/80/29 1295/81/1295 30/82/30
f 1292/77/1292 32/66/32 35/73/35
f 27/83/27 1297/84/1297 28/85/28
f 1294/86/1294 24/72/24 1295/81/1295
f 26/87/26 1298/88/1298 1299/89/1299
f 1297/84/1297 21/90/21 22/63/22
f 25/91/25 1295/81/1295 1298/88/1298
f 1299/89/1299 19/59/19 20/67/20
f 28/85/28 1294/86/1294 29/80/29
f 1298/88/1298 24/72/24 19/59/19
f 27/92/27 1299/89/1299 1296/93/1296
f 1297/84/1297 23/65/23 1294/86/1294
f 32/66/32 1304/94/1304 35/73/35
f 1296/93/1296 20/67/20 21/69/21
f 1311/95/1311 33/79/33 36/78/36
f 1309/96/1309 48/97/48 1304/94/1304
f 34/71/34 1300/98/1300 31/76/31
f 1302/99/1302 45/100/45 47/101/47
f 1304/94/1304 36/74/36 35/73/35
f 1310/102/1310 46/103/46 1300/98/1300
f 1302/99/1302 34/71/34 33/79/33
f 1311/104/1311 48/97/48 45/105/45
f 31/76/31 1309/96/1309 32/66/32
f 1310/102/1310 47/101/47 44/106/44
f 46/103/46 1289/107/1289 43/108/43
f 1300/98/1300 43/108/43 1309/96/1309
f 44/106/44 1313/109/1313 1291/110/1291
f 1312/111/1312 13/48/13 1289/107/1289
f 45/105/45 1314/112/1314 1293/113/1293
f 1291/110/1291 16/43/16 17/40/17
f 44/106/44 1312/111/1312 46/103/46
f 1293/113/1293 14/50/14 15/56/15
f 47/101/47 1293/114/1293 1313/109/1313
f 1291/110/1291 18/42/18 1312/111/1312
f 43/108/43 1314/112/1314 48/97/48
f 1313/109/1313 15/115/15 16/43/16
f 53/62/53 1274/116/1274 1319/117/1319
f 1289/107/1289 14/50/14 1314/112/1314
f 52/58/52 1278/118/1278 1318/119/1318
f 1319/117/1319 1/17/1 4/120/4
f 50/47/50 1320/121/1320 54/55/54
f 1318/119/1318 3/7/3 6/12/6
f 54/55/54 1274/116/1274 49/54/49
f 1276/122/1276 2/3/2 1320/121/1320
f 51/52/51 1319/123/1319 1278/118/1278
f 1320/121/1320 1/17/1 1274/116/1274
f 52/58/52 1276/122/1276 50/47/50
f 1278/118/1278 4/124/4 3/7/3
f 55/18/55 1283/125/1283 58/22/58
f 1318/119/1318 5/1/5 1276/122/1276
f 57/11/57 1287/126/1287 60/5/60
f 1321/127/1321 12/33/12 1283/125/1283
f 55/18/55 1285/128/1285 1321/127/1321
f 1323/129/1323 8/37/8 1287/126/1287
f 59/15/59 1322/130/1322 1285/128/1285
f 1321/127/1321 10/23/10 11/25/11
f 58/22/58 1323/129/1323 57/11/57
f 1285/128/1285 9/36/9 10/23/10
f 56/6/56 1287/126/1287 1322/131/1322
f 1283/125/1283 7/19/7 1323/129/1323
f 63/34/63 1333/132/1333 1329/133/1329
f 1322/131/1322 8/37/8 9/28/9
f 66/134/66 1328/135/1328 62/39/62
f 1329/133/1329 67/136/67 72/137/72
f 65/32/65 1327/138/1327 61/26/61
f 1328/135/1328 69/139/69 71/140/71
f 66/35/66 1329/133/1329 1335/141/1335
f 1334/142/1334 70/143/70 1327/138/1327
f 62/39/62 1334/142/1334 65/32/65
f 1335/141/1335 72/137/72 69/144/69
f 61/26/61 1333/132/1333 64/27/64
f 1328/135/1328 68/145/68 1334/142/1334
f 70/143/70 1306/146/1306 67/136/67
f 1327/138/1327 67/136/67 1333/132/1333
f 71/140/71 1307/147/1307 68/145/68
f 1336/148/1336 38/149/38 1306/146/1306
f 69/144/69 1338/150/1338 1308/151/1308
f 1337/152/1337 40/153/40 1307/147/1307
f 68/145/68 1336/148/1336 70/143/70
f 1308/151/1308 41/154/41 42/155/42
f 71/140/71 1308/156/1308 1337/152/1337
f 1307/147/1307 37/157/37 1336/148/1336
f 72/137/72 1306/146/1306 1338/150/1338
f 1337/152/1337 42/158/42 39/159/39
f 222/160/222 1514/161/1514 217/162/217
f 1338/150/1338 38/149/38 41/154/41
f 82/163/82 1384/164/1384 83/165/83
f 1382/166/1382 121/167/121 122/168/122
f 81/169/81 1343/170/1343 1386/171/1386
f 1341/172/1341 124/173/124 1384/164/1384
f 83/165/83 1339/174/1339 84/175/84
f 1386/171/1386 125/176/125 126/177/126
f 81/178/81 1341/172/1341 82/163/82
f 1384/164/1384 121/167/121 1339/174/1339
f 80/179/80 1382/166/1382 1343/170/1343
f 1386/180/1386 123/181/123 1341/172/1341
f 89/182/89 1396/183/1396 90/184/90
f 1343/170/1343 122/168/122 125/176/125
f 88/185/88 1347/186/1347 1397/187/1397
f 1345/188/1345 136/189/136 1396/183/1396
f 86/190/86 1349/191/1349 1398/192/1398
f 1397/187/1397 134/193/134 137/194/137
f 90/184/90 1349/191/1349 85/195/85
f 1398/192/1398 135/196/135 138/197/138
f 88/185/88 1345/188/1345 89/182/89
f 1396/183/1396 135/196/135 1349/191/1349
f 87/198/87 1398/192/1398 1347/199/1347
f 1397/187/1397 133/200/133 1345/188/1345
f 96/201/96 1352/202/1352 91/203/91
f 1347/199/1347 138/197/138 134/204/134
f 94/205/94 1354/206/1354 95/207/95
f 1351/208/1351 85/195/85 1352/202/1352
f 93/209/93 1355/210/1355 1356/211/1356
f 1353/212/1353 89/182/89 1354/206/1354
f 95/207/95 1351/208/1351 96/201/96
f 1356/211/1356 86/190/86 87/198/87
f 94/205/94 1356/213/1356 1353/212/1353
f 1354/206/1354 90/184/90 1351/208/1351
f 91/203/91 1355/210/1355 92/214/92
f 1353/212/1353 87/215/87 88/185/88
f 102/216/102 1357/217/1357 1358/218/1358
f 1355/210/1355 85/195/85 86/190/86
f 99/219/99 1360/220/1360 100/221/100
f 1357/217/1357 96/201/96 1358/218/1358
f 97/222/97 1362/223/1362 98/224/98
f 1360/220/1360 93/225/93 94/205/94
f 97/222/97 1358/218/1358 1361/226/1361
f 1361/226/1361 92/214/92 1362/223/1362
f 101/227/101 1360/220/1360 1357/217/1357
f 1358/218/1358 91/203/91 1361/226/1361
f 98/224/98 1359/228/1359 99/229/99
f 1357/217/1357 94/205/94 95/207/95
f 103/230/103 1363/231/1363 1376/232/1376
f 1359/228/1359 92/214/92 93/209/93
f 106/233/106 1378/234/1378 107/235/107
f 1376/232/1376 115/236/115 116/237/116
f 104/238/104 1380/239/1380 105/240/105
f 1378/234/1378 117/241/117 118/242/118
f 108/243/108 1378/234/1378 1363/231/1363
f 1367/244/1367 120/245/120 1380/239/1380
f 105/246/105 1365/247/1365 106/233/106
f 1363/231/1363 118/242/118 115/236/115
f 104/238/104 1376/232/1376 1367/244/1367
f 1380/248/1380 117/241/117 1365/247/1365
f 113/249/113 1370/250/1370 114/251/114
f 1376/232/1376 119/252/119 1367/244/1367
f 111/253/111 1372/254/1372 112/255/112
f 1369/256/1369 108/243/108 1370/250/1370
f 110/257/110 1373/258/1373 1374/259/1374
f 1371/260/1371 106/233/106 1372/254/1372
f 109/261/109 1370/250/1370 1373/258/1373
f 1374/259/1374 103/230/103 104/238/104
f 112/255/112 1369/256/1369 113/249/113
f 1373/258/1373 108/243/108 103/230/103
f 111/262/111 1374/259/1374 1371/263/1371
f 1372/254/1372 107/235/107 1369/256/1369
f 116/237/116 1379/264/1379 119/252/119
f 1374/259/1374 105/240/105 1371/263/1371
f 120/265/120 1377/266/1377 117/241/117
f 1399/267/1399 144/268/144 1379/264/1379
f 1400/269/1400 115/236/115 118/242/118
f 1401/270/1401 143/271/143 1377/266/1377
f 119/252/119 1401/272/1401 120/245/120
f 1375/273/1375 140/274/140 142/275/142
f 1377/266/1377 118/242/118 117/241/117
f 1379/264/1379 141/276/141 1401/272/1401
f 1375/273/1375 116/237/116 115/236/115
f 1400/269/1400 143/271/143 140/274/140
f 125/176/125 1340/277/1340 1385/278/1385
f 1399/267/1399 142/275/142 139/279/139
f 126/280/126 1383/281/1383 123/181/123
f 1385/278/1385 73/282/73 74/283/74
f 124/173/124 1381/284/1381 121/167/121
f 1344/285/1344 76/286/76 1383/281/1383
f 126/177/126 1385/278/1385 1344/287/1344
f 1342/288/1342 78/289/78 1381/284/1381
f 123/181/123 1342/288/1342 124/173/124
f 1344/287/1344 74/283/74 75/290/75
f 122/168/122 1381/284/1381 1340/277/1340
f 1383/281/1383 77/291/77 1342/288/1342
f 129/292/129 1350/293/1350 1389/294/1389
f 1340/277/1340 78/289/78 73/282/73
f 130/295/130 1387/296/1387 127/297/127
f 1389/294/1389 80/179/80 81/169/81
f 128/298/128 1391/299/1391 131/300/131
f 1348/301/1348 83/165/83 1387/296/1387
f 132/302/132 1391/299/1391 1350/293/1350
f 1391/299/1391 84/175/84 79/303/79
f 130/295/130 1389/304/1389 1348/301/1348
f 1350/293/1350 79/303/79 80/179/80
f 127/297/127 1346/305/1346 128/298/128
f 1389/304/1389 82/163/82 1348/301/1348
f 134/204/134 1392/306/1392 1394/307/1394
f 1387/296/1387 84/175/84 1346/305/1346
f 137/194/137 1393/308/1393 133/200/133
f 1394/307/1394 132/302/132 129/292/129
f 136/189/136 1395/309/1395 135/196/135
f 1390/310/1390 127/297/127 1393/308/1393
f 138/197/138 1395/309/1395 1392/306/1392
f 1388/311/1388 131/300/131 1395/309/1395
f 137/194/137 1394/312/1394 1390/310/1390
f 1392/306/1392 131/300/131 132/302/132
f 133/200/133 1388/311/1388 136/189/136
f 1390/310/1390 129/313/129 130/295/130
f 139/279/139 1402/314/1402 1364/315/1364
f 1393/308/1393 128/298/128 1388/311/1388
f 140/274/140 1403/316/1403 1366/317/1366
f 1364/315/1364 102/216/102 97/222/97
f 144/268/144 1368/318/1368 141/276/141
f 1366/317/1366 100/221/100 101/227/101
f 142/275/142 1366/317/1366 1402/314/1402
f 1404/319/1404 99/229/99 1368/318/1368
f 141/320/141 1403/316/1403 143/271/143
f 1402/314/1402 101/227/101 102/216/102
f 139/279/139 1404/319/1404 144/268/144
f 1368/321/1368 100/221/100 1403/316/1403
f 151/303/151 1405/174/1405 1448/166/1448
f 1364/315/1364 98/224/98 1404/319/1404
f 154/163/154 1450/164/1450 155/165/155
f 1448/166/1448 193/167/193 194/168/194
f 153/169/153 1409/170/1409 1452/171/1452
f 1407/172/1407 196/173/196 1450/164/1450
f 155/165/155 1405/174/1405 156/175/156
f 1452/171/1452 197/176/197 198/177/198
f 153/178/153 1407/172/1407 154/163/154
f 1450/164/1450 193/167/193 1405/174/1405
f 152/179/152 1448/166/1448 1409/170/1409
f 1452/180/1452 195/181/195 1407/172/1407
f 162/322/162 1411/323/1411 1454/324/1454
f 1409/170/1409 194/168/194 197/176/197
f 159/325/159 1456/326/1456 160/327/160
f 1454/324/1454 199/328/199 200/329/200
f 157/330/157 1458/331/1458 158/332/158
f 1456/326/1456 201/333/201 202/334/202
f 157/330/157 1454/324/1454 1415/335/1415
f 1415/335/1415 204/336/204 1458/331/1458
f 161/337/161 1456/326/1456 1411/323/1411
f 1454/324/1454 203/338/203 1415/335/1415
f 158/332/158 1413/339/1413 159/340/159
f 1411/323/1411 202/334/202 199/328/199
f 163/203/163 1417/341/1417 1418/342/1418
f 1458/331/1458 201/343/201 1413/339/1413
f 167/207/167 1419/344/1419 1420/345/1420
f 1418/342/1418 162/322/162 157/330/157
f 164/214/164 1422/346/1422 165/209/165
f 1420/345/1420 160/327/160 161/337/161
f 168/201/168 1420/345/1420 1417/341/1417
f 1421/347/1421 159/340/159 1422/346/1422
f 165/225/165 1419/344/1419 166/205/166
f 1417/341/1417 161/337/161 162/322/162
f 163/203/163 1421/347/1421 164/214/164
f 1422/348/1422 160/327/160 1419/344/1419
f 174/216/174 1423/217/1423 1424/218/1424
f 1418/342/1418 158/332/158 1421/347/1421
f 171/219/171 1426/220/1426 172/221/172
f 1424/218/1424 167/207/167 168/201/168
f 169/222/169 1428/223/1428 170/224/170
f 1425/349/1425 166/205/166 1426/220/1426
f 169/222/169 1424/218/1424 1427/226/1427
f 1427/226/1427 164/214/164 1428/223/1428
f 173/227/173 1426/220/1426 1423/217/1423
f 1427/226/1427 168/201/168 163/203/163
f 170/224/170 1425/228/1425 171/229/171
f 1423/217/1423 166/205/166 167/207/167
f 175/230/175 1429/231/1429 1442/232/1442
f 1428/223/1428 165/209/165 1425/228/1425
f 178/233/178 1444/234/1444 179/235/179
f 1442/232/1442 187/236/187 188/237/188
f 176/238/176 1446/239/1446 177/240/177
f 1431/247/1431 190/242/190 1444/234/1444
f 179/235/179 1429/231/1429 180/243/180
f 1433/244/1433 192/245/192 1446/239/1446
f 178/233/178 1446/248/1446 1431/247/1431
f 1444/234/1444 187/236/187 1429/231/1429
f 176/238/176 1442/232/1442 1433/244/1433
f 1431/247/1431 192/265/192 189/241/189
f 185/249/185 1436/250/1436 186/251/186
f 1433/244/1433 188/237/188 191/252/191
f 183/253/183 1438/254/1438 184/255/184
f 1435/256/1435 180/243/180 1436/250/1436
f 182/257/182 1439/258/1439 1440/259/1440
f 1438/254/1438 177/246/177 178/233/178
f 181/261/181 1436/250/1436 1439/258/1439
f 1440/259/1440 175/230/175 176/238/176
f 184/255/184 1435/256/1435 185/249/185
f 1439/258/1439 180/243/180 175/230/175
f 183/262/183 1440/259/1440 1437/263/1437
f 1438/254/1438 179/235/179 1435/256/1435
f 1459/267/1459 191/252/191 188/237/188
f 1440/259/1440 177/240/177 1437/263/1437
f 1461/270/1461 189/241/189 192/265/192
f 1459/267/1459 210/268/210 1445/264/1445
f 1460/269/1460 187/236/187 190/242/190
f 1461/270/1461 209/271/209 1443/266/1443
f 191/252/191 1461/272/1461 192/245/192
f 1441/273/1441 206/274/206 208/275/208
f 189/241/189 1460/269/1460 190/242/190
f 1445/264/1445 207/276/207 1461/272/1461
f 1441/273/1441 188/237/188 187/236/187
f 1460/269/1460 209/271/209 206/274/206
f 197/176/197 1406/277/1406 1451/278/1451
f 1459/267/1459 208/275/208 205/279/205
f 198/280/198 1449/281/1449 195/181/195
f 1451/278/1451 145/282/145 146/283/146
f 196/173/196 1447/284/1447 193/167/193
f 1410/285/1410 148/286/148 1449/281/1449
f 198/177/198 1451/278/1451 1410/287/1410
f 1408/288/1408 150/289/150 1447/284/1447
f 195/181/195 1408/288/1408 196/173/196
f 1410/287/1410 146/283/146 147/290/147
f 194/168/194 1447/284/1447 1406/277/1406
f 1449/281/1449 149/291/149 1408/288/1408
f 201/343/201 1416/350/1416 1455/351/1455
f 1406/277/1406 150/289/150 145/282/145
f 202/334/202 1453/352/1453 199/328/199
f 1455/351/1455 152/179/152 153/169/153
f 200/329/200 1457/353/1457 203/338/203
f 1414/354/1414 155/165/155 1453/352/1453
f 204/336/204 1457/353/1457 1416/350/1416
f 1412/355/1412 151/303/151 1457/353/1457
f 202/334/202 1455/356/1455 1414/354/1414
f 1416/350/1416 151/303/151 152/179/152
f 199/328/199 1412/355/1412 200/329/200
f 1455/356/1455 154/163/154 1414/354/1414
f 205/279/205 1462/314/1462 1430/315/1430
f 1453/352/1453 156/175/156 1412/355/1412
f 206/274/206 1463/316/1463 1432/317/1432
f 1430/315/1430 174/216/174 169/222/169
f 210/268/210 1434/318/1434 207/276/207
f 1432/317/1432 172/221/172 173/227/173
f 208/275/208 1432/317/1432 1462/314/1462
f 1464/319/1464 171/229/171 1434/318/1434
f 207/320/207 1463/316/1463 209/271/209
f 1462/314/1462 173/227/173 174/216/174
f 205/279/205 1464/319/1464 210/268/210
f 1434/321/1434 172/221/172 1463/316/1463
f 583/357/583 1795/358/1795 1840/359/1840
f 1430/315/1430 170/224/170 1464/319/1464
f 220/360/220 1516/361/1516 221/362/221
f 1514/161/1514 265/363/265 266/364/266
f 219/365/219 1469/366/1469 1518/367/1518
f 1467/368/1467 268/369/268 1516/361/1516
f 221/362/221 1465/370/1465 222/160/222
f 1518/367/1518 269/371/269 270/372/270
f 219/373/219 1467/368/1467 220/360/220
f 1516/361/1516 265/363/265 1465/370/1465
f 218/374/218 1514/161/1514 1469/366/1469
f 1518/375/1518 267/376/267 1467/368/1467
f 227/377/227 1472/378/1472 228/379/228
f 1469/366/1469 266/364/266 269/371/269
f 225/380/225 1474/381/1474 226/382/226
f 1471/383/1471 222/160/222 1472/378/1472
f 224/384/224 1475/385/1475 1476/386/1476
f 1473/387/1473 220/360/220 1474/381/1474
f 228/379/228 1475/385/1475 223/388/223
f 1476/386/1476 217/162/217 218/374/218
f 226/382/226 1471/383/1471 227/377/227
f 1472/378/1472 217/162/217 1475/385/1475
f 225/389/225 1476/386/1476 1473/390/1473
f 1474/381/1474 221/362/221 1471/383/1471
f 229/391/229 1477/392/1477 1478/393/1478
f 1473/390/1473 218/374/218 219/365/219
f 232/394/232 1480/395/1480 233/396/233
f 1478/393/1478 228/379/228 223/388/223
f 231/397/231 1481/398/1481 1482/399/1482
f 1479/400/1479 227/377/227 1480/395/1480
f 233/396/233 1477/392/1477 234/401/234
f 1482/399/1482 224/384/224 225/389/225
f 231/402/231 1479/400/1479 232/394/232
f 1480/395/1480 228/379/228 1477/392/1477
f 230/403/230 1478/393/1478 1481/398/1481
f 1482/404/1482 226/382/226 1479/400/1479
f 240/405/240 1483/406/1483 1508/407/1508
f 1481/398/1481 223/388/223 224/384/224
f 237/408/237 1510/409/1510 238/410/238
f 1508/407/1508 259/12/259 260/411/260
f 236/412/236 1487/413/1487 1512/414/1512
f 1485/415/1485 262/416/262 1510/409/1510
f 235/417/235 1508/407/1508 1487/413/1487
f 1512/414/1512 263/418/263 264/419/264
f 238/410/238 1483/406/1483 239/420/239
f 1487/413/1487 260/411/260 263/418/263
f 236/412/236 1485/421/1485 237/422/237
f 1510/409/1510 259/12/259 1483/406/1483
f 241/423/241 1489/424/1489 1502/425/1502
f 1512/414/1512 261/120/261 1485/421/1485
f 244/426/244 1504/427/1504 245/428/245
f 1502/425/1502 253/429/253 254/430/254
f 242/431/242 1506/432/1506 243/433/243
f 1504/427/1504 255/434/255 256/435/256
f 245/428/245 1489/424/1489 246/436/246
f 1493/437/1493 258/438/258 1506/432/1506
f 244/426/244 1506/439/1506 1491/440/1491
f 1489/424/1489 256/435/256 253/429/253
f 242/431/242 1502/425/1502 1493/437/1493
f 1491/440/1491 258/441/258 255/434/255
f 251/442/251 1496/81/1496 252/443/252
f 1502/425/1502 257/444/257 1493/437/1493
f 249/83/249 1498/84/1498 250/85/250
f 1495/86/1495 246/436/246 1496/81/1496
f 248/87/248 1499/445/1499 1500/446/1500
f 1498/84/1498 243/90/243 244/426/244
f 247/447/247 1496/81/1496 1499/445/1499
f 1500/446/1500 241/423/241 242/431/242
f 250/85/250 1495/86/1495 251/442/251
f 1499/445/1499 246/436/246 241/423/241
f 249/92/249 1500/446/1500 1497/93/1497
f 1498/84/1498 245/428/245 1495/86/1495
f 254/430/254 1505/448/1505 257/444/257
f 1497/93/1497 242/431/242 243/433/243
f 258/441/258 1503/449/1503 255/434/255
f 1490/450/1490 236/412/236 1505/448/1505
f 1492/451/1492 253/429/253 256/435/256
f 1494/452/1494 238/410/238 1503/449/1503
f 257/444/257 1494/453/1494 258/438/258
f 1501/454/1501 239/420/239 240/405/240
f 1503/449/1503 256/435/256 255/434/255
f 1505/448/1505 237/422/237 1494/453/1494
f 1501/454/1501 254/430/254 253/429/253
f 1492/451/1492 238/410/238 239/420/239
f 264/419/264 1509/455/1509 261/120/261
f 1490/450/1490 240/405/240 235/417/235
f 262/416/262 1507/456/1507 259/12/259
f 1488/457/1488 231/397/231 1509/455/1509
f 263/418/263 1484/458/1484 1511/459/1511
f 1486/460/1486 233/396/233 1507/456/1507
f 264/419/264 1511/459/1511 1488/457/1488
f 1511/459/1511 234/401/234 229/391/229
f 261/124/261 1486/460/1486 262/416/262
f 1488/457/1488 229/391/229 230/403/230
f 260/411/260 1507/456/1507 1484/458/1484
f 1509/461/1509 232/394/232 1486/460/1486
f 269/371/269 1466/462/1466 1517/463/1517
f 1484/458/1484 233/396/233 234/401/234
f 270/464/270 1515/465/1515 267/376/267
f 1517/463/1517 211/466/211 212/467/212
f 268/369/268 1513/468/1513 265/363/265
f 1470/469/1470 214/470/214 1515/465/1515
f 270/372/270 1517/463/1517 1470/471/1470
f 1468/472/1468 216/473/216 1513/468/1513
f 267/376/267 1468/472/1468 268/369/268
f 1470/471/1470 212/467/212 213/474/213
f 266/364/266 1513/468/1513 1466/462/1466
f 1515/465/1515 215/475/215 1468/472/1468
f 397/476/397 1627/477/1627 1670/478/1670
f 1466/462/1466 216/473/216 211/466/211
f 281/479/281 1521/480/1521 1522/481/1522
f 1519/482/1519 271/483/271 1520/484/1520
f 278/485/278 1524/486/1524 279/487/279
f 1522/481/1522 274/488/274 275/489/275
f 282/490/282 1522/481/1522 1519/482/1519
f 1523/491/1523 273/492/273 1524/486/1524
f 279/493/279 1521/480/1521 280/494/280
f 1519/482/1519 275/489/275 276/495/276
f 277/496/277 1523/491/1523 278/485/278
f 1521/480/1521 273/497/273 274/488/274
f 287/498/287 1526/499/1526 288/500/288
f 1520/484/1520 272/501/272 1523/491/1523
f 285/502/285 1528/503/1528 286/504/286
f 1525/505/1525 282/490/282 1526/499/1526
f 284/506/284 1529/507/1529 1530/508/1530
f 1527/509/1527 280/494/280 1528/503/1528
f 283/510/283 1526/499/1526 1529/507/1529
f 1530/508/1530 277/496/277 278/485/278
f 286/504/286 1525/505/1525 287/498/287
f 1529/507/1529 282/490/282 277/496/277
f 285/511/285 1530/508/1530 1527/512/1527
f 1528/503/1528 281/479/281 1525/505/1525
f 289/513/289 1531/514/1531 1532/515/1532
f 1527/512/1527 278/485/278 279/487/279
f 292/516/292 1534/517/1534 293/518/293
f 1532/515/1532 288/500/288 283/510/283
f 291/519/291 1535/520/1535 1536/521/1536
f 1533/522/1533 287/498/287 1534/517/1534
f 293/518/293 1531/514/1531 294/523/294
f 1536/521/1536 284/506/284 285/511/285
f 291/524/291 1533/522/1533 292/516/292
f 1534/517/1534 288/500/288 1531/514/1531
f 290/525/290 1532/515/1532 1535/520/1535
f 1536/526/1536 286/504/286 1533/522/1533
f 299/527/299 1562/528/1562 300/529/300
f 1535/520/1535 283/510/283 284/506/284
f 297/530/297 1564/531/1564 298/532/298
f 1537/533/1537 320/534/320 1562/528/1562
f 296/535/296 1541/536/1541 1566/537/1566
f 1539/538/1539 322/539/322 1564/531/1564
f 295/540/295 1562/528/1562 1541/536/1541
f 1566/537/1566 323/541/323 324/542/324
f 298/532/298 1537/533/1537 299/527/299
f 1541/536/1541 320/534/320 323/541/323
f 297/543/297 1566/537/1566 1539/544/1539
f 1564/531/1564 319/545/319 1537/533/1537
f 301/546/301 1543/547/1543 1556/548/1556
f 1539/544/1539 324/542/324 321/549/321
f 304/550/304 1558/551/1558 305/552/305
f 1556/548/1556 313/553/313 314/554/314
f 302/555/302 1560/556/1560 303/557/303
f 1545/558/1545 316/559/316 1558/551/1558
f 305/552/305 1543/547/1543 306/560/306
f 1547/561/1547 318/562/318 1560/556/1560
f 304/550/304 1560/563/1560 1545/558/1545
f 1558/551/1558 313/553/313 1543/547/1543
f 302/555/302 1556/548/1556 1547/561/1547
f 1545/558/1545 318/564/318 315/565/315
f 311/566/311 1550/567/1550 312/568/312
f 1547/561/1547 314/554/314 317/569/317
f 309/570/309 1552/571/1552 310/572/310
f 1549/573/1549 306/560/306 1550/567/1550
f 308/574/308 1553/575/1553 1554/576/1554
f 1552/571/1552 303/577/303 304/550/304
f 307/578/307 1550/567/1550 1553/575/1553
f 1554/576/1554 301/546/301 302/555/302
f 310/572/310 1549/573/1549 311/566/311
f 1553/575/1553 306/560/306 301/546/301
f 309/579/309 1554/576/1554 1551/580/1551
f 1552/571/1552 305/552/305 1549/573/1549
f 1544/581/1544 317/569/317 314/554/314
f 1554/576/1554 303/557/303 1551/580/1551
f 1548/582/1548 315/565/315 318/564/318
f 1559/583/1559 295/540/295 296/535/296
f 316/559/316 1555/584/1555 313/553/313
f 1548/582/1548 298/532/298 1557/585/1557
f 317/569/317 1548/586/1548 318/562/318
f 1546/587/1546 300/529/300 1555/584/1555
f 315/565/315 1546/587/1546 316/559/316
f 1548/586/1548 296/535/296 297/543/297
f 1555/584/1555 314/554/314 313/553/313
f 1557/585/1557 299/527/299 1546/587/1546
f 321/549/321 1542/588/1542 1563/589/1563
f 1544/581/1544 300/529/300 295/540/295
f 322/539/322 1561/590/1561 319/545/319
f 1563/589/1563 290/525/290 291/519/291
f 323/541/323 1538/591/1538 1565/592/1565
f 1540/593/1540 293/518/293 1561/590/1561
f 324/542/324 1565/592/1565 1542/588/1542
f 1565/592/1565 294/523/294 289/513/289
f 321/594/321 1540/593/1540 322/539/322
f 1542/588/1542 289/513/289 290/525/290
f 319/545/319 1538/591/1538 320/534/320
f 1563/595/1563 292/516/292 1540/593/1540
f 462/490/462 1682/484/1682 457/496/457
f 1561/590/1561 294/523/294 1538/591/1538
f 334/596/334 1624/597/1624 335/598/335
f 1622/599/1622 385/600/385 386/601/386
f 333/602/333 1571/603/1571 1626/604/1626
f 1569/605/1569 388/606/388 1624/597/1624
f 336/607/336 1624/597/1624 1567/608/1567
f 1571/603/1571 390/609/390 1626/604/1626
f 333/610/333 1569/605/1569 334/596/334
f 1567/608/1567 388/606/388 385/600/385
f 332/611/332 1622/599/1622 1571/603/1571
f 1626/612/1626 387/613/387 1569/605/1569
f 342/614/342 1573/615/1573 1574/616/1574
f 1571/603/1571 386/601/386 389/617/389
f 339/618/339 1576/619/1576 340/620/340
f 1574/616/1574 335/598/335 336/607/336
f 338/621/338 1577/622/1577 1578/623/1578
f 1575/624/1575 334/596/334 1576/619/1576
f 337/625/337 1574/616/1574 1577/622/1577
f 1578/623/1578 331/626/331 332/611/332
f 340/620/340 1573/615/1573 341/627/341
f 1577/622/1577 336/607/336 331/626/331
f 339/628/339 1578/623/1578 1575/629/1575
f 1576/619/1576 335/598/335 1573/615/1573
f 343/630/343 1579/631/1579 1580/632/1580
f 1575/629/1575 332/611/332 333/602/333
f 346/633/346 1582/634/1582 347/635/347
f 1580/632/1580 342/614/342 337/625/337
f 344/636/344 1584/637/1584 345/638/345
f 1581/639/1581 341/627/341 1582/634/1582
f 348/640/348 1582/634/1582 1579/631/1579
f 1583/641/1583 339/628/339 1584/637/1584
f 345/642/345 1581/639/1581 346/633/346
f 1579/631/1579 341/627/341 342/614/342
f 344/636/344 1580/632/1580 1583/641/1583
f 1584/643/1584 340/620/340 1581/639/1581
f 354/644/354 1585/645/1585 1610/646/1610
f 1583/641/1583 337/625/337 338/621/338
f 351/647/351 1612/648/1612 352/649/352
f 1610/646/1610 373/650/373 374/651/374
f 350/652/350 1589/653/1589 1614/654/1614
f 1587/655/1587 376/656/376 1612/648/1612
f 349/657/349 1610/646/1610 1589/653/1589
f 1614/654/1614 377/658/377 378/659/378
f 352/649/352 1585/645/1585 353/660/353
f 1589/653/1589 374/651/374 377/658/377
f 350/652/350 1587/661/1587 351/662/351
f 1612/648/1612 373/650/373 1585/645/1585
f 355/663/355 1591/664/1591 1604/665/1604
f 1614/654/1614 375/666/375 1587/661/1587
f 358/667/358 1606/668/1606 359/669/359
f 1604/665/1604 367/670/367 368/671/368
f 356/672/356 1608/673/1608 357/674/357
f 1593/675/1593 370/676/370 1606/668/1606
f 359/669/359 1591/664/1591 360/677/360
f 1595/678/1595 372/679/372 1608/673/1608
f 358/667/358 1608/680/1608 1593/675/1593
f 1606/668/1606 367/670/367 1591/664/1591
f 356/672/356 1604/665/1604 1595/678/1595
f 1593/675/1593 372/681/372 369/682/369
f 365/683/365 1616/684/1616 366/685/366
f 1595/678/1595 368/671/368 371/686/371
f 363/687/363 1618/688/1618 364/689/364
f 1597/690/1597 380/691/380 1616/684/1616
f 362/692/362 1601/693/1601 1620/694/1620
f 1599/695/1599 382/696/382 1618/688/1618
f 361/697/361 1616/684/1616 1601/693/1601
f 1620/694/1620 383/698/383 384/699/384
f 364/689/364 1597/690/1597 365/683/365
f 1601/693/1601 380/691/380 383/698/383
f 363/700/363 1620/694/1620 1599/701/1599
f 1618/688/1618 379/702/379 1597/690/1597
f 1592/703/1592 371/686/371 368/671/368
f 1599/701/1599 384/699/384 381/704/381
f 1596/705/1596 369/682/369 372/681/372
f 1607/706/1607 349/657/349 350/652/350
f 370/676/370 1603/707/1603 367/670/367
f 1596/705/1596 352/649/352 1605/708/1605
f 371/686/371 1596/709/1596 372/679/372
f 1594/710/1594 354/644/354 1603/707/1603
f 369/682/369 1594/710/1594 370/676/370
f 1607/706/1607 351/662/351 1596/709/1596
f 1603/707/1603 368/671/368 367/670/367
f 1605/708/1605 353/660/353 1594/710/1594
f 378/659/378 1611/711/1611 375/666/375
f 1592/703/1592 354/644/354 349/657/349
f 373/650/373 1588/712/1588 1609/713/1609
f 1590/714/1590 345/638/345 1611/711/1611
f 377/658/377 1586/715/1586 1613/716/1613
f 1609/713/1609 346/633/346 347/635/347
f 377/658/377 1590/714/1590 378/659/378
f 1613/716/1613 348/640/348 343/630/343
f 375/717/375 1588/712/1588 376/656/376
f 1613/716/1613 344/636/344 1590/714/1590
f 374/651/374 1609/713/1609 1586/715/1586
f 1611/718/1611 346/633/346 1588/712/1588
f 384/699/384 1617/719/1617 381/704/381
f 1586/715/1586 347/635/347 348/640/348
f 382/696/382 1615/720/1615 379/702/379
f 1602/721/1602 357/674/357 1617/719/1617
f 383/698/383 1598/722/1598 1619/723/1619
f 1600/724/1600 359/669/359 1615/720/1615
f 384/699/384 1619/723/1619 1602/721/1602
f 1619/723/1619 360/677/360 355/663/355
f 381/725/381 1600/724/1600 382/696/382
f 1602/721/1602 355/663/355 356/672/356
f 379/702/379 1598/722/1598 380/691/380
f 1600/724/1600 357/726/357 358/667/358
f 389/617/389 1568/727/1568 1625/728/1625
f 1615/720/1615 360/677/360 1598/722/1598
f 390/729/390 1623/730/1623 387/613/387
f 1568/727/1568 326/731/326 1625/728/1625
f 385/600/385 1570/732/1570 1621/733/1621
f 1572/734/1572 328/735/328 1623/730/1623
f 389/617/389 1572/736/1572 390/609/390
f 1621/733/1621 329/737/329 330/738/330
f 387/613/387 1570/732/1570 388/606/388
f 1625/728/1625 327/739/327 1572/736/1572
f 386/601/386 1621/733/1621 1568/727/1568
f 1570/732/1570 328/735/328 329/737/329
f 511/626/511 1729/608/1729 1784/599/1784
f 1568/727/1568 330/738/330 325/740/325
f 400/741/400 1672/742/1672 401/743/401
f 1670/478/1670 439/744/439 440/745/440
f 399/746/399 1631/747/1631 1674/748/1674
f 1629/749/1629 442/750/442 1672/742/1672
f 401/743/401 1627/477/1627 402/751/402
f 1631/747/1631 444/752/444 1674/748/1674
f 399/753/399 1629/749/1629 400/741/400
f 1627/477/1627 442/750/442 439/744/439
f 398/754/398 1670/478/1670 1631/747/1631
f 1674/755/1674 441/756/441 1629/749/1629
f 407/757/407 1634/758/1634 408/759/408
f 1631/747/1631 440/745/440 443/760/443
f 405/761/405 1636/762/1636 406/763/406
f 1633/764/1633 402/751/402 1634/758/1634
f 404/765/404 1637/766/1637 1638/767/1638
f 1635/768/1635 400/741/400 1636/762/1636
f 403/769/403 1634/758/1634 1637/766/1637
f 1638/767/1638 397/476/397 398/754/398
f 406/763/406 1633/764/1633 407/757/407
f 1637/766/1637 402/751/402 397/476/397
f 405/770/405 1638/767/1638 1635/771/1635
f 1636/762/1636 401/743/401 1633/764/1633
f 409/772/409 1639/773/1639 1640/774/1640
f 1635/771/1635 398/754/398 399/746/399
f 412/775/412 1642/776/1642 413/777/413
f 1640/774/1640 408/759/408 403/769/403
f 411/778/411 1643/779/1643 1644/780/1644
f 1641/781/1641 407/757/407 1642/776/1642
f 413/777/413 1639/773/1639 414/782/414
f 1644/780/1644 404/765/404 405/770/405
f 411/783/411 1641/781/1641 412/775/412
f 1642/776/1642 408/759/408 1639/773/1639
f 410/784/410 1640/774/1640 1643/779/1643
f 1644/785/1644 406/763/406 1641/781/1641
f 419/786/419 1676/787/1676 420/788/420
f 1643/779/1643 403/769/403 404/765/404
f 418/789/418 1647/415/1647 1678/790/1678
f 1645/791/1645 446/1/446 1676/787/1676
f 416/792/416 1649/793/1649 1680/794/1680
f 1678/790/1678 447/124/447 448/795/448
f 420/788/420 1649/793/1649 415/796/415
f 1680/794/1680 449/797/449 450/419/450
f 418/789/418 1645/791/1645 419/786/419
f 1676/787/1676 449/797/449 1649/793/1649
f 417/798/417 1680/794/1680 1647/421/1647
f 1678/790/1678 445/799/445 1645/791/1645
f 421/59/421 1651/800/1651 1664/801/1664
f 1647/421/1647 450/419/450 447/120/447
f 424/63/424 1666/427/1666 425/428/425
f 1664/801/1664 433/802/433 434/803/434
f 422/67/422 1668/804/1668 423/805/423
f 1653/806/1653 436/807/436 1666/427/1666
f 425/428/425 1651/800/1651 426/808/426
f 1655/809/1655 438/810/438 1668/804/1668
f 424/63/424 1668/439/1668 1653/806/1653
f 1666/427/1666 433/802/433 1651/800/1651
f 422/67/422 1664/801/1664 1655/809/1655
f 1653/806/1653 438/441/438 435/811/435
f 431/80/431 1658/81/1658 432/443/432
f 1655/809/1655 434/803/434 437/812/437
f 429/83/429 1660/84/1660 430/85/430
f 1657/86/1657 426/808/426 1658/81/1658
f 428/813/428 1661/814/1661 1662/89/1662
f 1660/84/1660 423/90/423 424/63/424
f 427/815/427 1658/81/1658 1661/814/1661
f 1662/89/1662 421/59/421 422/67/422
f 430/85/430 1657/86/1657 431/80/431
f 1661/814/1661 426/808/426 421/59/421
f 429/816/429 1662/89/1662 1659/93/1659
f 1660/84/1660 425/428/425 1657/86/1657
f 1652/817/1652 437/812/437 434/803/434
f 1662/89/1662 423/805/423 1659/93/1659
f 1656/452/1656 435/811/435 438/441/438
f 1667/818/1667 415/796/415 416/792/416
f 436/807/436 1663/819/1663 433/802/433
f 1665/820/1665 417/408/417 418/789/418
f 437/812/437 1656/821/1656 438/810/438
f 1654/822/1654 420/788/420 1663/819/1663
f 435/811/435 1654/822/1654 436/807/436
f 1656/821/1656 416/792/416 417/798/417
f 1663/819/1663 434/803/434 433/802/433
f 1665/820/1665 419/786/419 1654/822/1654
f 443/760/443 1628/823/1628 1673/824/1673
f 1663/819/1663 415/796/415 1652/817/1652
f 444/825/444 1671/826/1671 441/756/441
f 1673/824/1673 391/827/391 392/828/392
f 439/744/439 1630/829/1630 1669/830/1669
f 1632/831/1632 394/832/394 1671/826/1671
f 443/760/443 1632/833/1632 444/752/444
f 1669/830/1669 395/475/395 396/473/396
f 441/756/441 1630/829/1630 442/750/442
f 1673/824/1673 393/474/393 1632/833/1632
f 440/745/440 1669/830/1669 1628/823/1628
f 1630/829/1630 394/832/394 395/475/395
f 447/120/447 1650/834/1650 1677/835/1677
f 1628/823/1628 396/473/396 391/827/391
f 448/795/448 1675/836/1675 445/799/445
f 1677/835/1677 410/784/410 411/778/411
f 446/1/446 1679/837/1679 449/797/449
f 1648/838/1648 413/777/413 1675/836/1675
f 450/419/450 1679/837/1679 1650/834/1650
f 1679/837/1679 414/782/414 409/772/409
f 448/795/448 1677/839/1677 1648/838/1648
f 1650/834/1650 409/772/409 410/784/410
f 445/799/445 1646/840/1646 446/1/446
f 1677/839/1677 412/775/412 1648/838/1648
f 716/841/716 1919/842/1919 1910/843/1910
f 1675/836/1675 414/782/414 1646/840/1646
f 461/479/461 1683/480/1683 1684/481/1684
f 1681/482/1681 451/483/451 1682/484/1682
f 458/485/458 1686/486/1686 459/487/459
f 1684/481/1684 454/488/454 455/489/455
f 462/490/462 1684/481/1684 1681/482/1681
f 1685/491/1685 453/492/453 1686/486/1686
f 459/493/459 1683/480/1683 460/494/460
f 1681/482/1681 455/489/455 456/495/456
f 457/496/457 1685/491/1685 458/485/458
f 1683/480/1683 453/497/453 454/488/454
f 467/498/467 1688/499/1688 468/500/468
f 1682/484/1682 452/501/452 1685/491/1685
f 465/502/465 1690/503/1690 466/504/466
f 1687/505/1687 462/490/462 1688/499/1688
f 464/506/464 1691/507/1691 1692/508/1692
f 1689/509/1689 460/494/460 1690/503/1690
f 463/510/463 1688/499/1688 1691/507/1691
f 1692/508/1692 457/496/457 458/485/458
f 466/504/466 1687/505/1687 467/498/467
f 1691/507/1691 462/490/462 457/496/457
f 465/511/465 1692/508/1692 1689/512/1689
f 1690/503/1690 461/479/461 1687/505/1687
f 469/513/469 1693/514/1693 1694/515/1694
f 1689/512/1689 458/485/458 459/487/459
f 472/516/472 1696/517/1696 473/518/473
f 1694/515/1694 468/500/468 463/510/463
f 471/519/471 1697/520/1697 1698/521/1698
f 1695/522/1695 467/498/467 1696/517/1696
f 473/518/473 1693/514/1693 474/523/474
f 1698/521/1698 464/506/464 465/511/465
f 471/524/471 1695/522/1695 472/516/472
f 1696/517/1696 468/500/468 1693/514/1693
f 470/525/470 1694/515/1694 1697/520/1697
f 1698/526/1698 466/504/466 1695/522/1695
f 479/527/479 1724/528/1724 480/529/480
f 1697/520/1697 463/510/463 464/506/464
f 477/530/477 1726/531/1726 478/532/478
f 1699/533/1699 500/534/500 1724/528/1724
f 476/535/476 1703/536/1703 1728/537/1728
f 1701/538/1701 502/539/502 1726/531/1726
f 475/540/475 1724/528/1724 1703/536/1703
f 1728/537/1728 503/541/503 504/542/504
f 478/532/478 1699/533/1699 479/527/479
f 1703/536/1703 500/534/500 503/541/503
f 477/543/477 1728/537/1728 1701/544/1701
f 1726/531/1726 499/545/499 1699/533/1699
f 481/546/481 1705/547/1705 1718/548/1718
f 1701/544/1701 504/542/504 501/549/501
f 484/550/484 1720/551/1720 485/552/485
f 1718/548/1718 493/553/493 494/554/494
f 482/555/482 1722/556/1722 483/557/483
f 1707/558/1707 496/559/496 1720/551/1720
f 485/552/485 1705/547/1705 486/560/486
f 1709/561/1709 498/562/498 1722/556/1722
f 484/550/484 1722/563/1722 1707/558/1707
f 1720/551/1720 493/553/493 1705/547/1705
f 482/555/482 1718/548/1718 1709/561/1709
f 1707/558/1707 498/564/498 495/565/495
f 491/566/491 1712/567/1712 492/568/492
f 1709/561/1709 494/554/494 497/569/497
f 489/570/489 1714/571/1714 490/572/490
f 1711/573/1711 486/560/486 1712/567/1712
f 488/574/488 1715/575/1715 1716/576/1716
f 1714/571/1714 483/577/483 484/550/484
f 487/578/487 1712/567/1712 1715/575/1715
f 1716/576/1716 481/546/481 482/555/482
f 490/572/490 1711/573/1711 491/566/491
f 1715/575/1715 486/560/486 481/546/481
f 489/579/489 1716/576/1716 1713/580/1713
f 1714/571/1714 485/552/485 1711/573/1711
f 1706/581/1706 497/569/497 494/554/494
f 1716/576/1716 483/557/483 1713/580/1713
f 1710/582/1710 495/565/495 498/564/498
f 1721/583/1721 475/540/475 476/535/476
f 496/559/496 1717/584/1717 493/553/493
f 1719/585/1719 477/530/477 478/532/478
f 1721/583/1721 498/562/498 497/569/497
f 1708/587/1708 480/529/480 1717/584/1717
f 495/565/495 1708/587/1708 496/559/496
f 1710/586/1710 476/535/476 477/543/477
f 1717/584/1717 494/554/494 493/553/493
f 1719/585/1719 479/527/479 1708/587/1708
f 501/549/501 1704/588/1704 1725/589/1725
f 1706/581/1706 480/529/480 475/540/475
f 502/539/502 1723/590/1723 499/545/499
f 1725/589/1725 470/525/470 471/519/471
f 503/541/503 1700/591/1700 1727/592/1727
f 1702/593/1702 473/518/473 1723/590/1723
f 504/542/504 1727/592/1727 1704/588/1704
f 1727/592/1727 474/523/474 469/513/469
f 501/594/501 1702/593/1702 502/539/502
f 1704/588/1704 469/513/469 470/525/470
f 499/545/499 1700/591/1700 500/534/500
f 1725/595/1725 472/516/472 1702/593/1702
f 804/490/804 1988/484/1988 799/496/799
f 1723/590/1723 474/523/474 1700/591/1700
f 514/596/514 1786/597/1786 515/598/515
f 1784/599/1784 565/600/565 566/601/566
f 513/602/513 1733/603/1733 1788/604/1788
f 1731/605/1731 568/606/568 1786/597/1786
f 516/607/516 1786/597/1786 1729/608/1729
f 1733/603/1733 570/609/570 1788/604/1788
f 513/610/513 1731/605/1731 514/596/514
f 1729/608/1729 568/606/568 565/600/565
f 512/611/512 1784/599/1784 1733/603/1733
f 1788/612/1788 567/613/567 1731/605/1731
f 522/614/522 1735/615/1735 1736/616/1736
f 1733/603/1733 566/601/566 569/617/569
f 519/618/519 1738/619/1738 520/620/520
f 1736/616/1736 515/598/515 516/607/516
f 518/621/518 1739/622/1739 1740/623/1740
f 1737/624/1737 514/596/514 1738/619/1738
f 517/625/517 1736/616/1736 1739/622/1739
f 1740/623/1740 511/626/511 512/611/512
f 520/620/520 1735/615/1735 521/627/521
f 1739/622/1739 516/607/516 511/626/511
f 518/621/518 1737/629/1737 519/628/519
f 1738/619/1738 515/598/515 1735/615/1735
f 523/844/523 1741/845/1741 1742/846/1742
f 1737/629/1737 512/611/512 513/602/513
f 526/847/526 1744/848/1744 527/849/527
f 1742/846/1742 522/614/522 517/625/517
f 524/850/524 1746/851/1746 525/852/525
f 1743/853/1743 521/627/521 1744/848/1744
f 528/854/528 1744/848/1744 1741/845/1741
f 1745/855/1745 519/628/519 1746/851/1746
f 525/856/525 1743/853/1743 526/847/526
f 1741/845/1741 521/627/521 522/614/522
f 524/850/524 1742/846/1742 1745/855/1745
f 1746/857/1746 520/620/520 1743/853/1743
f 534/644/534 1747/858/1747 1772/859/1772
f 1745/855/1745 517/625/517 518/621/518
f 531/647/531 1774/860/1774 532/649/532
f 1772/859/1772 553/861/553 554/862/554
f 530/652/530 1751/863/1751 1776/864/1776
f 1749/865/1749 556/866/556 1774/860/1774
f 529/657/529 1772/859/1772 1751/863/1751
f 1776/864/1776 557/867/557 558/868/558
f 532/649/532 1747/858/1747 533/660/533
f 1751/863/1751 554/862/554 557/867/557
f 530/652/530 1749/869/1749 531/662/531
f 1774/860/1774 553/861/553 1747/858/1747
f 535/663/535 1753/664/1753 1766/665/1766
f 1776/864/1776 555/870/555 1749/869/1749
f 538/667/538 1768/668/1768 539/669/539
f 1766/665/1766 547/670/547 548/671/548
f 536/672/536 1770/673/1770 537/674/537
f 1755/675/1755 550/676/550 1768/668/1768
f 539/669/539 1753/664/1753 540/677/540
f 1757/678/1757 552/679/552 1770/673/1770
f 538/667/538 1770/680/1770 1755/675/1755
f 1768/668/1768 547/670/547 1753/664/1753
f 536/672/536 1766/665/1766 1757/678/1757
f 1755/675/1755 552/681/552 549/682/549
f 545/683/545 1778/684/1778 546/685/546
f 1757/678/1757 548/671/548 551/686/551
f 543/687/543 1780/688/1780 544/689/544
f 1759/690/1759 560/691/560 1778/684/1778
f 542/692/542 1763/693/1763 1782/694/1782
f 1761/695/1761 562/696/562 1780/688/1780
f 541/697/541 1778/684/1778 1763/693/1763
f 1782/694/1782 563/698/563 564/699/564
f 544/689/544 1759/690/1759 545/683/545
f 1763/693/1763 560/691/560 563/698/563
f 543/700/543 1782/694/1782 1761/701/1761
f 1780/688/1780 559/702/559 1759/690/1759
f 1754/703/1754 551/686/551 548/671/548
f 1761/701/1761 564/699/564 561/704/561
f 1758/705/1758 549/682/549 552/681/552
f 1769/706/1769 529/657/529 530/652/530
f 550/676/550 1765/707/1765 547/670/547
f 1767/708/1767 531/647/531 532/649/532
f 551/686/551 1758/709/1758 552/679/552
f 1756/710/1756 534/644/534 1765/707/1765
f 549/682/549 1756/710/1756 550/676/550
f 1769/706/1769 531/662/531 1758/709/1758
f 1765/707/1765 548/671/548 547/670/547
f 1767/708/1767 533/660/533 1756/710/1756
f 558/868/558 1773/871/1773 555/870/555
f 1754/703/1754 534/644/534 529/657/529
f 556/866/556 1771/872/1771 553/861/553
f 1791/873/1791 575/874/575 1773/871/1773
f 557/867/557 1789/875/1789 1775/876/1775
f 1771/872/1771 572/877/572 574/878/574
f 558/868/558 1775/876/1775 1791/873/1791
f 1775/876/1775 571/879/571 576/880/576
f 555/881/555 1790/882/1790 556/866/556
f 1775/876/1775 573/883/573 1791/873/1791
f 554/862/554 1771/872/1771 1789/875/1789
f 1773/884/1773 572/877/572 1790/882/1790
f 564/699/564 1779/719/1779 561/704/561
f 1789/875/1789 574/878/574 571/879/571
f 562/696/562 1777/720/1777 559/702/559
f 1764/721/1764 537/674/537 1779/719/1779
f 563/698/563 1760/722/1760 1781/723/1781
f 1762/724/1762 539/669/539 1777/720/1777
f 564/699/564 1781/723/1781 1764/721/1764
f 1781/723/1781 540/677/540 535/663/535
f 561/725/561 1762/724/1762 562/696/562
f 1764/721/1764 535/663/535 536/672/536
f 559/702/559 1760/722/1760 560/691/560
f 1762/724/1762 537/726/537 538/667/538
f 569/617/569 1730/727/1730 1787/728/1787
f 1777/720/1777 540/677/540 1760/722/1760
f 570/729/570 1785/730/1785 567/613/567
f 1787/728/1787 505/740/505 506/731/506
f 565/600/565 1732/732/1732 1783/733/1783
f 1734/734/1734 508/735/508 1785/730/1785
f 569/617/569 1734/736/1734 570/609/570
f 1783/733/1783 509/737/509 510/738/510
f 567/613/567 1732/732/1732 568/606/568
f 1787/728/1787 507/739/507 1734/736/1734
f 566/601/566 1783/733/1783 1730/727/1730
f 1785/730/1785 509/737/509 1732/732/1732
f 571/879/571 1792/885/1792 1748/886/1748
f 1730/727/1730 510/738/510 505/740/505
f 575/887/575 1750/888/1750 572/877/572
f 1748/886/1748 527/849/527 528/854/528
f 576/880/576 1752/889/1752 573/883/573
f 1793/890/1793 526/847/526 1750/888/1750
f 576/880/576 1748/886/1748 1794/891/1794
f 1794/891/1794 524/850/524 1752/889/1752
f 574/878/574 1750/888/1750 1792/885/1792
f 1794/891/1794 528/854/528 523/844/523
f 573/883/573 1793/892/1793 575/874/575
f 1792/885/1792 526/847/526 527/849/527
f 907/893/907 2083/894/2083 2126/895/2126
f 1752/889/1752 525/852/525 1793/892/1793
f 587/896/587 1797/897/1797 1841/898/1841
f 1840/359/1840 625/899/625 628/900/628
f 584/901/584 1842/902/1842 585/903/585
f 1841/898/1841 626/904/626 629/905/629
f 588/906/588 1841/898/1841 1795/358/1795
f 1799/907/1799 630/908/630 1842/902/1842
f 585/909/585 1797/897/1797 586/910/586
f 1795/358/1795 629/905/629 625/899/625
f 583/357/583 1799/907/1799 584/901/584
f 1842/911/1842 626/904/626 1797/897/1797
f 594/912/594 1801/913/1801 1852/914/1852
f 1840/359/1840 627/915/627 1799/907/1799
f 591/916/591 1853/917/1853 592/918/592
f 1852/914/1852 637/919/637 640/920/640
f 589/921/589 1854/922/1854 590/923/590
f 1803/924/1803 641/925/641 1853/917/1853
f 589/921/589 1852/914/1852 1805/926/1805
f 1805/926/1805 642/927/642 1854/922/1854
f 593/928/593 1853/917/1853 1801/913/1801
f 1805/926/1805 640/920/640 639/929/639
f 590/923/590 1803/930/1803 591/931/591
f 1801/913/1801 641/925/641 637/919/637
f 595/230/595 1807/231/1807 1820/232/1820
f 1854/922/1854 638/932/638 1803/930/1803
f 598/233/598 1822/234/1822 599/235/599
f 1820/232/1820 607/236/607 608/237/608
f 596/238/596 1824/239/1824 597/240/597
f 1809/247/1809 610/242/610 1822/234/1822
f 599/235/599 1807/231/1807 600/243/600
f 1811/244/1811 612/245/612 1824/239/1824
f 598/233/598 1824/248/1824 1809/247/1809
f 1807/231/1807 610/242/610 607/236/607
f 596/238/596 1820/232/1820 1811/244/1811
f 1809/247/1809 612/265/612 609/241/609
f 605/249/605 1814/250/1814 606/251/606
f 1811/244/1811 608/237/608 611/252/611
f 603/253/603 1816/254/1816 604/255/604
f 1813/256/1813 600/243/600 1814/250/1814
f 602/257/602 1817/258/1817 1818/259/1818
f 1815/260/1815 598/233/598 1816/254/1816
f 601/261/601 1814/250/1814 1817/258/1817
f 1818/259/1818 595/230/595 596/238/596
f 604/255/604 1813/256/1813 605/249/605
f 1817/258/1817 600/243/600 595/230/595
f 603/262/603 1818/259/1818 1815/263/1815
f 1816/254/1816 599/235/599 1813/256/1813
f 608/237/608 1823/264/1823 611/252/611
f 1818/259/1818 597/240/597 1815/263/1815
f 612/265/612 1821/266/1821 609/241/609
f 1843/267/1843 636/268/636 1823/264/1823
f 1844/269/1844 607/236/607 610/242/610
f 1845/270/1845 635/271/635 1821/266/1821
f 611/252/611 1845/272/1845 612/245/612
f 1819/273/1819 632/274/632 634/275/634
f 609/241/609 1844/269/1844 610/242/610
f 1823/264/1823 633/276/633 1845/272/1845
f 1819/273/1819 608/237/608 607/236/607
f 1844/269/1844 635/271/635 632/274/632
f 618/933/618 1827/934/1827 615/935/615
f 1843/267/1843 634/275/634 631/279/631
f 613/936/613 1804/937/1804 1825/938/1825
f 1806/939/1806 585/903/585 1827/934/1827
f 617/940/617 1802/941/1802 1829/942/1829
f 1825/938/1825 586/910/586 587/896/587
f 617/940/617 1806/939/1806 618/933/618
f 1829/942/1829 588/906/588 583/357/583
f 615/943/615 1804/937/1804 616/944/616
f 1829/942/1829 584/901/584 1806/939/1806
f 614/945/614 1825/938/1825 1802/941/1802
f 1827/946/1827 586/910/586 1804/937/1804
f 623/947/623 1796/948/1796 1835/949/1835
f 1802/941/1802 587/896/587 588/906/588
f 624/950/624 1833/951/1833 621/952/621
f 1835/949/1835 577/953/577 578/954/578
f 622/955/622 1831/956/1831 619/957/619
f 1800/958/1800 580/959/580 1833/951/1833
f 624/960/624 1835/949/1835 1800/961/1800
f 1798/962/1798 582/963/582 1831/956/1831
f 621/952/621 1798/962/1798 622/955/622
f 1800/961/1800 578/954/578 579/964/579
f 620/965/620 1831/956/1831 1796/948/1796
f 1833/951/1833 581/966/581 1798/962/1798
f 628/900/628 1839/967/1839 627/915/627
f 1796/948/1796 582/963/582 577/953/577
f 626/904/626 1836/968/1836 1838/969/1838
f 1839/967/1839 620/965/620 623/947/623
f 625/899/625 1834/970/1834 1837/971/1837
f 1836/968/1836 621/952/621 1838/969/1838
f 627/915/627 1836/972/1836 630/908/630
f 1834/970/1834 619/957/619 1837/971/1837
f 629/905/629 1838/969/1838 1834/970/1834
f 1836/972/1836 623/947/623 624/960/624
f 628/900/628 1837/971/1837 1832/973/1832
f 1838/969/1838 622/955/622 1834/970/1834
f 631/279/631 1846/974/1846 1808/975/1808
f 1832/973/1832 619/957/619 620/965/620
f 632/274/632 1847/976/1847 1810/977/1810
f 1808/975/1808 594/912/594 589/921/589
f 636/268/636 1812/978/1812 633/276/633
f 1810/977/1810 592/918/592 593/928/593
f 634/275/634 1810/977/1810 1846/974/1846
f 1848/979/1848 591/931/591 1812/978/1812
f 633/320/633 1847/976/1847 635/271/635
f 1846/974/1846 593/928/593 594/912/594
f 631/279/631 1848/979/1848 636/268/636
f 1812/980/1812 592/918/592 1847/976/1847
f 642/927/642 1850/981/1850 638/932/638
f 1808/975/1808 590/923/590 1848/979/1848
f 637/919/637 1828/982/1828 1849/983/1849
f 1830/984/1830 615/935/615 1850/981/1850
f 640/920/640 1851/985/1851 639/929/639
f 1849/983/1849 616/944/616 613/936/613
f 639/929/639 1830/984/1830 642/927/642
f 1851/985/1851 614/945/614 617/940/617
f 638/986/638 1828/982/1828 641/925/641
f 1851/985/1851 618/933/618 1830/984/1830
f 640/920/640 1849/983/1849 1826/987/1826
f 1850/988/1850 616/944/616 1828/982/1828
f 650/989/650 1892/990/1892 1859/991/1859
f 1826/987/1826 613/936/613 614/945/614
f 654/992/654 1894/993/1894 1855/994/1855
f 1859/991/1859 686/995/686 689/996/689
f 651/997/651 1857/998/1857 652/999/652
f 1855/994/1855 688/1000/688 685/1001/685
f 649/1002/649 1855/994/1855 1892/990/1892
f 1896/1003/1896 687/1004/687 1857/998/1857
f 652/999/652 1894/993/1894 653/1005/653
f 1892/990/1892 685/1001/685 686/995/686
f 650/989/650 1896/1006/1896 651/1007/651
f 1857/998/1857 688/1000/688 1894/993/1894
f 659/1008/659 1886/1009/1886 660/1010/660
f 1859/991/1859 690/1011/690 1896/1006/1896
f 658/1012/658 1863/1013/1863 1888/1014/1888
f 1886/1009/1886 679/1015/679 680/1016/680
f 655/1017/655 1890/1018/1890 656/1019/656
f 1888/1014/1888 681/1020/681 682/1021/682
f 660/1010/660 1865/1022/1865 655/1017/655
f 1865/1022/1865 684/1023/684 1890/1018/1890
f 659/1008/659 1888/1014/1888 1861/1024/1861
f 1886/1009/1886 683/1025/683 1865/1022/1865
f 657/1026/657 1890/1018/1890 1863/1027/1863
f 1861/1024/1861 682/1021/682 679/1015/679
f 661/230/661 1867/231/1867 1880/232/1880
f 1863/1027/1863 684/1023/684 681/1028/681
f 664/233/664 1882/234/1882 665/235/665
f 1880/232/1880 673/236/673 674/237/674
f 662/238/662 1884/239/1884 663/240/663
f 1869/247/1869 676/242/676 1882/234/1882
f 665/235/665 1867/231/1867 666/243/666
f 1871/244/1871 678/245/678 1884/239/1884
f 664/233/664 1884/248/1884 1869/247/1869
f 1882/234/1882 673/236/673 1867/231/1867
f 662/238/662 1880/232/1880 1871/244/1871
f 1869/247/1869 678/265/678 675/241/675
f 671/249/671 1874/250/1874 672/251/672
f 1871/244/1871 674/237/674 677/252/677
f 669/253/669 1876/254/1876 670/255/670
f 1873/256/1873 666/243/666 1874/250/1874
f 668/257/668 1877/258/1877 1878/259/1878
f 1876/254/1876 663/246/663 664/233/664
f 667/261/667 1874/250/1874 1877/258/1877
f 1878/259/1878 661/230/661 662/238/662
f 670/255/670 1873/256/1873 671/249/671
f 1877/258/1877 666/243/666 661/230/661
f 669/262/669 1878/259/1878 1875/263/1875
f 1876/254/1876 665/235/665 1873/256/1873
f 1897/267/1897 677/252/677 674/237/674
f 1878/259/1878 663/240/663 1875/263/1875
f 1899/270/1899 675/241/675 678/265/678
f 1883/264/1883 691/279/691 696/268/696
f 676/242/676 1879/273/1879 673/236/673
f 1881/266/1881 693/320/693 695/271/695
f 677/252/677 1899/272/1899 678/245/678
f 1898/269/1898 694/275/694 1879/273/1879
f 675/241/675 1898/269/1898 676/242/676
f 1899/272/1899 696/268/696 693/276/693
f 1879/273/1879 674/237/674 673/236/673
f 1881/266/1881 692/274/692 1898/269/1898
f 684/1023/684 1887/1029/1887 681/1028/681
f 1879/273/1879 691/279/691 1897/267/1897
f 679/1015/679 1864/1030/1864 1885/1031/1885
f 1866/1032/1866 651/1007/651 1887/1029/1887
f 680/1016/680 1889/1033/1889 683/1025/683
f 1885/1031/1885 652/999/652 653/1005/653
f 683/1025/683 1866/1032/1866 684/1023/684
f 1862/1034/1862 649/1002/649 1889/1033/1889
f 682/1021/682 1887/1035/1887 1864/1030/1864
f 1889/1033/1889 650/989/650 1866/1032/1866
f 680/1016/680 1885/1031/1885 1862/1034/1862
f 1887/1035/1887 652/999/652 1864/1030/1864
f 690/1011/690 1895/1036/1895 1905/1037/1905
f 1862/1034/1862 653/1005/653 654/992/654
f 687/1004/687 1904/1038/1904 688/1000/688
f 1905/1037/1905 702/1039/702 699/1040/699
f 686/995/686 1891/1041/1891 1903/1042/1903
f 1893/1043/1893 698/1044/698 1904/1038/1904
f 690/1045/690 1893/1043/1893 687/1004/687
f 1903/1042/1903 700/1046/700 697/1047/697
f 688/1000/688 1891/1041/1891 685/1001/685
f 1905/1048/1905 701/1049/701 1893/1043/1893
f 689/996/689 1903/1042/1903 1895/1036/1895
f 1904/1038/1904 700/1046/700 1891/1041/1891
f 694/275/694 1868/1050/1868 691/279/691
f 1895/1036/1895 697/1047/697 702/1039/702
f 692/274/692 1901/1051/1901 1870/1052/1870
f 1900/1053/1900 655/1017/655 1868/1050/1868
f 693/276/693 1902/1054/1902 1872/1055/1872
f 1870/1052/1870 658/1012/658 659/1008/659
f 692/274/692 1900/1053/1900 694/275/694
f 1872/1055/1872 656/1019/656 657/1026/657
f 695/271/695 1872/1056/1872 1901/1051/1901
f 1870/1052/1870 660/1010/660 1900/1053/1900
f 691/279/691 1902/1054/1902 696/268/696
f 1901/1051/1901 657/1057/657 658/1012/658
f 702/1039/702 1856/1058/1856 1908/1059/1908
f 1868/1050/1868 656/1019/656 1902/1054/1902
f 698/1044/698 1906/1060/1906 700/1046/700
f 1908/1059/1908 643/282/643 644/283/644
f 699/1061/699 1907/1062/1907 701/1049/701
f 1858/1063/1858 648/289/648 1906/1060/1906
f 697/1047/697 1906/1060/1906 1856/1058/1856
f 1860/1064/1860 646/286/646 1907/1062/1907
f 701/1049/701 1858/1063/1858 698/1044/698
f 1856/1058/1856 648/289/648 643/282/643
f 699/1040/699 1908/1059/1908 1860/1065/1860
f 1907/1062/1907 647/291/647 1858/1063/1858
f 749/182/749 1984/183/1984 750/184/750
f 1860/1065/1860 644/283/644 645/290/645
f 709/1066/709 1911/1067/1911 712/1068/712
f 1910/843/1910 710/1069/710 709/1066/709
f 710/1069/710 1942/1070/1942 1913/1071/1913
f 1944/1072/1944 740/1073/740 1911/1067/1911
f 713/1074/713 1909/1075/1909 1942/1070/1942
f 1913/1071/1913 742/1076/742 741/1077/741
f 711/1078/711 1909/1075/1909 714/1079/714
f 1942/1070/1942 739/1080/739 742/1076/742
f 709/1066/709 1913/1071/1913 1944/1072/1944
f 1909/1075/1909 743/1081/743 739/1080/739
f 715/1082/715 1912/1083/1912 1919/842/1919
f 1913/1071/1913 744/1084/744 1944/1072/1944
f 718/1085/718 1915/1086/1915 719/1087/719
f 1919/842/1919 713/1074/713 710/1069/710
f 716/841/716 1917/1088/1917 717/1089/717
f 1914/1090/1914 714/1079/714 1915/1086/1915
f 712/1091/712 1943/1092/1943 711/1078/711
f 1910/843/1910 712/1068/712 1917/1088/1917
f 720/1093/720 1915/1086/1915 1912/1083/1912
f 1911/1094/1911 743/1081/743 1943/1092/1943
f 717/1095/717 1914/1090/1914 718/1085/718
f 1912/1083/1912 714/1079/714 713/1074/713
f 721/59/721 1921/1096/1921 1934/1097/1934
f 1917/1098/1917 711/1078/711 1914/1090/1914
f 724/63/724 1936/427/1936 725/65/725
f 1934/1097/1934 733/1099/733 734/1100/734
f 722/67/722 1938/804/1938 723/69/723
f 1923/1101/1923 736/807/736 1936/427/1936
f 725/65/725 1921/1096/1921 726/72/726
f 1925/1102/1925 738/810/738 1938/804/1938
f 724/63/724 1938/439/1938 1923/1101/1923
f 1936/427/1936 733/1099/733 1921/1096/1921
f 722/67/722 1934/1097/1934 1925/1102/1925
f 1923/1101/1923 738/441/738 735/1103/735
f 731/80/731 1928/81/1928 732/82/732
f 1925/1102/1925 734/1100/734 737/1104/737
f 729/83/729 1930/84/1930 730/85/730
f 1927/86/1927 726/72/726 1928/81/1928
f 728/87/728 1931/88/1931 1932/89/1932
f 1930/84/1930 723/90/723 724/63/724
f 727/91/727 1928/81/1928 1931/88/1931
f 1932/89/1932 721/59/721 722/67/722
f 730/85/730 1927/86/1927 731/80/731
f 1931/88/1931 726/72/726 721/59/721
f 729/92/729 1932/89/1932 1929/93/1929
f 1930/84/1930 725/65/725 1927/86/1927
f 1922/1105/1922 737/1104/737 734/1100/734
f 1932/89/1932 723/69/723 1929/93/1929
f 1926/1106/1926 735/1103/735 738/441/738
f 1937/1107/1937 715/1082/715 716/841/716
f 736/807/736 1933/1108/1933 733/1099/733
f 1926/1106/1926 718/1085/718 1935/1109/1935
f 737/1104/737 1926/1110/1926 738/810/738
f 1924/1111/1924 720/1093/720 1933/1108/1933
f 735/1103/735 1924/1111/1924 736/807/736
f 1937/1107/1937 717/1089/717 1926/1110/1926
f 1933/1108/1933 734/1100/734 733/1099/733
f 1935/1109/1935 719/1087/719 1924/1111/1924
f 740/1112/740 1918/1113/1918 743/1081/743
f 1922/1105/1922 720/1093/720 715/1082/715
f 741/1077/741 1920/1114/1920 744/1084/744
f 1918/1113/1918 705/1115/705 706/1116/706
f 739/1080/739 1918/1113/1918 1939/1117/1939
f 1941/1118/1941 704/467/704 1920/1114/1920
f 742/1076/742 1939/1117/1939 1916/1119/1916
f 1939/1117/1939 706/1116/706 707/475/707
f 741/1077/741 1916/1119/1916 1941/1118/1941
f 1916/1119/1916 707/475/707 708/473/708
f 744/1084/744 1940/1120/1940 740/1073/740
f 1916/1119/1916 703/466/703 1941/1118/1941
f 1171/1121/1171 2353/1122/2353 1172/1123/1172
f 1920/1114/1920 705/474/705 1940/1120/1940
f 748/185/748 1946/186/1946 1985/187/1985
f 1945/188/1945 790/189/790 1984/183/1984
f 746/190/746 1947/191/1947 1986/192/1986
f 1985/187/1985 788/193/788 791/194/791
f 750/184/750 1947/191/1947 745/195/745
f 1947/191/1947 792/197/792 1986/192/1986
f 748/185/748 1945/188/1945 749/182/749
f 1984/183/1984 789/196/789 1947/191/1947
f 747/198/747 1986/192/1986 1946/199/1946
f 1985/187/1985 787/200/787 1945/188/1945
f 756/201/756 1949/202/1949 751/203/751
f 1946/199/1946 792/197/792 788/204/788
f 754/205/754 1951/206/1951 755/207/755
f 1948/208/1948 745/195/745 1949/202/1949
f 753/209/753 1952/210/1952 1953/211/1953
f 1950/212/1950 749/182/749 1951/206/1951
f 755/207/755 1948/208/1948 756/201/756
f 1953/211/1953 746/190/746 747/198/747
f 754/205/754 1953/213/1953 1950/212/1950
f 1951/206/1951 750/184/750 1948/208/1948
f 752/214/752 1949/202/1949 1952/210/1952
f 1950/212/1950 747/215/747 748/185/748
f 761/1124/761 1955/1125/1955 762/1126/762
f 1952/210/1952 745/195/745 746/190/746
f 760/1127/760 1956/1128/1956 1957/1129/1957
f 1954/1130/1954 756/201/756 1955/1125/1955
f 758/1131/758 1958/1132/1958 1959/1133/1959
f 1957/1129/1957 753/225/753 754/205/754
f 762/1126/762 1958/1132/1958 757/1134/757
f 1959/1133/1959 751/203/751 752/214/752
f 760/1127/760 1954/1130/1954 761/1124/761
f 1955/1125/1955 751/203/751 1958/1132/1958
f 759/1135/759 1959/1133/1959 1956/1136/1956
f 1957/1129/1957 755/207/755 1954/1130/1954
f 763/230/763 1960/1137/1960 1973/1138/1973
f 1956/1136/1956 752/214/752 753/209/753
f 766/233/766 1975/1139/1975 767/235/767
f 1973/1138/1973 775/1140/775 776/1141/776
f 764/238/764 1977/1142/1977 765/240/765
f 1962/1143/1962 778/1144/778 1975/1139/1975
f 767/235/767 1960/1137/1960 768/243/768
f 1964/1145/1964 780/1146/780 1977/1142/1977
f 766/233/766 1977/1147/1977 1962/1143/1962
f 1975/1139/1975 775/1140/775 1960/1137/1960
f 764/238/764 1973/1138/1973 1964/1145/1964
f 1962/1143/1962 780/1148/780 777/1149/777
f 773/249/773 1967/250/1967 774/251/774
f 1964/1145/1964 776/1141/776 779/1150/779
f 771/253/771 1969/254/1969 772/255/772
f 1966/256/1966 768/243/768 1967/250/1967
f 770/257/770 1970/258/1970 1971/259/1971
f 1969/254/1969 765/246/765 766/233/766
f 769/261/769 1967/250/1967 1970/258/1970
f 1971/259/1971 763/230/763 764/238/764
f 772/255/772 1966/256/1966 773/249/773
f 1970/258/1970 768/243/768 763/230/763
f 771/262/771 1971/259/1971 1968/263/1968
f 1969/254/1969 767/235/767 1966/256/1966
f 1961/1151/1961 779/1150/779 776/1141/776
f 1971/259/1971 765/240/765 1968/263/1968
f 1965/1152/1965 777/1149/777 780/1148/780
f 1976/1153/1976 757/1134/757 758/1131/758
f 778/1144/778 1972/1154/1972 775/1140/775
f 1974/1155/1974 759/1156/759 760/1127/760
f 779/1150/779 1965/1157/1965 780/1146/780
f 1963/1158/1963 762/1126/762 1972/1154/1972
f 777/1149/777 1963/1158/1963 778/1144/778
f 1976/1153/1976 759/1135/759 1965/1157/1965
f 1972/1154/1972 776/1141/776 775/1140/775
f 1974/1155/1974 761/1124/761 1963/1158/1963
f 788/204/788 1980/1159/1980 1982/1160/1982
f 1961/1151/1961 762/1126/762 757/1134/757
f 791/194/791 1981/1161/1981 787/200/787
f 1982/1160/1982 786/1162/786 783/343/783
f 790/189/790 1983/1163/1983 789/196/789
f 1981/1161/1981 784/1164/784 781/1165/781
f 789/196/789 1980/1159/1980 792/197/792
f 1978/1166/1978 785/338/785 1983/1163/1983
f 791/194/791 1982/1167/1982 1979/1168/1979
f 1983/1163/1983 786/1162/786 1980/1159/1980
f 787/200/787 1978/1166/1978 790/189/790
f 1979/1168/1979 783/1169/783 784/1164/784
f 1104/992/1104 2290/1170/2290 2257/1171/2257
f 1981/1161/1981 782/1172/782 1978/1166/1978
f 803/479/803 1989/480/1989 1990/481/1990
f 1987/482/1987 793/483/793 1988/484/1988
f 801/487/801 1991/491/1991 1992/486/1992
f 1990/481/1990 796/488/796 797/489/797
f 803/479/803 1987/482/1987 804/490/804
f 1991/491/1991 795/492/795 1992/486/1992
f 801/493/801 1989/480/1989 802/494/802
f 1987/482/1987 797/489/797 798/495/798
f 800/485/800 1988/484/1988 1991/491/1991
f 1989/480/1989 795/497/795 796/488/796
f 809/498/809 1994/499/1994 810/500/810
f 1988/484/1988 794/501/794 1991/491/1991
f 807/502/807 1996/503/1996 808/504/808
f 1993/505/1993 804/490/804 1994/499/1994
f 806/506/806 1997/507/1997 1998/508/1998
f 1995/509/1995 802/494/802 1996/503/1996
f 805/510/805 1994/499/1994 1997/507/1997
f 1998/508/1998 799/496/799 800/485/800
f 808/504/808 1993/505/1993 809/498/809
f 1997/507/1997 804/490/804 799/496/799
f 807/511/807 1998/508/1998 1995/512/1995
f 1996/503/1996 803/479/803 1993/505/1993
f 811/513/811 1999/514/1999 2000/515/2000
f 1995/512/1995 800/485/800 801/487/801
f 814/516/814 2002/517/2002 815/518/815
f 2000/515/2000 810/500/810 805/510/805
f 813/519/813 2003/520/2003 2004/521/2004
f 2001/522/2001 809/498/809 2002/517/2002
f 815/518/815 1999/514/1999 816/523/816
f 2004/521/2004 806/506/806 807/511/807
f 813/524/813 2001/522/2001 814/516/814
f 2002/517/2002 810/500/810 1999/514/1999
f 812/525/812 2000/515/2000 2003/520/2003
f 2004/526/2004 808/504/808 2001/522/2001
f 821/527/821 2030/528/2030 822/529/822
f 2003/520/2003 805/510/805 806/506/806
f 819/530/819 2032/531/2032 820/532/820
f 2005/533/2005 842/534/842 2030/528/2030
f 818/535/818 2009/536/2009 2034/537/2034
f 2007/538/2007 844/539/844 2032/531/2032
f 817/540/817 2030/528/2030 2009/536/2009
f 2034/537/2034 845/541/845 846/542/846
f 820/532/820 2005/533/2005 821/527/821
f 2009/536/2009 842/534/842 845/541/845
f 819/543/819 2034/537/2034 2007/544/2007
f 2032/531/2032 841/545/841 2005/533/2005
f 823/546/823 2011/547/2011 2024/548/2024
f 2007/544/2007 846/542/846 843/549/843
f 826/550/826 2026/551/2026 827/552/827
f 2024/548/2024 835/553/835 836/554/836
f 824/555/824 2028/556/2028 825/557/825
f 2013/558/2013 838/559/838 2026/551/2026
f 827/552/827 2011/547/2011 828/560/828
f 2028/556/2028 839/569/839 840/562/840
f 826/550/826 2028/563/2028 2013/558/2013
f 2026/551/2026 835/553/835 2011/547/2011
f 824/555/824 2024/548/2024 2015/561/2015
f 2013/558/2013 840/564/840 837/565/837
f 833/566/833 2018/567/2018 834/568/834
f 2015/561/2015 836/554/836 839/569/839
f 831/570/831 2020/571/2020 832/572/832
f 2017/573/2017 828/560/828 2018/567/2018
f 830/574/830 2021/575/2021 2022/576/2022
f 2020/571/2020 825/577/825 826/550/826
f 829/578/829 2018/567/2018 2021/575/2021
f 2022/576/2022 823/546/823 824/555/824
f 832/572/832 2017/573/2017 833/566/833
f 2021/575/2021 828/560/828 823/546/823
f 831/579/831 2022/576/2022 2019/580/2019
f 2020/571/2020 827/552/827 2017/573/2017
f 2012/581/2012 839/569/839 836/554/836
f 2019/580/2019 824/555/824 825/557/825
f 2016/582/2016 837/565/837 840/564/840
f 2027/583/2027 817/540/817 818/535/818
f 838/559/838 2023/584/2023 835/553/835
f 2025/585/2025 819/530/819 820/532/820
f 2027/583/2027 840/562/840 839/569/839
f 2014/587/2014 822/529/822 2023/584/2023
f 837/565/837 2014/587/2014 838/559/838
f 2016/586/2016 818/535/818 819/543/819
f 2023/584/2023 836/554/836 835/553/835
f 2025/585/2025 821/527/821 2014/587/2014
f 843/549/843 2010/588/2010 2031/589/2031
f 2012/581/2012 822/529/822 817/540/817
f 844/539/844 2029/590/2029 841/545/841
f 2031/589/2031 812/525/812 813/519/813
f 845/541/845 2006/591/2006 2033/592/2033
f 2008/593/2008 815/518/815 2029/590/2029
f 846/542/846 2033/592/2033 2010/588/2010
f 2033/592/2033 816/523/816 811/513/811
f 843/594/843 2008/593/2008 844/539/844
f 2010/588/2010 811/513/811 812/525/812
f 841/545/841 2006/591/2006 842/534/842
f 2031/595/2031 814/516/814 2008/593/2008
f 857/1173/857 2074/1174/2074 858/1175/858
f 2029/590/2029 816/523/816 2006/591/2006
f 856/1176/856 2037/1177/2037 2075/1178/2075
f 2035/1179/2035 892/1180/892 2074/1174/2074
f 854/1181/854 2039/1182/2039 2076/1183/2076
f 2075/1178/2075 890/1184/890 893/1185/893
f 858/1175/858 2039/1182/2039 853/1186/853
f 2076/1183/2076 891/1187/891 894/1188/894
f 856/1176/856 2035/1179/2035 857/1173/857
f 2039/1182/2039 892/1180/892 891/1187/891
f 855/1189/855 2076/1183/2076 2037/1190/2037
f 2075/1178/2075 889/1191/889 2035/1179/2035
f 859/546/859 2041/1192/2041 2054/1193/2054
f 2037/1190/2037 894/1188/894 890/1194/890
f 862/550/862 2056/1195/2056 863/552/863
f 2054/1193/2054 871/1196/871 872/1197/872
f 860/555/860 2058/1198/2058 861/557/861
f 2043/1199/2043 874/1200/874 2056/1195/2056
f 863/552/863 2041/1192/2041 864/560/864
f 2045/1201/2045 876/1202/876 2058/1198/2058
f 862/550/862 2058/1203/2058 2043/1199/2043
f 2056/1195/2056 871/1196/871 2041/1192/2041
f 860/555/860 2054/1193/2054 2045/1201/2045
f 2043/1199/2043 876/1204/876 873/1205/873
f 869/566/869 2048/567/2048 870/568/870
f 2045/1201/2045 872/1197/872 875/1206/875
f 867/570/867 2050/571/2050 868/572/868
f 2047/573/2047 864/560/864 2048/567/2048
f 866/574/866 2051/575/2051 2052/576/2052
f 2050/571/2050 861/577/861 862/550/862
f 865/578/865 2048/567/2048 2051/575/2051
f 2052/576/2052 859/546/859 860/555/860
f 868/572/868 2047/573/2047 869/566/869
f 2051/575/2051 864/560/864 859/546/859
f 867/579/867 2052/576/2052 2049/580/2049
f 2050/571/2050 863/552/863 2047/573/2047
f 2077/1207/2077 875/1206/875 872/1197/872
f 2052/576/2052 861/557/861 2049/580/2049
f 2079/1208/2079 873/1205/873 876/1204/876
f 2057/1209/2057 895/1210/895 900/1211/900
f 874/1200/874 2053/1212/2053 871/1196/871
f 2055/1213/2055 897/1214/897 899/1215/899
f 875/1206/875 2079/1216/2079 876/1202/876
f 2078/1217/2078 898/1218/898 2053/1212/2053
f 873/1205/873 2078/1217/2078 874/1200/874
f 2079/1216/2079 900/1211/900 897/1219/897
f 2053/1212/2053 872/1197/872 871/1196/871
f 2055/1213/2055 896/1220/896 2078/1217/2078
f 882/1221/882 2061/1222/2061 879/549/879
f 2053/1212/2053 895/1210/895 2077/1207/2077
f 880/1223/880 2059/1224/2059 877/1225/877
f 2067/1226/2067 887/1227/887 2061/1222/2061
f 881/1228/881 2065/1229/2065 2063/1230/2063
f 2066/1231/2066 886/1232/886 2059/1224/2059
f 882/1221/882 2063/1230/2063 2067/1226/2067
f 2063/1230/2063 883/1233/883 888/1234/888
f 879/594/879 2066/1231/2066 880/1223/880
f 2067/1226/2067 888/1234/888 885/1235/885
f 878/1236/878 2059/1224/2059 2065/1229/2065
f 2061/1237/2061 884/1238/884 2066/1231/2066
f 883/1233/883 2068/1239/2068 2036/1240/2036
f 2065/1229/2065 886/1232/886 883/1233/883
f 887/1241/887 2038/1242/2038 884/1238/884
f 2422/1243/2422 852/1244/852 2419/1245/2419
f 885/1235/885 2070/1246/2070 2040/1247/2040
f 2420/1248/2420 849/1249/849 850/1250/850
f 888/1234/888 2036/1240/2036 2070/1246/2070
f 2424/1251/2424 848/1252/848 2421/1253/2421
f 884/1238/884 2068/1239/2068 886/1232/886
f 2419/1245/2419 847/1254/847 2424/1251/2424
f 885/1235/885 2069/1255/2069 887/1227/887
f 2422/1243/2422 850/1250/850 851/1256/851
f 894/1188/894 2072/1257/2072 890/1194/890
f 2423/1258/2423 848/1252/848 849/1259/849
f 893/1185/893 2071/1260/2071 889/1191/889
f 2064/1261/2064 879/549/879 2072/1257/2072
f 891/1187/891 2060/1262/2060 2073/1263/2073
f 2062/1264/2062 877/1225/877 2071/1260/2071
f 894/1188/894 2073/1263/2073 2064/1261/2064
f 2073/1263/2073 878/1236/878 881/1228/881
f 890/1184/890 2062/1264/2062 893/1185/893
f 2064/1261/2064 881/1228/881 882/1221/882
f 892/1180/892 2071/1260/2071 2060/1262/2060
f 2072/1265/2072 880/1223/880 2062/1264/2062
f 898/1218/898 2042/1266/2042 895/1210/895
f 2060/1262/2060 877/1225/877 878/1236/878
f 899/1215/899 2044/1267/2044 896/1220/896
f 2080/1268/2080 853/1186/853 2042/1266/2042
f 897/1219/897 2082/1269/2082 2046/1270/2046
f 2081/1271/2081 857/1173/857 2044/1267/2044
f 896/1220/896 2080/1268/2080 898/1218/898
f 2046/1270/2046 854/1181/854 855/1189/855
f 899/1215/899 2046/1272/2046 2081/1271/2081
f 2044/1267/2044 858/1175/858 2080/1268/2080
f 900/1211/900 2042/1266/2042 2082/1269/2082
f 2081/1271/2081 855/1273/855 856/1176/856
f 1043/1173/1043 2242/1174/2242 1044/1175/1044
f 2082/1269/2082 853/1186/853 854/1181/854
f 910/1274/910 2128/1275/2128 911/1276/911
f 2126/895/2126 949/1277/949 950/1278/950
f 909/1279/909 2087/1280/2087 2130/1281/2130
f 2085/1282/2085 952/1283/952 2128/1275/2128
f 911/1276/911 2083/894/2083 912/1284/912
f 2087/1280/2087 954/1285/954 2130/1281/2130
f 909/1286/909 2085/1282/2085 910/1274/910
f 2128/1275/2128 949/1277/949 2083/894/2083
f 908/1287/908 2126/895/2126 2087/1280/2087
f 2130/1288/2130 951/1289/951 2085/1282/2085
f 918/1290/918 2089/1291/2089 2132/1292/2132
f 2087/1280/2087 950/1278/950 953/1293/953
f 915/1294/915 2134/1295/2134 916/1296/916
f 2132/1292/2132 955/1297/955 956/1298/956
f 914/1299/914 2093/1300/2093 2136/1301/2136
f 2091/1302/2091 958/1303/958 2134/1295/2134
f 913/1304/913 2132/1292/2132 2093/1300/2093
f 2136/1301/2136 959/1305/959 960/1306/960
f 916/1296/916 2089/1291/2089 917/1307/917
f 2093/1300/2093 956/1298/956 959/1305/959
f 914/1299/914 2091/1308/2091 915/1309/915
f 2134/1295/2134 955/1297/955 2089/1291/2089
f 921/1310/921 2142/1311/2142 2115/1312/2115
f 2136/1301/2136 957/1313/957 2091/1308/2091
f 923/1314/923 2138/1315/2138 924/1316/924
f 2115/1312/2115 966/1317/966 963/1318/963
f 921/1319/921 2140/1320/2140 922/1321/922
f 2113/1322/2113 962/1323/962 2138/1315/2138
f 920/1324/920 2117/1325/2117 2142/1311/2142
f 2140/1320/2140 963/1326/963 964/1327/964
f 919/1328/919 2138/1315/2138 2117/1325/2117
f 2142/1311/2142 965/1329/965 966/1317/966
f 922/1321/922 2113/1322/2113 923/1314/923
f 2117/1325/2117 962/1323/962 965/1329/965
f 925/663/925 2095/664/2095 2108/665/2108
f 2140/1320/2140 961/1330/961 2113/1322/2113
f 928/667/928 2110/668/2110 929/669/929
f 2108/665/2108 937/670/937 938/671/938
f 926/672/926 2112/673/2112 927/674/927
f 2097/675/2097 940/676/940 2110/668/2110
f 929/669/929 2095/664/2095 930/677/930
f 2099/678/2099 942/679/942 2112/673/2112
f 928/667/928 2112/680/2112 2097/675/2097
f 2110/668/2110 937/670/937 2095/664/2095
f 926/672/926 2108/665/2108 2099/678/2099
f 2097/675/2097 942/681/942 939/682/939
f 935/683/935 2120/684/2120 936/685/936
f 2099/678/2099 938/671/938 941/686/941
f 933/687/933 2122/688/2122 934/689/934
f 2101/690/2101 944/691/944 2120/684/2120
f 932/692/932 2105/693/2105 2124/694/2124
f 2103/695/2103 946/696/946 2122/688/2122
f 931/697/931 2120/684/2120 2105/693/2105
f 2124/694/2124 947/698/947 948/699/948
f 934/689/934 2101/690/2101 935/683/935
f 2105/693/2105 944/691/944 947/698/947
f 933/700/933 2124/694/2124 2103/701/2103
f 2122/688/2122 943/702/943 2101/690/2101
f 2096/1331/2096 941/686/941 938/671/938
f 2103/701/2103 948/699/948 945/704/945
f 2100/1332/2100 939/682/939 942/681/942
f 2111/1333/2111 919/1328/919 920/1324/920
f 940/676/940 2107/1334/2107 937/670/937
f 2100/1332/2100 922/1321/922 2109/1335/2109
f 941/686/941 2100/1336/2100 942/679/942
f 2098/1337/2098 924/1316/924 2107/1334/2107
f 939/682/939 2098/1337/2098 940/676/940
f 2111/1333/2111 921/1310/921 2100/1336/2100
f 2107/1334/2107 938/671/938 937/670/937
f 2109/1335/2109 923/1314/923 2098/1337/2098
f 948/699/948 2121/719/2121 945/704/945
f 2096/1331/2096 924/1316/924 919/1328/919
f 946/696/946 2119/720/2119 943/702/943
f 2106/721/2106 927/674/927 2121/719/2121
f 947/698/947 2102/722/2102 2123/723/2123
f 2104/724/2104 929/669/929 2119/720/2119
f 948/699/948 2123/723/2123 2106/721/2106
f 2123/723/2123 930/677/930 925/663/925
f 945/725/945 2104/724/2104 946/696/946
f 2106/721/2106 925/663/925 926/672/926
f 943/702/943 2102/722/2102 944/691/944
f 2104/724/2104 927/726/927 928/667/928
f 953/1293/953 2084/1338/2084 2129/1339/2129
f 2119/720/2119 930/677/930 2102/722/2102
f 954/1340/954 2127/1341/2127 951/1289/951
f 2084/1338/2084 902/731/902 2129/1339/2129
f 949/1277/949 2086/1342/2086 2125/1343/2125
f 2127/1341/2127 903/1344/903 904/735/904
f 953/1293/953 2088/1345/2088 954/1285/954
f 2125/1343/2125 905/737/905 906/738/906
f 952/1283/952 2127/1341/2127 2086/1342/2086
f 2129/1339/2129 903/739/903 2088/1345/2088
f 949/1277/949 2084/1338/2084 950/1278/950
f 2086/1342/2086 904/735/904 905/737/905
f 957/1313/957 2094/1346/2094 2133/1347/2133
f 2125/1343/2125 901/740/901 2084/1338/2084
f 958/1303/958 2131/1348/2131 955/1297/955
f 2133/1347/2133 908/1287/908 909/1279/909
f 959/1305/959 2090/1349/2090 2135/1350/2135
f 2092/1351/2092 911/1276/911 2131/1348/2131
f 960/1306/960 2135/1350/2135 2094/1346/2094
f 2135/1350/2135 912/1284/912 907/893/907
f 957/1352/957 2092/1351/2092 958/1303/958
f 2094/1346/2094 907/893/907 908/1287/908
f 955/1297/955 2090/1349/2090 956/1298/956
f 2133/1353/2133 910/1274/910 2092/1351/2092
f 964/1327/964 2137/1354/2137 961/1330/961
f 2131/1348/2131 912/1284/912 2090/1349/2090
f 962/1323/962 2141/1355/2141 965/1329/965
f 2116/1356/2116 917/1307/917 2137/1354/2137
f 965/1329/965 2118/1357/2118 966/1317/966
f 2141/1355/2141 918/1290/918 913/1304/913
f 964/1327/964 2139/1358/2139 2116/1356/2116
f 2141/1355/2141 914/1299/914 2118/1357/2118
f 961/1330/961 2114/1359/2114 962/1323/962
f 2139/1358/2139 916/1296/916 2116/1356/2116
f 963/1318/963 2118/1357/2118 2139/1360/2139
f 2114/1359/2114 917/1307/917 918/1290/918
f 973/1361/973 2143/1362/2143 2198/1363/2198
f 2118/1357/2118 915/1309/915 2139/1360/2139
f 976/1364/976 2200/1365/2200 977/1366/977
f 2198/1363/2198 1027/1367/1027 1028/1368/1028
f 975/1369/975 2147/1370/2147 2202/1371/2202
f 2145/1372/2145 1030/1373/1030 2200/1365/2200
f 977/1366/977 2143/1362/2143 978/1374/978
f 2202/1371/2202 1031/1375/1031 1032/1376/1032
f 975/1377/975 2145/1372/2145 976/1364/976
f 2200/1365/2200 1027/1367/1027 2143/1362/2143
f 974/1378/974 2198/1363/2198 2147/1370/2147
f 2202/1379/2202 1029/1380/1029 2145/1372/2145
f 983/1381/983 2150/1382/2150 984/1383/984
f 2147/1370/2147 1028/1368/1028 1031/1375/1031
f 982/1384/982 2151/1385/2151 2152/1386/2152
f 2149/1387/2149 978/1374/978 2150/1382/2150
f 980/1388/980 2153/1389/2153 2154/1390/2154
f 2151/1385/2151 976/1364/976 2152/1386/2152
f 984/1383/984 2153/1389/2153 979/1391/979
f 2154/1390/2154 973/1361/973 974/1378/974
f 982/1384/982 2149/1387/2149 983/1381/983
f 2153/1389/2153 978/1374/978 973/1361/973
f 981/1392/981 2154/1390/2154 2151/1393/2151
f 2152/1386/2152 977/1366/977 2149/1387/2149
f 985/1394/985 2155/1395/2155 2156/1396/2156
f 2151/1393/2151 974/1378/974 975/1369/975
f 989/1397/989 2157/1398/2157 2158/1399/2158
f 2155/1395/2155 979/1391/979 2156/1396/2156
f 986/1400/986 2160/1401/2160 987/1402/987
f 2157/1398/2157 983/1381/983 2158/1399/2158
f 990/1403/990 2158/1399/2158 2155/1395/2155
f 2160/1401/2160 980/1388/980 981/1392/981
f 987/1404/987 2157/1398/2157 988/1405/988
f 2158/1399/2158 984/1383/984 2155/1395/2155
f 985/1394/985 2159/1406/2159 986/1400/986
f 2157/1398/2157 981/1407/981 982/1384/982
f 996/1408/996 2161/1409/2161 2186/1410/2186
f 2159/1406/2159 979/1391/979 980/1388/980
f 993/647/993 2188/1411/2188 994/649/994
f 2186/1410/2186 1015/1412/1015 1016/1413/1016
f 991/657/991 2190/1414/2190 992/1415/992
f 2163/1416/2163 1018/1417/1018 2188/1411/2188
f 991/657/991 2186/1410/2186 2165/1418/2165
f 2165/1418/2165 1020/1419/1020 2190/1414/2190
f 995/660/995 2188/1411/2188 2161/1409/2161
f 2165/1418/2165 1016/1413/1016 1019/1420/1019
f 992/1415/992 2163/1421/2163 993/1422/993
f 2161/1409/2161 1018/1417/1018 1015/1412/1015
f 1002/677/1002 2180/665/2180 997/1423/997
f 2190/1414/2190 1017/1424/1017 2163/1421/2163
f 1001/1425/1001 2169/1426/2169 2182/668/2182
f 2167/1427/2167 1010/1428/1010 2180/665/2180
f 998/672/998 2184/1429/2184 999/1430/999
f 2182/668/2182 1011/682/1011 1012/676/1012
f 1001/1425/1001 2167/1427/2167 1002/677/1002
f 2171/1431/2171 1014/679/1014 2184/1429/2184
f 1000/1432/1000 2184/1433/2184 2169/1426/2169
f 2167/1427/2167 1012/676/1012 1009/1434/1009
f 997/1423/997 2171/1431/2171 998/672/998
f 2169/1426/2169 1014/1435/1014 1011/682/1011
f 1007/683/1007 2192/1436/2192 1008/1437/1008
f 2180/665/2180 1013/686/1013 2171/1431/2171
f 1005/687/1005 2194/1438/2194 1006/1439/1006
f 2173/1440/2173 1022/691/1022 2192/1436/2192
f 1004/1441/1004 2177/1442/2177 2196/1443/2196
f 2175/695/2175 1024/1444/1024 2194/1438/2194
f 1003/1445/1003 2192/1436/2192 2177/1442/2177
f 2196/1443/2196 1025/698/1025 1026/1446/1026
f 1006/1439/1006 2173/1440/2173 1007/683/1007
f 2177/1442/2177 1022/691/1022 1025/698/1025
f 1005/1447/1005 2196/1443/2196 2175/1448/2175
f 2194/1438/2194 1021/1449/1021 2173/1440/2173
f 1010/1428/1010 2183/706/2183 1013/686/1013
f 2175/1448/2175 1026/1446/1026 1023/704/1023
f 1014/1435/1014 2181/708/2181 1011/682/1011
f 2168/1450/2168 992/1415/992 2183/706/2183
f 2170/1451/2170 1009/1434/1009 1012/676/1012
f 2172/1452/2172 994/649/994 2181/708/2181
f 1013/686/1013 2172/709/2172 1014/679/1014
f 2179/707/2179 995/660/995 996/1408/996
f 2181/708/2181 1012/676/1012 1011/682/1011
f 2183/706/2183 993/1422/993 2172/709/2172
f 1009/1434/1009 2168/1450/2168 1010/1428/1010
f 2170/1451/2170 994/649/994 995/660/995
f 1020/1419/1020 2187/1453/2187 1017/1424/1017
f 2168/1450/2168 996/1408/996 991/657/991
f 1015/1412/1015 2164/1454/2164 2185/1455/2185
f 2166/1456/2166 987/1402/987 2187/1453/2187
f 1019/1420/1019 2162/1457/2162 2189/1458/2189
f 2185/1455/2185 988/1405/988 989/1397/989
f 1019/1420/1019 2166/1456/2166 1020/1419/1020
f 2189/1458/2189 990/1403/990 985/1394/985
f 1017/1459/1017 2164/1454/2164 1018/1417/1018
f 2189/1458/2189 986/1400/986 2166/1456/2166
f 1016/1413/1016 2185/1455/2185 2162/1457/2162
f 2187/1460/2187 988/1405/988 2164/1454/2164
f 1023/704/1023 2178/721/2178 2193/719/2193
f 2162/1457/2162 989/1397/989 990/1403/990
f 1024/1444/1024 2191/1461/2191 1021/1449/1021
f 2178/721/2178 999/1430/999 2193/719/2193
f 1025/698/1025 2174/722/2174 2195/1462/2195
f 2176/1463/2176 1001/1425/1001 2191/1461/2191
f 1026/1446/1026 2195/1462/2195 2178/721/2178
f 2195/1462/2195 1002/677/1002 997/1423/997
f 1023/1464/1023 2176/1463/2176 1024/1444/1024
f 2178/721/2178 997/1423/997 998/672/998
f 1021/1449/1021 2174/722/2174 1022/691/1022
f 2176/1463/2176 999/1465/999 1000/1432/1000
f 1031/1375/1031 2144/1466/2144 2201/1467/2201
f 2191/1461/2191 1002/677/1002 2174/722/2174
f 1032/1468/1032 2199/1469/2199 1029/1380/1029
f 2201/1467/2201 967/1470/967 968/1471/968
f 1030/1373/1030 2197/1472/2197 1027/1367/1027
f 2148/1473/2148 970/735/970 2199/1469/2199
f 1032/1376/1032 2201/1467/2201 2148/1474/2148
f 2146/1475/2146 972/1476/972 2197/1472/2197
f 1029/1380/1029 2146/1475/2146 1030/1373/1030
f 2148/1474/2148 968/1471/968 969/739/969
f 1028/1368/1028 2197/1472/2197 2144/1466/2144
f 2199/1469/2199 971/1477/971 2146/1475/2146
f 4/120/4 1326/16/1326 1275/4/1275
f 2144/1466/2144 972/1476/972 967/1470/967
f 1042/1176/1042 2205/1177/2205 2243/1178/2243
f 2203/1179/2203 1078/1180/1078 2242/1174/2242
f 1040/1181/1040 2207/1182/2207 2244/1183/2244
f 2205/1177/2205 1079/1185/1079 2243/1178/2243
f 1039/1186/1039 2242/1174/2242 2207/1182/2207
f 2244/1183/2244 1077/1187/1077 1080/1188/1080
f 1042/1176/1042 2203/1179/2203 1043/1173/1043
f 2207/1182/2207 1078/1180/1078 1077/1187/1077
f 1041/1189/1041 2244/1183/2244 2205/1190/2205
f 2243/1178/2243 1075/1191/1075 2203/1179/2203
f 1045/546/1045 2209/1192/2209 2222/1193/2222
f 2205/1190/2205 1080/1188/1080 1076/1194/1076
f 1048/550/1048 2224/1195/2224 1049/552/1049
f 2222/1193/2222 1057/1196/1057 1058/1197/1058
f 1046/555/1046 2226/1198/2226 1047/557/1047
f 2211/1199/2211 1060/1200/1060 2224/1195/2224
f 1049/552/1049 2209/1192/2209 1050/560/1050
f 2213/1201/2213 1062/1202/1062 2226/1198/2226
f 1048/550/1048 2226/1203/2226 2211/1199/2211
f 2224/1195/2224 1057/1196/1057 2209/1192/2209
f 1046/555/1046 2222/1193/2222 2213/1201/2213
f 2211/1199/2211 1062/1204/1062 1059/1205/1059
f 1055/566/1055 2216/567/2216 1056/568/1056
f 2213/1201/2213 1058/1197/1058 1061/1206/1061
f 1053/570/1053 2218/571/2218 1054/572/1054
f 2215/573/2215 1050/560/1050 2216/567/2216
f 1052/574/1052 2219/575/2219 2220/576/2220
f 2218/571/2218 1047/577/1047 1048/550/1048
f 1051/578/1051 2216/567/2216 2219/575/2219
f 2220/576/2220 1045/546/1045 1046/555/1046
f 1054/572/1054 2215/573/2215 1055/566/1055
f 2219/575/2219 1050/560/1050 1045/546/1045
f 1053/579/1053 2220/576/2220 2217/580/2217
f 2218/571/2218 1049/552/1049 2215/573/2215
f 2245/1207/2245 1061/1206/1061 1058/1197/1058
f 2220/576/2220 1047/557/1047 2217/580/2217
f 2247/1208/2247 1059/1205/1059 1062/1204/1062
f 2225/1209/2225 1081/1210/1081 1086/1211/1086
f 1060/1200/1060 2221/1212/2221 1057/1196/1057
f 2223/1213/2223 1083/1214/1083 1085/1215/1085
f 1061/1206/1061 2247/1216/2247 1062/1202/1062
f 2246/1217/2246 1084/1218/1084 2221/1212/2221
f 1059/1205/1059 2246/1217/2246 1060/1200/1060
f 2247/1216/2247 1086/1211/1086 1083/1219/1083
f 2221/1212/2221 1058/1197/1058 1057/1196/1057
f 2223/1213/2223 1082/1220/1082 2246/1217/2246
f 1068/1221/1068 2229/1478/2229 1065/549/1065
f 2245/1207/2245 1084/1218/1084 1081/1210/1081
f 1066/1223/1066 2227/1479/2227 1063/1225/1063
f 2235/1480/2235 1073/1481/1073 2229/1478/2229
f 1067/1228/1067 2233/1482/2233 2231/1483/2231
f 2234/1484/2234 1072/1485/1072 2227/1479/2227
f 1068/1221/1068 2231/1483/2231 2235/1480/2235
f 2231/1483/2231 1069/1486/1069 1074/1487/1074
f 1065/594/1065 2234/1484/2234 1066/1223/1066
f 2235/1480/2235 1074/1487/1074 1071/1488/1071
f 1064/1236/1064 2227/1479/2227 2233/1482/2233
f 2229/1489/2229 1070/1490/1070 2234/1484/2234
f 1069/1486/1069 2236/1491/2236 2251/1492/2251
f 2233/1482/2233 1072/1485/1072 1069/1486/1069
f 1073/1493/1073 2252/1494/2252 1070/1490/1070
f 2251/1492/2251 1090/1495/1090 1087/1496/1087
f 1074/1487/1074 2253/1497/2253 1071/1488/1071
f 2252/1494/2252 1091/1498/1091 1088/1499/1088
f 1074/1487/1074 2251/1492/2251 2238/1500/2238
f 2238/1500/2238 1089/1501/1089 2253/1497/2253
f 1072/1485/1072 2252/1494/2252 2236/1491/2236
f 2251/1492/2251 1092/1502/1092 2238/1500/2238
f 1071/1488/1071 2237/1503/2237 1073/1481/1073
f 2236/1491/2236 1088/1499/1088 1090/1495/1090
f 1076/1194/1076 2232/1261/2232 2240/1257/2240
f 2253/1497/2253 1091/1504/1091 2237/1503/2237
f 1079/1185/1079 2239/1260/2239 1075/1191/1075
f 2240/1257/2240 1068/1221/1068 1065/549/1065
f 1077/1187/1077 2228/1262/2228 2241/1263/2241
f 2230/1264/2230 1063/1225/1063 2239/1260/2239
f 1080/1188/1080 2241/1263/2241 2232/1261/2232
f 2241/1263/2241 1064/1236/1064 1067/1228/1067
f 1076/1184/1076 2230/1264/2230 1079/1185/1079
f 2232/1261/2232 1067/1228/1067 1068/1221/1068
f 1075/1191/1075 2228/1262/2228 1078/1180/1078
f 2240/1265/2240 1066/1223/1066 2230/1264/2230
f 1081/1210/1081 2248/1268/2248 2210/1266/2210
f 2239/1260/2239 1064/1236/1064 2228/1262/2228
f 1085/1215/1085 2212/1267/2212 1082/1220/1082
f 2210/1266/2210 1044/1175/1044 1039/1186/1039
f 1083/1219/1083 2250/1269/2250 2214/1270/2214
f 2249/1271/2249 1043/1173/1043 2212/1267/2212
f 1082/1220/1082 2248/1268/2248 1084/1218/1084
f 2214/1270/2214 1040/1181/1040 1041/1189/1041
f 1085/1215/1085 2214/1272/2214 2249/1271/2249
f 2212/1267/2212 1044/1175/1044 2248/1268/2248
f 1086/1211/1086 2210/1266/2210 2250/1269/2250
f 2249/1271/2249 1041/1273/1041 1042/1176/1042
f 1091/1504/1091 2208/1505/2208 2255/1506/2255
f 2250/1269/2250 1039/1186/1039 1040/1181/1040
f 1090/1495/1090 2206/1507/2206 2254/1243/2254
f 2255/1506/2255 1034/1252/1034 1035/1259/1035
f 1087/1496/1087 2256/1508/2256 1092/1502/1092
f 2254/1243/2254 1036/1250/1036 1037/1256/1037
f 1092/1502/1092 2208/1505/2208 1089/1501/1089
f 2204/1245/2204 1033/1254/1033 2256/1508/2256
f 1088/1499/1088 2255/1509/2255 2206/1507/2206
f 2256/1508/2256 1034/1252/1034 2208/1505/2208
f 1090/1495/1090 2204/1245/2204 1087/1496/1087
f 2206/1507/2206 1035/1249/1035 1036/1250/1036
f 1223/1173/1223 2404/1174/2404 1224/1175/1224
f 2254/1243/2254 1038/1244/1038 2204/1245/2204
f 1101/997/1101 2259/1510/2259 1102/999/1102
f 2257/1171/2257 1132/1511/1132 1129/1512/1129
f 1099/1002/1099 2257/1171/2257 2288/1513/2288
f 2292/1514/2292 1131/1515/1131 2259/1510/2259
f 1103/1005/1103 2259/1510/2259 2290/1170/2290
f 2288/1513/2288 1129/1512/1129 1130/1516/1130
f 1100/989/1100 2292/1517/2292 1101/1007/1101
f 2290/1170/2290 1131/1515/1131 1132/1511/1132
f 1099/1002/1099 2261/1518/2261 1100/989/1100
f 2261/1518/2261 1134/1519/1134 2292/1517/2292
f 1110/1010/1110 2263/1024/2263 2294/1009/2294
f 2288/1513/2288 1133/1520/1133 2261/1518/2261
f 1108/1012/1108 2265/1013/2265 2296/1014/2296
f 2294/1009/2294 1135/1015/1135 1136/1016/1136
f 1105/1017/1105 2298/1018/2298 1106/1019/1106
f 2296/1014/2296 1137/1020/1137 1138/1021/1138
f 1110/1010/1110 2267/1022/2267 1105/1017/1105
f 2267/1022/2267 1140/1023/1140 2298/1018/2298
f 1109/1008/1109 2296/1014/2296 2263/1024/2263
f 2294/1009/2294 1139/1025/1139 2267/1022/2267
f 1106/1019/1106 2265/1027/2265 1107/1026/1107
f 2263/1024/2263 1138/1021/1138 1135/1015/1135
f 1111/230/1111 2269/231/2269 2282/232/2282
f 2298/1018/2298 1137/1028/1137 2265/1027/2265
f 1114/233/1114 2284/234/2284 1115/235/1115
f 2269/231/2269 1124/237/1124 2282/232/2282
f 1113/240/1113 2273/244/2273 2286/239/2286
f 2271/247/2271 1126/242/1126 2284/234/2284
f 1115/235/1115 2269/231/2269 1116/243/1116
f 2286/239/2286 1127/252/1127 1128/245/1128
f 1114/233/1114 2286/248/2286 2271/247/2271
f 2284/234/2284 1123/236/1123 2269/231/2269
f 1112/238/1112 2282/232/2282 2273/244/2273
f 2271/247/2271 1128/265/1128 1125/241/1125
f 1121/249/1121 2276/250/2276 1122/251/1122
f 2273/244/2273 1124/237/1124 1127/252/1127
f 1119/253/1119 2278/254/2278 1120/255/1120
f 2275/256/2275 1116/243/1116 2276/250/2276
f 1118/257/1118 2279/258/2279 2280/259/2280
f 2278/254/2278 1113/246/1113 1114/233/1114
f 1117/261/1117 2276/250/2276 2279/258/2279
f 2280/259/2280 1111/230/1111 1112/238/1112
f 1120/255/1120 2275/256/2275 1121/249/1121
f 2279/258/2279 1116/243/1116 1111/230/1111
f 1119/262/1119 2280/259/2280 2277/263/2277
f 2278/254/2278 1115/235/1115 2275/256/2275
f 1124/237/1124 2285/264/2285 1127/252/1127
f 2277/263/2277 1112/238/1112 1113/240/1113
f 2301/270/2301 1125/241/1125 1128/265/1128
f 2299/267/2299 1146/268/1146 2285/264/2285
f 1126/242/1126 2281/273/2281 1123/236/1123
f 2283/266/2283 1143/320/1143 1145/271/1145
f 2285/264/2285 1128/245/1128 1127/252/1127
f 2300/269/2300 1144/275/1144 2281/273/2281
f 2283/266/2283 1126/242/1126 1125/241/1125
f 2301/272/2301 1146/268/1146 1143/276/1143
f 1123/236/1123 2299/267/2299 1124/237/1124
f 2300/269/2300 1145/271/1145 1142/274/1142
f 1130/1516/1130 2291/1521/2291 1133/1520/1133
f 2281/273/2281 1141/279/1141 2299/267/2299
f 1133/1520/1133 2316/1522/2316 1134/1519/1134
f 2291/1521/2291 1156/1523/1156 1155/1524/1155
f 1132/1511/1132 2289/1525/2289 2315/1526/2315
f 2291/1521/2291 1158/1527/1158 2316/1522/2316
f 1130/1516/1130 2287/1528/2287 2314/1529/2314
f 2289/1525/2289 1157/1530/1157 2315/1526/2315
f 1134/1531/1134 2289/1525/2289 1131/1515/1131
f 2314/1529/2314 1153/1532/1153 1156/1523/1156
f 1129/1512/1129 2315/1526/2315 2287/1528/2287
f 2316/1533/2316 1154/1534/1154 2289/1525/2289
f 1140/1023/1140 2295/1029/2295 1137/1028/1137
f 2287/1528/2287 1157/1530/1157 1153/1532/1153
f 1135/1015/1135 2266/1030/2266 2293/1031/2293
f 2268/1032/2268 1101/1007/1101 2295/1029/2295
f 1136/1016/1136 2297/1033/2297 1139/1025/1139
f 2293/1031/2293 1102/999/1102 1103/1005/1103
f 1139/1025/1139 2268/1032/2268 1140/1023/1140
f 2264/1034/2264 1099/1002/1099 2297/1033/2297
f 1138/1021/1138 2295/1035/2295 2266/1030/2266
f 2297/1033/2297 1100/989/1100 2268/1032/2268
f 1136/1016/1136 2293/1031/2293 2264/1034/2264
f 2295/1035/2295 1102/999/1102 2266/1030/2266
f 1144/275/1144 2270/1050/2270 1141/279/1141
f 2264/1034/2264 1103/1005/1103 1104/992/1104
f 1142/274/1142 2303/1051/2303 2272/1052/2272
f 2302/1053/2302 1105/1017/1105 2270/1050/2270
f 1143/276/1143 2304/1054/2304 2274/1055/2274
f 2272/1052/2272 1108/1012/1108 1109/1008/1109
f 1144/275/1144 2272/1052/2272 2302/1053/2302
f 2304/1054/2304 1107/1026/1107 2274/1055/2274
f 1145/271/1145 2274/1056/2274 2303/1051/2303
f 2302/1053/2302 1109/1008/1109 1110/1010/1110
f 1141/279/1141 2304/1054/2304 1146/268/1146
f 2303/1051/2303 1107/1057/1107 1108/1012/1108
f 1148/1535/1148 2308/1536/2308 1150/1537/1150
f 2270/1050/2270 1106/1019/1106 2304/1054/2304
f 1149/1538/1149 2309/1539/2309 1151/1540/1151
f 2260/1541/2260 1098/289/1098 2308/1536/2308
f 1147/1542/1147 2308/1536/2308 2258/1543/2258
f 2262/1544/2262 1096/286/1096 2309/1539/2309
f 1151/1540/1151 2260/1541/2260 1148/1535/1148
f 2258/1543/2258 1098/289/1098 1093/282/1093
f 1149/1545/1149 2310/1546/2310 2262/1547/2262
f 2309/1539/2309 1097/291/1097 2260/1541/2260
f 1152/1548/1152 2258/1543/2258 2310/1546/2310
f 2262/1547/2262 1094/283/1094 1095/290/1095
f 1153/1532/1153 2306/1549/2306 2311/1550/2311
f 2310/1546/2310 1093/282/1093 1094/283/1094
f 1158/1551/1158 2312/1552/2312 1154/1534/1154
f 2311/1550/2311 1148/1535/1148 1150/1537/1150
f 1156/1523/1156 2311/1550/2311 2305/1553/2305
f 2307/1554/2307 1151/1540/1151 2312/1552/2312
f 1154/1534/1154 2306/1549/2306 1157/1530/1157
f 2305/1553/2305 1150/1537/1150 1147/1542/1147
f 1155/1524/1155 2307/1555/2307 1158/1527/1158
f 2312/1552/2312 1148/1535/1148 2306/1549/2306
f 1155/1524/1155 2305/1553/2305 2313/1556/2313
f 2307/1555/2307 1152/1548/1152 1149/1545/1149
f 2313/1556/2313 1147/1542/1147 1152/1548/1152
f 1165/1557/1165 2319/1558/2319 1168/1559/1168
f 2327/1560/2327 1201/1561/1201 2353/1122/2353
f 1166/1562/1166 2350/1563/2350 2321/1564/2321
f 2352/1565/2352 1196/1566/1196 2319/1558/2319
f 1169/1567/1169 2317/1568/2317 2350/1563/2350
f 2321/1564/2321 1198/1569/1198 1197/1570/1197
f 1170/1571/1170 2351/1572/2351 2317/1568/2317
f 2350/1563/2350 1195/1573/1195 1198/1569/1198
f 1166/1562/1166 2352/1565/2352 1165/1557/1165
f 2317/1568/2317 1199/1574/1199 1195/1573/1195
f 1171/1121/1171 2354/1575/2354 2327/1560/2327
f 2321/1564/2321 1200/1576/1200 2352/1565/2352
f 1175/1577/1175 2355/1578/2355 2323/1579/2323
f 2327/1560/2327 1202/1580/1202 1206/1581/1206
f 1172/1123/1172 2325/1582/2325 1173/1583/1173
f 2323/1579/2323 1203/1584/1203 1204/1585/1204
f 1168/1586/1168 2351/1572/2351 1167/1587/1167
f 2353/1122/2353 1205/1588/1205 2325/1582/2325
f 1176/1589/1176 2323/1579/2323 2354/1575/2354
f 2319/1590/2319 1199/1574/1199 2351/1572/2351
f 1173/1591/1173 2355/1578/2355 1174/1592/1174
f 2354/1575/2354 1204/1585/1204 1202/1580/1202
f 1177/59/1177 2329/60/2329 2342/61/2342
f 2325/1593/2325 1203/1584/1203 2355/1578/2355
f 1180/63/1180 2344/64/2344 1181/65/1181
f 2342/61/2342 1189/76/1189 1190/66/1190
f 1178/67/1178 2346/68/2346 1179/69/1179
f 2344/64/2344 1191/79/1191 1192/71/1192
f 1182/72/1182 2344/64/2344 2329/60/2329
f 2333/77/2333 1194/74/1194 2346/68/2346
f 1180/63/1180 2346/75/2346 2331/70/2331
f 2329/60/2329 1192/71/1192 1189/76/1189
f 1178/67/1178 2342/61/2342 2333/77/2333
f 2331/70/2331 1194/78/1194 1191/79/1191
f 1187/80/1187 2336/81/2336 1188/82/1188
f 2342/61/2342 1193/73/1193 2333/77/2333
f 1185/83/1185 2338/84/2338 1186/85/1186
f 2335/86/2335 1182/72/1182 2336/81/2336
f 1184/87/1184 2339/88/2339 2340/89/2340
f 2337/1594/2337 1180/63/1180 2338/84/2338
f 1183/91/1183 2336/81/2336 2339/88/2339
f 2340/89/2340 1177/59/1177 1178/67/1178
f 1186/85/1186 2335/86/2335 1187/80/1187
f 2339/88/2339 1182/72/1182 1177/59/1177
f 1185/92/1185 2340/89/2340 2337/93/2337
f 2338/84/2338 1181/65/1181 2335/86/2335
f 1190/66/1190 2345/94/2345 1193/73/1193
f 2340/89/2340 1179/69/1179 2337/93/2337
f 1194/78/1194 2343/99/2343 1191/79/1191
f 2359/96/2359 1212/97/1212 2345/94/2345
f 2360/102/2360 1189/76/1189 1192/71/1192
f 2361/95/2361 1211/101/1211 2343/99/2343
f 1193/73/1193 2361/104/2361 1194/74/1194
f 2341/98/2341 1208/106/1208 1210/103/1210
f 2343/99/2343 1192/71/1192 1191/79/1191
f 2345/94/2345 1209/105/1209 2361/104/2361
f 2341/98/2341 1190/66/1190 1189/76/1189
f 2360/102/2360 1211/101/1211 1208/106/1208
f 1196/1595/1196 2326/1596/2326 1199/1574/1199
f 2359/96/2359 1210/103/1210 1207/108/1207
f 1197/1570/1197 2328/1597/2328 1200/1576/1200
f 2326/1596/2326 1161/1115/1161 1162/1116/1162
f 1195/1573/1195 2326/1596/2326 2347/1598/2347
f 2349/1599/2349 1160/467/1160 2328/1597/2328
f 1198/1569/1198 2347/1598/2347 2324/1600/2324
f 2347/1598/2347 1162/1116/1162 1163/475/1163
f 1198/1569/1198 2349/1599/2349 1197/1570/1197
f 2324/1600/2324 1163/475/1163 1164/473/1164
f 1200/1576/1200 2348/1601/2348 1196/1566/1196
f 2324/1600/2324 1159/466/1159 2349/1599/2349
f 1205/1602/1205 2322/1603/2322 1203/1584/1203
f 2348/1601/2348 1160/467/1160 1161/474/1161
f 1202/1580/1202 2356/1604/2356 2320/1605/2320
f 2357/1606/2357 1167/1587/1167 2322/1603/2322
f 1201/1561/1201 2357/1607/2357 1205/1588/1205
f 2320/1605/2320 1170/1571/1170 1169/1567/1169
f 1204/1585/1204 2322/1603/2322 2356/1604/2356
f 2318/1608/2318 1168/1559/1168 2357/1607/2357
f 1206/1581/1206 2320/1605/2320 2358/1609/2358
f 2322/1603/2322 1170/1571/1170 2356/1604/2356
f 1206/1581/1206 2318/1608/2318 1201/1561/1201
f 2358/1609/2358 1169/1567/1169 1166/1562/1166
f 1210/103/1210 2330/1610/2330 1207/108/1207
f 2318/1608/2318 1166/1562/1166 1165/1557/1165
f 1208/106/1208 2363/1611/2363 2332/1612/2332
f 2362/1613/2362 1171/1121/1171 2330/1610/2330
f 1212/97/1212 2334/1614/2334 1209/105/1209
f 2332/1612/2332 1174/1592/1174 1175/1577/1175
f 1210/103/1210 2332/1612/2332 2362/1613/2362
f 2364/1615/2364 1173/1583/1173 2334/1614/2334
f 1209/100/1209 2363/1611/2363 1211/101/1211
f 2362/1613/2362 1175/1577/1175 1176/1589/1176
f 1207/108/1207 2364/1615/2364 1212/97/1212
f 2334/1616/2334 1174/1592/1174 2363/1611/2363
f 282/490/282 1520/484/1520 277/496/277
f 2330/1610/2330 1172/1123/1172 2364/1615/2364
f 1222/1176/1222 2367/1177/2367 2405/1178/2405
f 2365/1179/2365 1258/1180/1258 2404/1174/2404
f 1220/1181/1220 2369/1182/2369 2406/1183/2406
f 2367/1177/2367 1259/1185/1259 2405/1178/2405
f 1219/1186/1219 2404/1174/2404 2369/1182/2369
f 2406/1183/2406 1257/1187/1257 1260/1188/1260
f 1222/1176/1222 2365/1179/2365 1223/1173/1223
f 2369/1182/2369 1258/1180/1258 1257/1187/1257
f 1221/1189/1221 2406/1183/2406 2367/1190/2367
f 2405/1178/2405 1255/1191/1255 2365/1179/2365
f 1225/546/1225 2371/1192/2371 2384/1193/2384
f 2367/1190/2367 1260/1188/1260 1256/1194/1256
f 1228/550/1228 2386/1195/2386 1229/552/1229
f 2384/1193/2384 1237/1196/1237 1238/1197/1238
f 1226/555/1226 2388/1198/2388 1227/557/1227
f 2373/1199/2373 1240/1200/1240 2386/1195/2386
f 1229/552/1229 2371/1192/2371 1230/560/1230
f 2375/1201/2375 1242/1202/1242 2388/1198/2388
f 1228/550/1228 2388/1203/2388 2373/1199/2373
f 2386/1195/2386 1237/1196/1237 2371/1192/2371
f 1226/555/1226 2384/1193/2384 2375/1201/2375
f 2373/1199/2373 1242/1204/1242 1239/1205/1239
f 1235/566/1235 2378/567/2378 1236/568/1236
f 2375/1201/2375 1238/1197/1238 1241/1206/1241
f 1233/570/1233 2380/571/2380 1234/572/1234
f 2377/573/2377 1230/560/1230 2378/567/2378
f 1232/574/1232 2381/575/2381 2382/576/2382
f 2380/571/2380 1227/577/1227 1228/550/1228
f 1231/578/1231 2378/567/2378 2381/575/2381
f 2382/576/2382 1225/546/1225 1226/555/1226
f 1234/572/1234 2377/573/2377 1235/566/1235
f 2381/575/2381 1230/560/1230 1225/546/1225
f 1233/579/1233 2382/576/2382 2379/580/2379
f 2380/571/2380 1229/552/1229 2377/573/2377
f 2407/1207/2407 1241/1206/1241 1238/1197/1238
f 2382/576/2382 1227/557/1227 2379/580/2379
f 2409/1208/2409 1239/1205/1239 1242/1204/1242
f 2387/1209/2387 1261/1210/1261 1266/1211/1266
f 1240/1200/1240 2383/1212/2383 1237/1196/1237
f 2385/1213/2385 1263/1214/1263 1265/1215/1265
f 1241/1206/1241 2409/1216/2409 1242/1202/1242
f 2408/1217/2408 1264/1218/1264 2383/1212/2383
f 1239/1205/1239 2408/1217/2408 1240/1200/1240
f 2409/1216/2409 1266/1211/1266 1263/1219/1263
f 2383/1212/2383 1238/1197/1238 1237/1196/1237
f 2385/1213/2385 1262/1220/1262 2408/1217/2408
f 1245/549/1245 2397/1480/2397 2391/1478/2391
f 2407/1207/2407 1264/1218/1264 1261/1210/1261
f 1246/1223/1246 2389/1479/2389 1243/1225/1243
f 2391/1478/2391 1251/1488/1251 1253/1481/1253
f 1247/1228/1247 2395/1482/2395 2393/1483/2393
f 2396/1484/2396 1252/1485/1252 2389/1479/2389
f 1248/1221/1248 2393/1483/2393 2397/1480/2397
f 2393/1483/2393 1249/1486/1249 1254/1487/1254
f 1245/594/1245 2396/1484/2396 1246/1223/1246
f 2397/1480/2397 1254/1487/1254 1251/1488/1251
f 1243/1225/1243 2395/1482/2395 1244/1236/1244
f 2391/1489/2391 1250/1490/1250 2396/1484/2396
f 1249/1486/1249 2398/1491/2398 2413/1492/2413
f 2395/1482/2395 1252/1485/1252 1249/1486/1249
f 1250/1490/1250 2399/1617/2399 2414/1494/2414
f 2413/1492/2413 1270/1495/1270 1267/1496/1267
f 1254/1487/1254 2415/1497/2415 1251/1488/1251
f 2399/1617/2399 1268/1499/1268 2414/1494/2414
f 1254/1487/1254 2413/1492/2413 2400/1500/2400
f 2400/1500/2400 1269/1501/1269 2415/1497/2415
f 1252/1485/1252 2414/1494/2414 2398/1491/2398
f 2400/1500/2400 1267/1496/1267 1272/1502/1272
f 1253/1481/1253 2415/1497/2415 2399/1503/2399
f 2398/1491/2398 1268/1499/1268 1270/1495/1270
f 1256/1194/1256 2394/1261/2394 2402/1257/2402
f 2415/1497/2415 1271/1504/1271 2399/1503/2399
f 1259/1185/1259 2401/1260/2401 1255/1191/1255
f 2402/1257/2402 1248/1221/1248 1245/549/1245
f 1257/1187/1257 2390/1262/2390 2403/1263/2403
f 2392/1264/2392 1243/1225/1243 2401/1260/2401
f 1260/1188/1260 2403/1263/2403 2394/1261/2394
f 2403/1263/2403 1244/1236/1244 1247/1228/1247
f 1256/1184/1256 2392/1264/2392 1259/1185/1259
f 2394/1261/2394 1247/1228/1247 1248/1221/1248
f 1255/1191/1255 2390/1262/2390 1258/1180/1258
f 2402/1265/2402 1246/1223/1246 2392/1264/2392
f 1261/1210/1261 2410/1268/2410 2372/1266/2372
f 2401/1260/2401 1244/1236/1244 2390/1262/2390
f 1265/1215/1265 2374/1267/2374 1262/1220/1262
f 2372/1266/2372 1224/1175/1224 1219/1186/1219
f 1263/1219/1263 2412/1269/2412 2376/1270/2376
f 2411/1271/2411 1223/1173/1223 2374/1267/2374
f 1262/1220/1262 2410/1268/2410 1264/1218/1264
f 2376/1270/2376 1220/1181/1220 1221/1189/1221
f 1265/1215/1265 2376/1272/2376 2411/1271/2411
f 2374/1267/2374 1224/1175/1224 2410/1268/2410
f 1266/1211/1266 2372/1266/2372 2412/1269/2412
f 2411/1271/2411 1221/1273/1221 1222/1176/1222
f 1269/1501/1269 2417/1506/2417 1271/1504/1271
f 2412/1269/2412 1219/1186/1219 1220/1181/1220
f 1270/1495/1270 2368/1507/2368 2416/1243/2416
f 2370/1505/2370 1215/1259/1215 2417/1506/2417
f 1272/1502/1272 2366/1245/2366 2418/1508/2418
f 2416/1243/2416 1216/1250/1216 1217/1256/1217
f 1272/1502/1272 2370/1505/2370 1269/1501/1269
f 2366/1245/2366 1213/1254/1213 2418/1508/2418
f 1271/1498/1271 2368/1507/2368 1268/1499/1268
f 2418/1508/2418 1214/1252/1214 2370/1505/2370
f 1267/1496/1267 2416/1243/2416 2366/1245/2366
f 2417/1509/2417 1216/1250/1216 2368/1507/2368
f 79/303/79 1339/174/1339 1382/166/1382
f 2366/1245/2366 1217/1256/1217 1218/1244/1218
f 331/626/331 1567/608/1567 1622/599/1622
f 2040/1247/2040 2423/1258/2423 2069/1255/2069
f 2038/1242/2038 2422/1243/2422 2068/1239/2068
f 2070/1246/2070 2419/1245/2419 2424/1251/2424
f 2040/1247/2040 2424/1251/2424 2421/1253/2421
f 2069/1618/2069 2420/1248/2420 2038/1242/2038
f 2036/1240/2036 2422/1243/2422 2419/1245/2419
f 2425/1619/2425 2430/1620/2430 2426/1621/2426
f 2431/1622/2431 2425/1619/2425 2427/1623/2427
f 2428/1624/2428 2443/1625/2443 2430/1620/2430
f 2433/1626/2433 2428/1624/2428 2431/1622/2431
f 2432/1627/2432 2427/1623/2427 2573/1628/2573
f 2434/1629/2434 2431/1622/2431 2432/1627/2432
f 2436/1630/2436 2433/1631/2433 2434/1632/2434
f 2435/1633/2435 2429/1634/2429 2433/1631/2433
f 2579/1635/2579 2435/1633/2435 2436/1630/2436
f 2437/1636/2437 2438/1637/2438 2435/1633/2435
f 2429/1634/2429 2440/1638/2440 2443/1639/2443
f 2438/1637/2438 2441/1640/2441 2440/1638/2440
f 2440/1638/2440 2490/1641/2490 2442/1642/2442
f 2440/1638/2440 2444/1643/2444 2443/1639/2443
f 2443/1625/2443 2446/1644/2446 2430/1620/2430
f 2445/1645/2445 2442/1646/2442 2493/1647/2493
f 2448/1648/2448 2444/1649/2444 2445/1650/2445
f 2426/1621/2426 2446/1644/2446 2447/1651/2447
f 2449/1652/2449 2446/1653/2446 2448/1648/2448
f 2449/1652/2449 2450/1654/2450 2452/1655/2452
f 2448/1648/2448 2451/1656/2451 2450/1654/2450
f 2456/1657/2456 2450/1658/2450 2451/1656/2451
f 2453/1659/2453 2452/1660/2452 2450/1658/2450
f 2457/1661/2457 2453/1659/2453 2456/1657/2456
f 2454/1662/2454 2455/1663/2455 2453/1659/2453
f 2458/1664/2458 2451/1656/2451 2460/1665/2460
f 2459/1666/2459 2456/1657/2456 2458/1664/2458
f 2463/1667/2463 2458/1664/2458 2461/1668/2461
f 2461/1668/2461 2460/1665/2460 2462/1669/2462
f 2464/1670/2464 2462/1669/2462 2466/1671/2466
f 2465/1672/2465 2461/1668/2461 2464/1670/2464
f 2469/1673/2469 2464/1670/2464 2467/1674/2467
f 2467/1674/2467 2466/1671/2466 2468/1675/2468
f 2468/1676/2468 2470/1677/2470 2467/1678/2467
f 2467/1678/2467 2473/1679/2473 2469/1673/2469
f 2471/1680/2471 2472/1681/2472 2470/1677/2470
f 2470/1677/2470 2474/1682/2474 2473/1679/2473
f 2478/1683/2478 2475/1684/2475 2471/1680/2471
f 2480/1685/2480 2476/1686/2476 2478/1683/2478
f 2479/1687/2479 2471/1680/2471 2468/1676/2468
f 2481/1688/2481 2478/1683/2478 2479/1687/2479
f 2485/1689/2485 2480/1690/2480 2481/1688/2481
f 2482/1691/2482 2477/1692/2477 2480/1690/2480
f 2486/1693/2486 2482/1691/2482 2485/1689/2485
f 2502/1694/2502 2482/1691/2482 2483/1695/2483
f 2488/1696/2488 2485/1697/2485 2487/1698/2487
f 2487/1698/2487 2481/1699/2481 2489/1700/2489
f 2439/1701/2439 2487/1698/2487 2441/1640/2441
f 2441/1640/2441 2489/1700/2489 2490/1641/2490
f 2490/1702/2490 2491/1703/2491 2492/1704/2492
f 2489/1705/2489 2479/1706/2479 2491/1703/2491
f 2492/1704/2492 2466/1671/2466 2462/1707/2462
f 2491/1703/2491 2468/1708/2468 2466/1671/2466
f 2442/1646/2442 2492/1704/2492 2493/1647/2493
f 2493/1647/2493 2462/1707/2462 2460/1709/2460
f 2445/1645/2445 2460/1709/2460 2451/1710/2451
f 2494/1711/2494 2439/1701/2439 2437/1636/2437
f 2496/1712/2496 2488/1696/2488 2494/1711/2494
f 2495/1713/2495 2437/1636/2437 2579/1635/2579
f 2497/1714/2497 2494/1711/2494 2495/1713/2495
f 2499/1715/2499 2496/1716/2496 2497/1714/2497
f 2498/1717/2498 2486/1693/2486 2496/1716/2496
f 2501/1718/2501 2498/1717/2498 2499/1715/2499
f 2500/1719/2500 2483/1695/2483 2498/1717/2498
f 2504/1720/2504 2500/1719/2500 2501/1718/2501
f 2503/1721/2503 2502/1694/2502 2500/1719/2500
f 2512/1722/2512 2503/1721/2503 2504/1720/2504
f 2505/1723/2505 2506/1724/2506 2503/1721/2503
f 2506/1724/2506 2484/1725/2484 2502/1694/2502
f 2506/1724/2506 2509/1726/2509 2508/1727/2508
f 2508/1727/2508 2511/1728/2511 2510/1729/2510
f 2508/1727/2508 2477/1692/2477 2484/1725/2484
f 2499/1730/2499 2513/1731/2513 2501/1718/2501
f 2515/1732/2515 2514/1733/2514 2513/1731/2513
f 2497/1714/2497 2515/1732/2515 2499/1730/2499
f 2516/1734/2516 2517/1735/2517 2515/1732/2515
f 2517/1735/2517 2522/1736/2522 2514/1733/2514
f 2518/1737/2518 2519/1738/2519 2517/1735/2517
f 2520/1739/2520 2521/1740/2521 2519/1738/2519
f 2519/1738/2519 2523/1741/2523 2522/1736/2522
f 2527/1742/2527 2524/1743/2524 2520/1744/2520
f 2529/1745/2529 2525/1746/2525 2527/1742/2527
f 2528/1747/2528 2520/1744/2520 2518/1748/2518
f 2530/1749/2530 2527/1742/2527 2528/1747/2528
f 2531/1750/2531 2526/1751/2526 2529/1745/2529
f 2532/1752/2532 2529/1745/2529 2530/1749/2530
f 2576/1753/2576 2531/1750/2531 2532/1752/2532
f 2533/1754/2533 2534/1755/2534 2531/1750/2531
f 2533/1754/2533 2536/1756/2536 2535/1757/2535
f 2538/1758/2538 2537/1759/2537 2536/1756/2536
f 2576/1753/2576 2538/1758/2538 2533/1754/2533
f 2539/1760/2539 2540/1761/2540 2538/1758/2538
f 2542/1762/2542 2537/1759/2537 2540/1761/2540
f 2543/1763/2543 2540/1761/2540 2541/1764/2541
f 2568/1765/2568 2542/1762/2542 2543/1763/2543
f 2544/1766/2544 2545/1767/2545 2542/1762/2542
f 2549/1768/2549 2546/1769/2546 2544/1766/2544
f 2549/1768/2549 2548/1770/2548 2547/1771/2547
f 2550/1772/2550 2544/1766/2544 2568/1765/2568
f 2552/1773/2552 2549/1768/2549 2550/1772/2550
f 2551/1774/2551 2556/1775/2556 2548/1776/2548
f 2554/1777/2554 2551/1774/2551 2552/1778/2552
f 2558/1779/2558 2553/1780/2553 2554/1777/2554
f 2553/1780/2553 2557/1781/2557 2556/1775/2556
f 2559/1782/2559 2554/1777/2554 2561/1783/2561
f 2560/1784/2560 2561/1783/2561 2562/1785/2562
f 2562/1785/2562 2563/1786/2563 2564/1787/2564
f 2561/1783/2561 2552/1778/2552 2563/1786/2563
f 2563/1788/2563 2550/1772/2550 2565/1789/2565
f 2564/1787/2564 2565/1789/2565 2566/1790/2566
f 2566/1790/2566 2567/1791/2567 2569/1792/2569
f 2565/1789/2565 2568/1765/2568 2567/1791/2567
f 2567/1793/2567 2543/1794/2543 2570/1795/2570
f 2569/1792/2569 2570/1795/2570 2571/1796/2571
f 2571/1796/2571 2572/1797/2572 2573/1628/2573
f 2570/1795/2570 2541/1798/2541 2572/1797/2572
f 2541/1799/2541 2574/1800/2574 2572/1801/2572
f 2572/1801/2572 2432/1627/2432 2573/1628/2573
f 2539/1802/2539 2575/1803/2575 2574/1800/2574
f 2574/1800/2574 2434/1804/2434 2432/1627/2432
f 2575/1803/2575 2532/1805/2532 2577/1806/2577
f 2434/1807/2434 2577/1806/2577 2436/1808/2436
f 2577/1806/2577 2530/1749/2530 2578/1809/2578
f 2436/1808/2436 2578/1809/2578 2579/1635/2579
f 2578/1809/2578 2528/1810/2528 2580/1811/2580
f 2579/1635/2579 2580/1811/2580 2495/1812/2495
f 2580/1811/2580 2518/1748/2518 2516/1813/2516
f 2495/1812/2495 2516/1813/2516 2497/1714/2497
f 2455/1663/2455 2585/1814/2585 2452/1660/2452
f 2581/1815/2581 2582/1816/2582 2455/1663/2455
f 2583/1817/2583 2584/1818/2584 2582/1816/2582
f 2582/1816/2582 2586/1819/2586 2585/1814/2585
f 2585/1820/2585 2588/1821/2588 2587/1822/2587
f 2452/1655/2452 2587/1822/2587 2449/1652/2449
f 2587/1822/2587 2590/1823/2590 2589/1824/2589
f 2449/1652/2449 2589/1824/2589 2447/1651/2447
f 2588/1825/2588 2591/1826/2591 2590/1827/2590
f 2593/1828/2593 2592/1829/2592 2591/1826/2591
f 2586/1819/2586 2593/1828/2593 2588/1825/2588
f 2594/1830/2594 2595/1831/2595 2593/1828/2593
f 2595/1831/2595 2600/1832/2600 2592/1829/2592
f 2596/1833/2596 2597/1834/2597 2595/1831/2595
f 2598/1835/2598 2599/1836/2599 2597/1834/2597
f 2597/1834/2597 2601/1837/2601 2600/1832/2600
f 2599/1838/2599 2602/1839/2602 2601/1840/2601
f 2604/1841/2604 2603/1842/2603 2602/1839/2602
f 2613/1843/2613 2604/1841/2604 2599/1838/2599
f 2605/1844/2605 2606/1845/2606 2604/1841/2604
f 2610/1846/2610 2607/1847/2607 2605/1844/2605
f 2609/1848/2609 2610/1846/2610 2611/1849/2611
f 2611/1849/2611 2612/1850/2612 2614/1851/2614
f 2612/1850/2612 2605/1844/2605 2613/1843/2613
f 2615/1852/2615 2613/1853/2613 2598/1835/2598
f 2614/1854/2614 2615/1852/2615 2616/1855/2616
f 2616/1855/2616 2617/1856/2617 2618/1857/2618
f 2617/1856/2617 2598/1835/2598 2596/1833/2596
f 2619/1858/2619 2596/1833/2596 2594/1830/2594
f 2620/1859/2620 2617/1856/2617 2619/1858/2619
f 2621/1860/2621 2619/1858/2619 2584/1818/2584
f 2584/1818/2584 2594/1830/2594 2586/1819/2586
f 2627/1861/2627 2622/1862/2622 2625/1863/2625
f 2623/1864/2623 2624/1865/2624 2622/1862/2622
f 2628/1866/2628 2625/1863/2625 2626/1867/2626
f 2628/1866/2628 2629/1868/2629 2627/1861/2627
f 2629/1868/2629 2623/1869/2623 2627/1861/2627
f 2629/1868/2629 2633/1870/2633 2632/1871/2632
f 2631/1872/2631 2632/1871/2632 2635/1873/2635
f 2632/1871/2632 2807/1874/2807 2634/1875/2634
f 2635/1873/2635 2634/1875/2634 2636/1876/2636
f 2635/1877/2635 2640/1878/2640 2631/1879/2631
f 2636/1880/2636 2637/1881/2637 2635/1877/2635
f 2638/1882/2638 2639/1883/2639 2637/1881/2637
f 2637/1881/2637 2641/1884/2641 2640/1878/2640
f 2640/1885/2640 2643/1886/2643 2642/1887/2642
f 2631/1888/2631 2642/1887/2642 2623/1864/2623
f 2642/1887/2642 2644/1889/2644 2624/1865/2624
f 2645/1890/2645 2641/1891/2641 2648/1892/2648
f 2647/1893/2647 2643/1894/2643 2645/1890/2645
f 2684/1895/2684 2645/1890/2645 2646/1896/2646
f 2646/1896/2646 2648/1892/2648 2649/1897/2649
f 2648/1898/2648 2639/1899/2639 2650/1900/2650
f 2649/1901/2649 2650/1900/2650 2651/1902/2651
f 2654/1903/2654 2650/1900/2650 2652/1904/2652
f 2652/1904/2652 2639/1899/2639 2653/1905/2653
f 2655/1906/2655 2653/1905/2653 2657/1907/2657
f 2656/1908/2656 2652/1904/2652 2655/1906/2655
f 2660/1909/2660 2655/1906/2655 2658/1910/2658
f 2658/1910/2658 2657/1907/2657 2659/1911/2659
f 2661/1912/2661 2659/1911/2659 2663/1913/2663
f 2662/1914/2662 2658/1915/2658 2661/1912/2661
f 2666/1916/2666 2661/1912/2661 2664/1917/2664
f 2664/1917/2664 2663/1913/2663 2665/1918/2665
f 2667/1919/2667 2662/1914/2662 2666/1916/2666
f 2668/1920/2668 2669/1921/2669 2667/1919/2667
f 2670/1922/2670 2671/1923/2671 2669/1921/2669
f 2669/1921/2669 2660/1924/2660 2662/1914/2662
f 2671/1925/2671 2656/1908/2656 2660/1909/2660
f 2672/1926/2672 2673/1927/2673 2671/1925/2671
f 2674/1928/2674 2675/1929/2675 2673/1927/2673
f 2673/1927/2673 2654/1903/2654 2656/1908/2656
f 2675/1929/2675 2651/1902/2651 2654/1903/2654
f 2676/1930/2676 2677/1931/2677 2675/1929/2675
f 2678/1932/2678 2679/1933/2679 2677/1931/2677
f 2679/1933/2679 2651/1902/2651 2677/1931/2677
f 2681/1934/2681 2649/1901/2649 2679/1933/2679
f 2682/1935/2682 2679/1933/2679 2680/1936/2680
f 2685/1937/2685 2681/1934/2681 2682/1935/2682
f 2683/1938/2683 2646/1939/2646 2681/1934/2681
f 2686/1940/2686 2684/1941/2684 2683/1938/2683
f 2687/1942/2687 2683/1938/2683 2685/1937/2685
f 2687/1942/2687 2688/1943/2688 2686/1940/2686
f 2686/1940/2686 2690/1944/2690 2689/1945/2689
f 2689/1946/2689 2647/1947/2647 2684/1948/2684
f 2692/1949/2692 2689/1946/2689 2690/1950/2690
f 2694/1951/2694 2691/1952/2691 2692/1949/2692
f 2693/1953/2693 2647/1947/2647 2691/1952/2691
f 2695/1954/2695 2692/1955/2692 2697/1956/2697
f 2696/1957/2696 2697/1956/2697 2698/1958/2698
f 2698/1958/2698 2699/1959/2699 2700/1960/2700
f 2697/1956/2697 2690/1950/2690 2699/1959/2699
f 2688/1943/2688 2699/1961/2699 2690/1944/2690
f 2701/1962/2701 2700/1963/2700 2699/1961/2699
f 2702/1964/2702 2703/1965/2703 2701/1962/2701
f 2715/1966/2715 2701/1962/2701 2688/1943/2688
f 2703/1967/2703 2708/1968/2708 2700/1963/2700
f 2706/1969/2706 2703/1967/2703 2704/1970/2704
f 2714/1971/2714 2705/1972/2705 2706/1969/2706
f 2707/1973/2707 2708/1968/2708 2705/1972/2705
f 2710/1974/2710 2700/1963/2700 2708/1975/2708
f 2711/1976/2711 2708/1975/2708 2709/1977/2709
f 2713/1978/2713 2710/1974/2710 2711/1976/2711
f 2712/1979/2712 2698/1980/2698 2710/1974/2710
f 2663/1913/2663 2717/1981/2717 2665/1918/2665
f 2665/1918/2665 2720/1982/2720 2716/1983/2716
f 2717/1981/2717 2721/1984/2721 2720/1982/2720
f 2719/1985/2719 2718/1986/2718 2717/1981/2717
f 2724/1987/2724 2720/1982/2720 2722/1988/2722
f 2722/1988/2722 2721/1984/2721 2723/1989/2723
f 2725/1990/2725 2721/1984/2721 2727/1991/2727
f 2726/1992/2726 2727/1991/2727 2729/1993/2729
f 2727/1991/2727 2718/1994/2718 2728/1995/2728
f 2729/1993/2729 2728/1995/2728 2730/1996/2730
f 2732/1997/2732 2731/1998/2731 2734/1999/2734
f 2731/1998/2731 2728/2000/2728 2818/2001/2818
f 2733/2002/2733 2734/1999/2734 2736/2003/2736
f 2734/1999/2734 2810/2004/2810 2735/2005/2735
f 2736/2003/2736 2735/2005/2735 2737/2006/2737
f 2739/2007/2739 2736/2003/2736 2738/2008/2738
f 2738/2008/2738 2737/2006/2737 2740/2009/2740
f 2742/2010/2742 2738/2008/2738 2741/2011/2741
f 2741/2011/2741 2740/2009/2740 2743/2012/2743
f 2746/2013/2746 2743/2014/2743 2740/2015/2740
f 2748/2016/2748 2744/2017/2744 2746/2013/2746
f 2749/2018/2749 2746/2013/2746 2747/2019/2747
f 2747/2019/2747 2740/2015/2740 2737/2006/2737
f 2749/2018/2749 2750/2020/2750 2748/2016/2748
f 2748/2016/2748 2753/2021/2753 2745/2022/2745
f 2751/2023/2751 2752/2024/2752 2750/2020/2750
f 2750/2020/2750 2754/2025/2754 2753/2021/2753
f 2757/2026/2757 2754/2025/2754 2752/2024/2752
f 2759/2027/2759 2755/2028/2755 2757/2026/2757
f 2760/2029/2760 2757/2026/2757 2758/2030/2758
f 2758/2030/2758 2752/2024/2752 2804/2031/2804
f 2762/2032/2762 2759/2027/2759 2760/2029/2760
f 2761/2033/2761 2756/2034/2756 2759/2027/2759
f 2798/2035/2798 2761/2033/2761 2762/2032/2762
f 2763/2036/2763 2764/2037/2764 2761/2033/2761
f 2768/2038/2768 2765/2039/2765 2763/2036/2763
f 2770/2040/2770 2766/2041/2766 2768/2038/2768
f 2771/2042/2771 2768/2038/2768 2769/2043/2769
f 2769/2043/2769 2763/2036/2763 2798/2035/2798
f 2773/2044/2773 2770/2040/2770 2771/2042/2771
f 2772/2045/2772 2767/2046/2767 2770/2040/2770
f 2788/2047/2788 2772/2045/2772 2773/2044/2773
f 2774/2048/2774 2775/2049/2775 2772/2045/2772
f 2779/2050/2779 2776/2051/2776 2774/2052/2774
f 2779/2050/2779 2778/2053/2778 2777/2054/2777
f 2782/2055/2782 2779/2050/2779 2780/2056/2780
f 2780/2056/2780 2774/2052/2774 2788/2057/2788
f 2783/2058/2783 2780/2056/2780 2785/2059/2785
f 2784/2060/2784 2785/2059/2785 2786/2061/2786
f 2786/2061/2786 2787/2062/2787 2789/2063/2789
f 2785/2059/2785 2788/2057/2788 2787/2062/2787
f 2787/2064/2787 2773/2044/2773 2790/2065/2790
f 2789/2066/2789 2790/2065/2790 2791/2067/2791
f 2791/2067/2791 2792/2068/2792 2793/2069/2793
f 2790/2065/2790 2771/2042/2771 2792/2068/2792
f 2793/2069/2793 2794/2070/2794 2795/2071/2795
f 2792/2068/2792 2769/2043/2769 2794/2070/2794
f 2795/2071/2795 2796/2072/2796 2797/2073/2797
f 2794/2070/2794 2798/2035/2798 2796/2072/2796
f 2797/2074/2797 2799/2075/2799 2800/2076/2800
f 2796/2077/2796 2762/2078/2762 2799/2075/2799
f 2800/2076/2800 2801/2079/2801 2626/1867/2626
f 2799/2075/2799 2760/2080/2760 2801/2079/2801
f 2801/2079/2801 2758/2081/2758 2802/2082/2802
f 2801/2079/2801 2628/2083/2628 2626/1867/2626
f 2758/2081/2758 2803/2084/2803 2802/2082/2802
f 2802/2082/2802 2630/2085/2630 2628/2083/2628
f 2804/2031/2804 2805/2086/2805 2803/2087/2803
f 2803/2087/2803 2633/1870/2633 2630/2088/2630
f 2751/2023/2751 2806/2089/2806 2805/2086/2805
f 2805/2086/2805 2807/1874/2807 2633/1870/2633
f 2806/2089/2806 2747/2090/2747 2808/2091/2808
f 2807/1874/2807 2808/2091/2808 2809/2092/2809
f 2808/2091/2808 2737/2006/2737 2735/2005/2735
f 2809/2092/2809 2735/2005/2735 2810/2093/2810
f 2810/2093/2810 2811/2094/2811 2809/2095/2809
f 2809/2095/2809 2634/2096/2634 2807/1874/2807
f 2812/2097/2812 2813/2098/2813 2811/2094/2811
f 2811/2094/2811 2636/1880/2636 2634/2096/2634
f 2813/2098/2813 2638/2099/2638 2636/1880/2636
f 2814/2100/2814 2815/2101/2815 2813/2098/2813
f 2816/2102/2816 2657/1907/2657 2815/2101/2815
f 2815/2101/2815 2653/1905/2653 2638/2099/2638
f 2816/2103/2816 2817/2104/2817 2719/1985/2719
f 2659/2105/2659 2719/1985/2719 2663/1913/2663
f 2814/2106/2814 2818/2001/2818 2817/2104/2817
f 2817/2104/2817 2728/2000/2728 2718/1986/2718
f 2812/2107/2812 2731/1998/2731 2818/2001/2818
f 2819/2108/2819 2826/2109/2826 2820/2110/2820
f 2820/2111/2820 2822/2112/2822 2819/2113/2819
f 2825/2114/2825 2819/2108/2819 2821/2115/2821
f 2819/2113/2819 2924/2116/2924 2821/2115/2821
f 2824/2117/2824 2826/2109/2826 2823/2118/2823
f 2939/2119/2939 2823/2118/2823 2825/2114/2825
f 2826/2109/2826 2829/2120/2829 2828/2121/2828
f 2820/2110/2820 2828/2121/2828 2830/2122/2830
f 2820/2111/2820 2831/2123/2831 2833/2124/2833
f 2833/2124/2833 2832/2125/2832 2834/2126/2834
f 2833/2124/2833 2835/2127/2835 2822/2112/2822
f 2836/2128/2836 2837/2129/2837 2839/2130/2839
f 2822/2112/2822 2836/2128/2836 2924/2116/2924
f 2839/2130/2839 2838/2131/2838 2840/2132/2840
f 2842/2133/2842 2839/2130/2839 2841/2134/2841
f 2841/2134/2841 2840/2132/2840 2843/2135/2843
f 2845/2136/2845 2841/2137/2841 2844/2138/2844
f 2844/2138/2844 2843/2139/2843 2846/2140/2846
f 2848/2141/2848 2844/2138/2844 2847/2142/2847
f 2847/2142/2847 2846/2140/2846 2849/2143/2849
f 2851/2144/2851 2847/2142/2847 2850/2145/2850
f 2850/2145/2850 2849/2143/2849 2852/2146/2852
f 2854/2147/2854 2850/2145/2850 2853/2148/2853
f 2853/2148/2853 2852/2146/2852 2855/2149/2855
f 2854/2150/2854 2856/2151/2856 2857/2152/2857
f 2856/2151/2856 2855/2153/2855 2858/2154/2858
f 2857/2152/2857 2859/2155/2859 2861/2156/2861
f 2859/2155/2859 2858/2154/2858 2860/2157/2860
f 2860/2158/2860 2862/2159/2862 2859/2160/2859
f 2859/2160/2859 2865/2161/2865 2861/2156/2861
f 2863/2162/2863 2864/2163/2864 2862/2159/2862
f 2862/2159/2862 2866/2164/2866 2865/2161/2865
f 2864/2163/2864 2867/2165/2867 2866/2166/2866
f 2869/2167/2869 2868/2168/2868 2867/2165/2867
f 2889/2169/2889 2869/2167/2869 2864/2163/2864
f 2870/2170/2870 2871/2171/2871 2869/2167/2869
f 2872/2172/2872 2873/2173/2873 2871/2174/2871
f 2871/2174/2871 2876/2175/2876 2868/2176/2868
f 2874/2177/2874 2875/2178/2875 2873/2173/2873
f 2873/2173/2873 2877/2179/2877 2876/2175/2876
f 2881/2180/2881 2878/2181/2878 2874/2177/2874
f 2881/2180/2881 2880/2182/2880 2879/2183/2879
f 2884/2184/2884 2881/2180/2881 2882/2185/2882
f 2882/2185/2882 2874/2177/2874 2872/2172/2872
f 2885/2186/2885 2882/2187/2882 2887/2188/2887
f 2886/2189/2886 2887/2188/2887 2888/2190/2888
f 2888/2190/2888 2870/2170/2870 2889/2169/2889
f 2887/2188/2887 2872/2191/2872 2870/2170/2870
f 2892/2192/2892 2888/2190/2888 2890/2193/2890
f 2890/2193/2890 2889/2169/2889 2863/2162/2863
f 2893/2194/2893 2890/2193/2890 2891/2195/2891
f 2891/2195/2891 2863/2162/2863 2860/2158/2860
f 2891/2196/2891 2894/2197/2894 2893/2198/2893
f 2896/2199/2896 2895/2200/2895 2894/2197/2894
f 2858/2201/2858 2897/2202/2897 2896/2199/2896
f 2860/2157/2860 2896/2199/2896 2891/2196/2891
f 2855/2149/2855 2898/2203/2898 2897/2202/2897
f 2897/2202/2897 2900/2204/2900 2895/2200/2895
f 2852/2146/2852 2899/2205/2899 2898/2203/2898
f 2898/2203/2898 2901/2206/2901 2900/2204/2900
f 2899/2205/2899 2902/2207/2902 2901/2206/2901
f 2904/2208/2904 2903/2209/2903 2902/2207/2902
f 2846/2140/2846 2905/2210/2905 2904/2208/2904
f 2849/2143/2849 2904/2208/2904 2899/2205/2899
f 2843/2135/2843 2906/2211/2906 2905/2212/2905
f 2905/2212/2905 2908/2213/2908 2903/2214/2903
f 2840/2132/2840 2907/2215/2907 2906/2211/2906
f 2906/2211/2906 2909/2216/2909 2908/2213/2908
f 2910/2217/2910 2857/2152/2857 2861/2156/2861
f 2911/2218/2911 2912/2219/2912 2910/2217/2910
f 2913/2220/2913 2914/2221/2914 2912/2219/2912
f 2912/2219/2912 2854/2150/2854 2857/2152/2857
f 2915/2222/2915 2916/2223/2916 2914/2224/2914
f 2914/2224/2914 2851/2144/2851 2854/2147/2854
f 2917/2225/2917 2918/2226/2918 2916/2223/2916
f 2916/2223/2916 2848/2141/2848 2851/2144/2851
f 2919/2227/2919 2920/2228/2920 2918/2226/2918
f 2918/2226/2918 2845/2136/2845 2848/2141/2848
f 2921/2229/2921 2922/2230/2922 2920/2228/2920
f 2920/2228/2920 2842/2231/2842 2845/2136/2845
f 2922/2230/2922 2836/2128/2836 2842/2133/2842
f 2923/2232/2923 2924/2116/2924 2922/2230/2922
f 2925/2233/2925 2821/2115/2821 2923/2234/2923
f 2927/2235/2927 2923/2234/2923 2921/2229/2921
f 2929/2236/2929 2925/2237/2925 2927/2235/2927
f 2926/2238/2926 2825/2114/2825 2925/2233/2925
f 2930/2239/2930 2927/2235/2927 2928/2240/2928
f 2928/2240/2928 2921/2229/2921 2919/2241/2919
f 2932/2242/2932 2929/2236/2929 2930/2239/2930
f 2929/2236/2929 2934/2243/2934 2926/2244/2926
f 2932/2242/2932 2933/2245/2933 2931/2246/2931
f 2931/2246/2931 2935/2247/2935 2934/2243/2934
f 2926/2238/2926 2936/2248/2936 2939/2119/2939
f 2934/2243/2934 2937/2249/2937 2936/2248/2936
f 2936/2248/2936 2940/2250/2940 2938/2251/2938
f 2939/2119/2939 2938/2251/2938 2824/2117/2824
f 2937/2249/2937 2941/2252/2941 2940/2250/2940
f 2943/2253/2943 2942/2254/2942 2941/2252/2941
f 2944/2255/2944 2945/2256/2945 2943/2253/2943
f 2935/2257/2935 2943/2253/2943 2937/2249/2937
f 2949/2258/2949 2946/2259/2946 2944/2260/2944
f 2950/2261/2950 2947/2262/2947 2949/2258/2949
f 2951/2263/2951 2949/2258/2949 2933/2245/2933
f 2933/2245/2933 2944/2260/2944 2935/2247/2935
f 2955/2264/2955 2950/2261/2950 2951/2263/2951
f 2952/2265/2952 2948/2266/2948 2950/2261/2950
f 2953/2267/2953 2954/2268/2954 2952/2265/2952
f 2956/2269/2956 2952/2265/2952 2955/2264/2955
f 2957/2270/2957 2951/2263/2951 2932/2242/2932
f 2958/2271/2958 2955/2264/2955 2957/2270/2957
f 2960/2272/2960 2957/2270/2957 2959/2273/2959
f 2957/2270/2957 2930/2239/2930 2959/2273/2959
f 2960/2272/2960 2961/2274/2961 2962/2275/2962
f 2959/2273/2959 2928/2240/2928 2961/2274/2961
f 2962/2275/2962 2917/2225/2917 2915/2222/2915
f 2961/2274/2961 2919/2241/2919 2917/2225/2917
f 2963/2276/2963 2915/2277/2915 2913/2278/2913
f 2963/2276/2963 2960/2279/2960 2962/2280/2962
f 2964/2281/2964 2965/2282/2965 2963/2276/2963
f 2911/2218/2911 2963/2276/2963 2913/2278/2913
f 2968/2283/2968 2965/2282/2965 2966/2284/2966
f 2965/2282/2965 2958/2285/2958 2960/2279/2960
f 2968/2283/2968 2969/2286/2969 2967/2287/2967
f 2967/2287/2967 2956/2288/2956 2958/2285/2958
f 2969/2286/2969 2953/2267/2953 2956/2269/2956
f 2970/2289/2970 2971/2290/2971 2969/2286/2969
f 2972/2291/2972 2973/2292/2973 2971/2290/2971
f 2971/2290/2971 2975/2293/2975 2953/2267/2953
f 2978/2294/2978 2974/2295/2974 2972/2296/2972
f 2980/2297/2980 2976/2298/2976 2978/2294/2978
f 2981/2299/2981 2978/2294/2978 2979/2300/2979
f 2979/2300/2979 2972/2296/2972 2970/2289/2970
f 2982/2301/2982 2977/2302/2977 2980/2297/2980
f 2983/2303/2983 2980/2297/2980 2981/2299/2981
f 2998/2304/2998 2982/2301/2982 2983/2303/2983
f 2984/2305/2984 2985/2306/2985 2982/2301/2982
f 2989/2307/2989 2986/2308/2986 2984/2305/2984
f 2989/2307/2989 2988/2309/2988 2987/2310/2987
f 2992/2311/2992 2989/2307/2989 2990/2312/2990
f 2990/2312/2990 2984/2305/2984 2998/2313/2998
f 2993/2314/2993 2990/2312/2990 2995/2315/2995
f 2994/2316/2994 2995/2315/2995 2996/2317/2996
f 2996/2317/2996 2997/2318/2997 2999/2319/2999
f 2995/2315/2995 2998/2313/2998 2997/2318/2997
f 2997/2320/2997 2983/2303/2983 3000/2321/3000
f 2999/2322/2999 3000/2321/3000 3001/2323/3001
f 3001/2323/3001 3002/2324/3002 3003/2325/3003
f 3000/2321/3000 2981/2299/2981 3002/2324/3002
f 3002/2326/3002 2979/2327/2979 3004/2328/3004
f 3003/2329/3003 3004/2328/3004 3005/2330/3005
f 3005/2330/3005 2968/2331/2968 2966/2284/2966
f 3004/2328/3004 2970/2332/2970 2968/2331/2968
f 3006/1619/3006 3011/2333/3011 3007/2334/3007
f 3012/2335/3012 3006/1619/3006 3008/2336/3008
f 3009/2337/3009 3024/2338/3024 3011/2333/3011
f 3014/2339/3014 3009/2337/3009 3012/2335/3012
f 3013/1627/3013 3008/2336/3008 3154/1628/3154
f 3015/1807/3015 3012/2335/3012 3013/1627/3013
f 3017/2340/3017 3014/2339/3014 3015/1807/3015
f 3016/1633/3016 3010/1634/3010 3014/2339/3014
f 3160/2341/3160 3016/1633/3016 3017/2340/3017
f 3018/2342/3018 3019/1637/3019 3016/1633/3016
f 3019/1637/3019 3024/2338/3024 3010/1634/3010
f 3019/1637/3019 3022/1640/3022 3021/1638/3021
f 3021/1638/3021 3071/1641/3071 3023/1646/3023
f 3021/1638/3021 3025/2343/3025 3024/2338/3024
f 3024/2338/3024 3027/2344/3027 3011/2333/3011
f 3026/2345/3026 3023/1646/3023 3074/1647/3074
f 3029/2346/3029 3025/2343/3025 3026/2345/3026
f 3007/2334/3007 3027/2344/3027 3028/2347/3028
f 3030/2348/3030 3027/2344/3027 3029/2346/3029
f 3030/2348/3030 3031/2349/3031 3033/1660/3033
f 3029/2346/3029 3032/1710/3032 3031/2349/3031
f 3037/2350/3037 3031/2349/3031 3032/1710/3032
f 3034/2351/3034 3033/1660/3033 3031/2349/3031
f 3038/2352/3038 3034/2351/3034 3037/2350/3037
f 3035/2353/3035 3036/2354/3036 3034/2351/3034
f 3039/1664/3039 3032/1710/3032 3041/1665/3041
f 3040/2355/3040 3037/2350/3037 3039/1664/3039
f 3044/1667/3044 3039/1664/3039 3042/1668/3042
f 3042/1668/3042 3041/1665/3041 3043/1669/3043
f 3045/1670/3045 3043/1669/3043 3047/2356/3047
f 3046/2357/3046 3042/1668/3042 3045/1670/3045
f 3050/1673/3050 3045/1670/3045 3048/2358/3048
f 3048/2358/3048 3047/2356/3047 3049/2359/3049
f 3049/2359/3049 3051/1677/3051 3048/2358/3048
f 3048/2358/3048 3054/1679/3054 3050/1673/3050
f 3052/1680/3052 3053/1681/3053 3051/1677/3051
f 3051/1677/3051 3055/1682/3055 3054/1679/3054
f 3059/2360/3059 3056/1684/3056 3052/1680/3052
f 3061/2361/3061 3057/2362/3057 3059/2360/3059
f 3060/1706/3060 3052/1680/3052 3049/2359/3049
f 3062/1688/3062 3059/2360/3059 3060/1706/3060
f 3066/2363/3066 3061/2361/3061 3062/1688/3062
f 3065/2364/3065 3061/2361/3061 3063/2365/3063
f 3067/2366/3067 3063/2365/3063 3066/2363/3066
f 3064/2367/3064 3065/2364/3065 3063/2365/3063
f 3069/1696/3069 3066/2363/3066 3068/2368/3068
f 3068/2368/3068 3062/1688/3062 3070/2369/3070
f 3020/2370/3020 3068/2368/3068 3022/1640/3022
f 3022/1640/3022 3070/2369/3070 3071/1641/3071
f 3071/1641/3071 3072/2371/3072 3073/1704/3073
f 3070/2369/3070 3060/1706/3060 3072/2371/3072
f 3073/1704/3073 3047/2356/3047 3043/1669/3043
f 3072/2371/3072 3049/2359/3049 3047/2356/3047
f 3023/1646/3023 3073/1704/3073 3074/1647/3074
f 3074/1647/3074 3043/1669/3043 3041/1665/3041
f 3026/2345/3026 3041/1665/3041 3032/1710/3032
f 3018/2342/3018 3069/1696/3069 3020/2370/3020
f 3075/2372/3075 3067/2366/3067 3069/1696/3069
f 3076/1812/3076 3018/2342/3018 3160/2341/3160
f 3078/1714/3078 3075/2372/3075 3076/1812/3076
f 3080/1730/3080 3077/1712/3077 3078/1714/3078
f 3077/1712/3077 3064/2367/3064 3067/2366/3067
f 3082/2373/3082 3079/2374/3079 3080/1730/3080
f 3079/2374/3079 3083/1694/3083 3064/2367/3064
f 3085/1720/3085 3081/1719/3081 3082/2373/3082
f 3084/2375/3084 3083/1694/3083 3081/1719/3081
f 3093/2376/3093 3084/2375/3084 3085/1720/3085
f 3086/1723/3086 3087/1724/3087 3084/2375/3084
f 3087/1724/3087 3065/2364/3065 3083/1694/3083
f 3087/1724/3087 3090/2377/3090 3089/2378/3089
f 3089/2378/3089 3092/1728/3092 3091/2379/3091
f 3089/2378/3089 3058/1692/3058 3065/2364/3065
f 3080/1730/3080 3094/1731/3094 3082/2373/3082
f 3096/2380/3096 3095/2381/3095 3094/1731/3094
f 3078/1714/3078 3096/2380/3096 3080/1730/3080
f 3097/2382/3097 3098/2383/3098 3096/2380/3096
f 3098/2383/3098 3103/1736/3103 3095/2381/3095
f 3099/1737/3099 3100/1738/3100 3098/2383/3098
f 3101/2384/3101 3102/1740/3102 3100/1738/3100
f 3100/1738/3100 3104/2385/3104 3103/1736/3103
f 3108/1742/3108 3105/1743/3105 3101/2384/3101
f 3110/2386/3110 3106/1746/3106 3108/1742/3108
f 3109/1810/3109 3101/2384/3101 3099/1737/3099
f 3111/1749/3111 3108/1742/3108 3109/1810/3109
f 3112/2387/3112 3107/1751/3107 3110/2386/3110
f 3113/2388/3113 3110/2386/3110 3111/1749/3111
f 3157/2389/3157 3112/2387/3112 3113/2388/3113
f 3114/1754/3114 3115/1755/3115 3112/2387/3112
f 3119/1758/3119 3116/2390/3116 3114/1754/3114
f 3119/1758/3119 3118/2391/3118 3117/2392/3117
f 3157/2389/3157 3119/1758/3119 3114/1754/3114
f 3120/2393/3120 3121/2394/3121 3119/1758/3119
f 3123/2395/3123 3118/2391/3118 3121/2394/3121
f 3124/2396/3124 3121/2394/3121 3122/1799/3122
f 3149/1765/3149 3123/2395/3123 3124/2396/3124
f 3125/2397/3125 3126/2398/3126 3123/2395/3123
f 3130/2399/3130 3127/2400/3127 3125/2397/3125
f 3132/2401/3132 3128/2402/3128 3130/2399/3130
f 3131/2403/3131 3125/2397/3125 3149/1765/3149
f 3133/1773/3133 3130/2399/3130 3131/2403/3131
f 3134/1780/3134 3129/2404/3129 3132/2401/3132
f 3135/2405/3135 3132/2401/3132 3133/1773/3133
f 3139/1779/3139 3134/1780/3134 3135/2405/3135
f 3134/1780/3134 3138/1781/3138 3137/1775/3137
f 3140/2406/3140 3135/2405/3135 3142/2407/3142
f 3141/1784/3141 3142/2407/3142 3143/2408/3143
f 3143/2408/3143 3144/1788/3144 3145/2409/3145
f 3142/2407/3142 3133/1773/3133 3144/1788/3144
f 3144/1788/3144 3131/2403/3131 3146/1789/3146
f 3145/2409/3145 3146/1789/3146 3147/2410/3147
f 3147/2410/3147 3148/2411/3148 3150/1792/3150
f 3146/1789/3146 3149/1765/3149 3148/2411/3148
f 3148/2411/3148 3124/2396/3124 3151/2412/3151
f 3152/1796/3152 3148/2411/3148 3151/2412/3151
f 3154/1628/3154 3151/2412/3151 3153/2413/3153
f 3151/2412/3151 3122/1799/3122 3153/2413/3153
f 3122/1799/3122 3155/1800/3155 3153/2413/3153
f 3153/2413/3153 3013/1627/3013 3154/1628/3154
f 3120/2393/3120 3156/2414/3156 3155/1800/3155
f 3155/1800/3155 3015/1807/3015 3013/1627/3013
f 3156/2414/3156 3113/2388/3113 3158/2415/3158
f 3015/1807/3015 3158/2415/3158 3017/2340/3017
f 3158/2415/3158 3111/1749/3111 3159/2416/3159
f 3017/2340/3017 3159/2416/3159 3160/2341/3160
f 3159/2416/3159 3109/1810/3109 3161/1811/3161
f 3160/2341/3160 3161/1811/3161 3076/1812/3076
f 3161/1811/3161 3099/1737/3099 3097/2382/3097
f 3076/1812/3076 3097/2382/3097 3078/1714/3078
f 3036/2354/3036 3166/2417/3166 3033/1660/3033
f 3164/1817/3164 3036/2354/3036 3162/1815/3162
f 3202/1860/3202 3163/2418/3163 3164/1817/3164
f 3163/2418/3163 3167/1819/3167 3166/2417/3166
f 3166/2417/3166 3169/2419/3169 3168/2420/3168
f 3033/1660/3033 3168/2420/3168 3030/2348/3030
f 3168/2420/3168 3171/1827/3171 3170/1824/3170
f 3030/2348/3030 3170/1824/3170 3028/2347/3028
f 3169/2419/3169 3172/2421/3172 3171/1827/3171
f 3174/2422/3174 3173/1829/3173 3172/2421/3172
f 3167/1819/3167 3174/2422/3174 3169/2419/3169
f 3175/2423/3175 3176/1831/3176 3174/2422/3174
f 3176/1831/3176 3181/2424/3181 3173/1829/3173
f 3177/2425/3177 3178/2426/3178 3176/1831/3176
f 3179/1835/3179 3180/2427/3180 3178/2426/3178
f 3178/2426/3178 3182/2428/3182 3181/2424/3181
f 3180/2427/3180 3183/1839/3183 3182/2428/3182
f 3185/2429/3185 3184/1842/3184 3183/1839/3183
f 3194/2430/3194 3185/2429/3185 3180/2427/3180
f 3186/2431/3186 3187/1845/3187 3185/2429/3185
f 3191/2432/3191 3188/2433/3188 3186/2431/3186
f 3190/2434/3190 3191/2432/3191 3192/1849/3192
f 3192/1849/3192 3193/2435/3193 3195/2436/3195
f 3193/2435/3193 3186/2431/3186 3194/2430/3194
f 3196/2437/3196 3194/2430/3194 3179/1835/3179
f 3195/2436/3195 3196/2437/3196 3197/1855/3197
f 3197/1855/3197 3198/1856/3198 3199/1857/3199
f 3198/1856/3198 3179/1835/3179 3177/2425/3177
f 3200/2438/3200 3177/2425/3177 3175/2423/3175
f 3199/1857/3199 3200/2438/3200 3201/1859/3201
f 3201/1859/3201 3165/2439/3165 3202/1860/3202
f 3165/2439/3165 3175/2423/3175 3167/1819/3167
f 3207/2440/3207 3204/2441/3204 3203/2442/3203
f 3205/2443/3205 3208/2444/3208 3203/2442/3203
f 3208/2445/3208 3206/2446/3206 3203/2442/3203
f 3206/2446/3206 3207/2447/3207 3203/2442/3203
f 3210/2448/3210 3209/2449/3209 3208/2444/3208
f 3212/2450/3212 3208/2445/3208 3209/2451/3209
f 3215/2452/3215 3211/2453/3211 3212/2450/3212
f 3213/2454/3213 3206/2446/3206 3211/2453/3211
f 3216/2455/3216 3214/2456/3214 3213/2457/3213
f 3217/2458/3217 3213/2457/3213 3215/2459/3215
f 3324/2460/3324 3216/2455/3216 3217/2458/3217
f 3218/2461/3218 3219/2462/3219 3216/2455/3216
f 3219/2462/3219 3224/2463/3224 3214/2456/3214
f 3220/2464/3220 3221/2465/3221 3219/2462/3219
f 3221/2465/3221 3268/2466/3268 3223/2467/3223
f 3221/2465/3221 3225/2468/3225 3224/2463/3224
f 3224/2469/3224 3227/2470/3227 3226/2471/3226
f 3214/2456/3214 3226/2471/3226 3206/2446/3206
f 3226/2471/3226 3228/2472/3228 3207/2447/3207
f 3225/2468/3225 3229/2473/3229 3227/2474/3227
f 3227/2474/3227 3232/2475/3232 3228/2476/3228
f 3230/2477/3230 3231/2478/3231 3229/2473/3229
f 3229/2473/3229 3233/2479/3233 3232/2475/3232
f 3235/2480/3235 3232/2475/3232 3233/2479/3233
f 3234/2481/3234 3228/2482/3228 3232/2475/3232
f 3262/2483/3262 3234/2481/3234 3235/2480/3235
f 3236/2484/3236 3237/2485/3237 3234/2481/3234
f 3238/2486/3238 3239/2487/3239 3237/2488/3237
f 3237/2488/3237 3207/2440/3207 3228/2482/3228
f 3239/2487/3239 3241/2489/3241 3204/2441/3204
f 3240/2490/3240 3245/2491/3245 3241/2492/3241
f 3238/2493/3238 3242/2494/3242 3240/2490/3240
f 3243/2495/3243 3244/2496/3244 3242/2494/3242
f 3242/2494/3242 3246/2497/3246 3245/2491/3245
f 3244/2498/3244 3247/2499/3247 3246/2500/3246
f 3249/2501/3249 3248/2502/3248 3247/2499/3247
f 3258/2503/3258 3249/2501/3249 3244/2498/3244
f 3250/2504/3250 3251/2505/3251 3249/2501/3249
f 3253/2506/3253 3250/2504/3250 3255/2507/3255
f 3254/2508/3254 3255/2507/3255 3256/2509/3256
f 3256/2509/3256 3257/2510/3257 3259/2511/3259
f 3257/2510/3257 3250/2504/3250 3258/2503/3258
f 3260/2512/3260 3258/2513/3258 3243/2495/3243
f 3259/2514/3259 3260/2512/3260 3261/2515/3261
f 3261/2515/3261 3236/2484/3236 3262/2483/3262
f 3260/2512/3260 3238/2493/3238 3236/2484/3236
f 3230/2477/3230 3264/2516/3264 3263/2517/3263
f 3266/2518/3266 3265/2519/3265 3264/2516/3264
f 3225/2468/3225 3266/2518/3266 3230/2477/3230
f 3223/2467/3223 3267/2520/3267 3266/2518/3266
f 3267/2520/3267 3272/2521/3272 3265/2519/3265
f 3268/2466/3268 3269/2522/3269 3267/2520/3267
f 3270/2523/3270 3271/2524/3271 3269/2522/3269
f 3269/2522/3269 3273/2525/3273 3272/2521/3272
f 3271/2524/3271 3274/2526/3274 3273/2525/3273
f 3276/2527/3276 3275/2528/3275 3274/2526/3274
f 3295/2529/3295 3276/2527/3276 3271/2524/3271
f 3277/2530/3277 3278/2531/3278 3276/2527/3276
f 3278/2532/3278 3283/2533/3283 3275/2534/3275
f 3279/2535/3279 3280/2536/3280 3278/2532/3278
f 3281/2537/3281 3282/2538/3282 3280/2536/3280
f 3280/2536/3280 3284/2539/3284 3283/2533/3283
f 3288/2540/3288 3285/2541/3285 3281/2542/3281
f 3289/2543/3289 3286/2544/3286 3288/2540/3288
f 3291/2545/3291 3288/2540/3288 3290/2546/3290
f 3290/2546/3290 3281/2542/3281 3279/2547/3279
f 3292/2548/3292 3279/2547/3279 3277/2530/3277
f 3293/2549/3293 3290/2546/3290 3292/2548/3292
f 3296/2550/3296 3292/2548/3292 3294/2551/3294
f 3294/2551/3294 3277/2530/3277 3295/2529/3295
f 3297/2552/3297 3295/2529/3295 3270/2523/3270
f 3298/2553/3298 3294/2551/3294 3297/2552/3297
f 3298/2553/3298 3222/2554/3222 3220/2464/3220
f 3222/2554/3222 3270/2523/3270 3268/2466/3268
f 3299/2555/3299 3220/2464/3220 3218/2461/3218
f 3301/2556/3301 3298/2553/3298 3299/2555/3299
f 3300/2557/3300 3218/2461/3218 3324/2460/3324
f 3302/2558/3302 3299/2555/3299 3300/2557/3300
f 3303/2559/3303 3296/2550/3296 3301/2556/3301
f 3304/2560/3304 3301/2556/3301 3302/2558/3302
f 3306/2561/3306 3303/2559/3303 3304/2560/3304
f 3303/2559/3303 3291/2545/3291 3293/2549/3293
f 3305/2562/3305 3289/2543/3289 3291/2545/3291
f 3308/2563/3308 3305/2562/3305 3306/2561/3306
f 3310/2564/3310 3307/2565/3307 3308/2563/3308
f 3307/2565/3307 3287/2566/3287 3289/2543/3289
f 3311/2567/3311 3308/2568/3308 3313/2569/3313
f 3312/2570/3312 3313/2569/3313 3314/2571/3314
f 3314/2571/3314 3315/2572/3315 3316/2573/3316
f 3313/2569/3313 3306/2574/3306 3315/2572/3315
f 3315/2572/3315 3304/2560/3304 3317/2575/3317
f 3316/2576/3316 3317/2575/3317 3318/2577/3318
f 3318/2577/3318 3319/2578/3319 3320/2579/3320
f 3317/2575/3317 3302/2558/3302 3319/2578/3319
f 3319/2578/3319 3300/2557/3300 3321/2580/3321
f 3320/2579/3320 3321/2580/3321 3322/2581/3322
f 3322/2581/3322 3323/2582/3323 3325/2583/3325
f 3321/2580/3321 3324/2460/3324 3323/2582/3323
f 3323/2582/3323 3217/2458/3217 3326/2584/3326
f 3325/2583/3325 3326/2584/3326 3327/2585/3327
f 3327/2585/3327 3328/2586/3328 3329/2587/3329
f 3326/2584/3326 3215/2459/3215 3328/2586/3328
f 3328/2586/3328 3212/2588/3212 3330/2589/3330
f 3329/2587/3329 3330/2589/3330 3331/2590/3331
f 3331/2590/3331 3332/2591/3332 3333/2592/3333
f 3330/2589/3330 3209/2593/3209 3332/2591/3332
f 3335/2594/3335 3332/2595/3332 3209/2596/3209
f 3334/2597/3334 3333/2592/3333 3332/2595/3332
f 3361/2598/3361 3334/2597/3334 3335/2594/3335
f 3336/2599/3336 3337/2600/3337 3334/2597/3334
f 3338/2601/3338 3341/2602/3341 3339/2603/3339
f 3339/2603/3339 3343/2604/3343 3340/2605/3340
f 3336/2606/3336 3342/2607/3342 3341/2602/3341
f 3341/2602/3341 3344/2608/3344 3343/2604/3343
f 3343/2609/3343 3346/2610/3346 3345/2611/3345
f 3340/2612/3340 3345/2611/3345 3348/2613/3348
f 3345/2611/3345 3350/2614/3350 3347/2615/3347
f 3345/2611/3345 3349/2616/3349 3348/2613/3348
f 3346/2610/3346 3351/2617/3351 3350/2614/3350
f 3353/2618/3353 3352/2619/3352 3351/2617/3351
f 3344/2620/3344 3353/2618/3353 3346/2610/3346
f 3354/2621/3354 3355/2622/3355 3353/2618/3353
f 3359/2623/3359 3356/2624/3356 3354/2625/3354
f 3360/2626/3360 3357/2627/3357 3359/2623/3359
f 3361/2598/3361 3359/2623/3359 3342/2607/3342
f 3342/2607/3342 3354/2625/3354 3344/2608/3344
f 3358/2628/3358 3210/2448/3210 3205/2443/3205
f 3360/2629/3360 3335/2630/3335 3210/2448/3210
f 3366/2631/3366 3363/2632/3363 3362/2633/3362
f 3364/2634/3364 3367/2635/3367 3362/2633/3362
f 3367/2636/3367 3365/2637/3365 3362/2633/3362
f 3365/2637/3365 3366/2638/3366 3362/2633/3362
f 3369/2639/3369 3368/2640/3368 3367/2635/3367
f 3371/2641/3371 3367/2636/3367 3368/2642/3368
f 3374/2643/3374 3370/2644/3370 3371/2641/3371
f 3372/2645/3372 3365/2637/3365 3370/2644/3370
f 3375/2646/3375 3373/2647/3373 3372/2648/3372
f 3376/2649/3376 3372/2648/3372 3374/2650/3374
f 3494/2651/3494 3375/2646/3375 3376/2649/3376
f 3377/2652/3377 3378/2653/3378 3375/2646/3375
f 3378/2653/3378 3383/2654/3383 3373/2647/3373
f 3379/2655/3379 3380/2656/3380 3378/2653/3378
f 3381/2657/3381 3382/2658/3382 3380/2656/3380
f 3380/2656/3380 3384/2659/3384 3383/2654/3383
f 3383/2654/3383 3386/2660/3386 3385/2661/3385
f 3373/2662/3373 3385/2661/3385 3365/2637/3365
f 3385/2661/3385 3387/2663/3387 3366/2638/3366
f 3384/2659/3384 3388/2664/3388 3386/2665/3386
f 3386/2665/3386 3391/2666/3391 3387/2667/3387
f 3389/2668/3389 3390/2669/3390 3388/2664/3388
f 3388/2664/3388 3392/2670/3392 3391/2666/3391
f 3394/2671/3394 3391/2672/3391 3392/2673/3392
f 3393/2674/3393 3387/2663/3387 3391/2672/3391
f 3431/2675/3431 3393/2674/3393 3394/2671/3394
f 3395/2676/3395 3396/2677/3396 3393/2674/3393
f 3397/2678/3397 3398/2679/3398 3396/2680/3396
f 3396/2680/3396 3366/2631/3366 3387/2681/3387
f 3398/2679/3398 3400/2682/3400 3363/2632/3363
f 3399/2683/3399 3404/2684/3404 3400/2685/3400
f 3397/2686/3397 3401/2687/3401 3399/2683/3399
f 3402/2688/3402 3403/2689/3403 3401/2687/3401
f 3401/2687/3401 3405/2690/3405 3404/2684/3404
f 3403/2689/3403 3406/2691/3406 3405/2690/3405
f 3408/2692/3408 3407/2693/3407 3406/2691/3406
f 3428/2694/3428 3408/2692/3408 3403/2689/3403
f 3409/2695/3409 3410/2696/3410 3408/2692/3408
f 3410/2697/3410 3415/2698/3415 3407/2693/3407
f 3411/2699/3411 3412/2700/3412 3410/2697/3410
f 3413/2701/3413 3414/2702/3414 3412/2700/3412
f 3412/2700/3412 3416/2703/3416 3415/2698/3415
f 3418/2704/3418 3413/2701/3413 3420/2705/3420
f 3419/2706/3419 3420/2705/3420 3421/2707/3421
f 3421/2707/3421 3422/2708/3422 3423/2709/3423
f 3422/2708/3422 3413/2701/3413 3411/2699/3411
f 3424/2710/3424 3411/2699/3411 3409/2695/3409
f 3423/2709/3423 3424/2710/3424 3425/2711/3425
f 3425/2711/3425 3426/2712/3426 3427/2713/3427
f 3426/2712/3426 3409/2695/3409 3428/2694/3428
f 3427/2713/3427 3429/2714/3429 3430/2715/3430
f 3429/2714/3429 3428/2694/3428 3402/2688/3402
f 3430/2715/3430 3395/2676/3395 3431/2675/3431
f 3395/2676/3395 3402/2688/3402 3397/2686/3397
f 3435/2716/3435 3432/2717/3432 3389/2668/3389
f 3435/2716/3435 3434/2718/3434 3433/2719/3433
f 3382/2658/3382 3389/2668/3389 3384/2659/3384
f 3382/2658/3382 3436/2720/3436 3435/2716/3435
f 3436/2720/3436 3441/2721/3441 3434/2718/3434
f 3437/2722/3437 3438/2723/3438 3436/2720/3436
f 3439/2724/3439 3440/2725/3440 3438/2723/3438
f 3438/2723/3438 3442/2726/3442 3441/2721/3441
f 3440/2725/3440 3443/2727/3443 3442/2726/3442
f 3445/2728/3445 3444/2729/3444 3443/2727/3443
f 3465/2730/3465 3445/2728/3445 3440/2725/3440
f 3446/2731/3446 3447/2732/3447 3445/2728/3445
f 3447/2733/3447 3452/2734/3452 3444/2735/3444
f 3448/2736/3448 3449/2737/3449 3447/2733/3447
f 3450/2738/3450 3451/2739/3451 3449/2737/3449
f 3449/2737/3449 3453/2740/3453 3452/2734/3452
f 3457/2741/3457 3454/2742/3454 3450/2743/3450
f 3458/2744/3458 3455/2745/3455 3457/2741/3457
f 3460/2746/3460 3457/2741/3457 3459/2747/3459
f 3459/2747/3459 3450/2743/3450 3448/2748/3448
f 3461/2749/3461 3448/2748/3448 3446/2731/3446
f 3462/2750/3462 3459/2747/3459 3461/2749/3461
f 3462/2750/3462 3463/2751/3463 3464/2752/3464
f 3463/2751/3463 3446/2731/3446 3465/2730/3465
f 3464/2752/3464 3466/2753/3466 3467/2754/3467
f 3466/2753/3466 3465/2730/3465 3439/2724/3439
f 3467/2754/3467 3381/2657/3381 3379/2655/3379
f 3381/2657/3381 3439/2724/3439 3437/2722/3437
f 3468/2755/3468 3379/2655/3379 3377/2652/3377
f 3470/2756/3470 3467/2754/3467 3468/2755/3468
f 3469/2757/3469 3377/2652/3377 3494/2651/3494
f 3471/2758/3471 3468/2755/3468 3469/2757/3469
f 3473/2759/3473 3470/2756/3470 3471/2758/3471
f 3472/2760/3472 3464/2752/3464 3470/2756/3470
f 3475/2761/3475 3472/2760/3472 3473/2759/3473
f 3474/2762/3474 3462/2750/3462 3472/2760/3472
f 3476/2763/3476 3460/2746/3460 3474/2762/3474
f 3477/2764/3477 3474/2762/3474 3475/2761/3475
f 3479/2765/3479 3476/2763/3476 3477/2764/3477
f 3478/2766/3478 3458/2744/3458 3476/2763/3476
f 3480/2767/3480 3477/2768/3477 3482/2769/3482
f 3481/2770/3481 3482/2769/3482 3483/2771/3483
f 3483/2771/3483 3484/2772/3484 3485/2773/3485
f 3482/2769/3482 3475/2774/3475 3484/2772/3484
f 3484/2775/3484 3473/2776/3473 3486/2777/3486
f 3485/2773/3485 3486/2777/3486 3488/2778/3488
f 3486/2777/3486 3471/2779/3471 3487/2780/3487
f 3488/2778/3488 3487/2780/3487 3489/2781/3489
f 3489/2781/3489 3492/2782/3492 3490/2783/3490
f 3490/2783/3490 3493/2784/3493 3491/2785/3491
f 3487/2780/3487 3469/2757/3469 3492/2782/3492
f 3492/2782/3492 3494/2786/3494 3493/2784/3493
f 3493/2787/3493 3376/2649/3376 3495/2788/3495
f 3491/2789/3491 3495/2788/3495 3496/2790/3496
f 3496/2790/3496 3497/2791/3497 3498/2792/3498
f 3495/2788/3495 3374/2650/3374 3497/2791/3497
f 3497/2791/3497 3371/2793/3371 3499/2794/3499
f 3498/2792/3498 3499/2794/3499 3500/2795/3500
f 3500/2795/3500 3501/2796/3501 3502/2797/3502
f 3499/2794/3499 3368/2642/3368 3501/2796/3501
f 3504/2798/3504 3501/2799/3501 3368/2800/3368
f 3503/2801/3503 3502/2802/3502 3501/2799/3501
f 3530/2803/3530 3503/2801/3503 3504/2798/3504
f 3505/2804/3505 3506/2805/3506 3503/2801/3503
f 3507/2806/3507 3510/2807/3510 3508/2808/3508
f 3508/2808/3508 3512/2809/3512 3509/2810/3509
f 3505/2811/3505 3511/2812/3511 3510/2807/3510
f 3510/2807/3510 3513/2813/3513 3512/2809/3512
f 3512/2814/3512 3515/2815/3515 3514/2816/3514
f 3512/2814/3512 3517/2817/3517 3509/2818/3509
f 3514/2816/3514 3519/2819/3519 3516/2820/3516
f 3514/2816/3514 3518/2821/3518 3517/2817/3517
f 3515/2815/3515 3520/2822/3520 3519/2819/3519
f 3522/2823/3522 3521/2824/3521 3520/2822/3520
f 3513/2813/3513 3522/2823/3522 3515/2815/3515
f 3523/2825/3523 3524/2826/3524 3522/2823/3522
f 3528/2827/3528 3525/2828/3525 3523/2829/3523
f 3529/2830/3529 3526/2831/3526 3528/2827/3528
f 3530/2832/3530 3528/2827/3528 3511/2812/3511
f 3511/2812/3511 3523/2829/3523 3513/2813/3513
f 3527/2833/3527 3369/2639/3369 3364/2634/3364
f 3529/2830/3529 3504/2834/3504 3369/2639/3369
f 3531/2835/3531 3536/1620/3536 3532/2836/3532
f 3537/2335/3537 3531/2835/3531 3533/2837/3533
f 3534/2838/3534 3549/2839/3549 3536/1620/3536
f 3539/1626/3539 3534/2838/3534 3537/2335/3537
f 3538/2840/3538 3533/2837/3533 3679/1628/3679
f 3540/2841/3540 3537/2335/3537 3538/2840/3538
f 3542/2340/3542 3539/1626/3539 3540/2841/3540
f 3541/2842/3541 3535/2843/3535 3539/1626/3539
f 3685/2844/3685 3541/2842/3541 3542/2340/3542
f 3543/1636/3543 3544/2845/3544 3541/2842/3541
f 3535/2843/3535 3546/2846/3546 3549/2839/3549
f 3544/2845/3544 3547/1640/3547 3546/2846/3546
f 3546/2846/3546 3596/2847/3596 3548/2848/3548
f 3546/2846/3546 3550/1643/3550 3549/2839/3549
f 3549/2839/3549 3552/2849/3552 3536/1620/3536
f 3551/2850/3551 3548/2848/3548 3599/1647/3599
f 3554/2851/3554 3550/1643/3550 3551/2850/3551
f 3532/2836/3532 3552/2849/3552 3553/1651/3553
f 3555/1652/3555 3552/2849/3552 3554/2851/3554
f 3555/1652/3555 3556/1658/3556 3558/2852/3558
f 3554/2851/3554 3557/1656/3557 3556/1658/3556
f 3562/1657/3562 3556/1658/3556 3557/1656/3557
f 3559/1659/3559 3558/2852/3558 3556/1658/3556
f 3563/1661/3563 3559/1659/3559 3562/1657/3562
f 3560/2853/3560 3561/2854/3561 3559/1659/3559
f 3564/1664/3564 3557/1656/3557 3566/1709/3566
f 3565/2355/3565 3562/1657/3562 3564/1664/3564
f 3569/2855/3569 3564/1664/3564 3567/2856/3567
f 3567/2856/3567 3566/1709/3566 3568/1669/3568
f 3570/1670/3570 3568/1669/3568 3572/1671/3572
f 3571/1672/3571 3567/2856/3567 3570/1670/3570
f 3575/2857/3575 3570/1670/3570 3573/2858/3573
f 3573/2858/3573 3572/1671/3572 3574/2859/3574
f 3574/2859/3574 3576/1677/3576 3573/2858/3573
f 3573/2858/3573 3579/1679/3579 3575/2857/3575
f 3577/2860/3577 3578/2861/3578 3576/1677/3576
f 3576/1677/3576 3580/1682/3580 3579/1679/3579
f 3584/2360/3584 3581/2862/3581 3577/2860/3577
f 3586/2361/3586 3582/1686/3582 3584/2360/3584
f 3585/2863/3585 3577/2860/3577 3574/2859/3574
f 3587/2864/3587 3584/2360/3584 3585/2863/3585
f 3591/2865/3591 3586/2361/3586 3587/2864/3587
f 3590/1725/3590 3586/2361/3586 3588/2866/3588
f 3592/1693/3592 3588/2866/3588 3591/2865/3591
f 3608/1694/3608 3588/2866/3588 3589/2867/3589
f 3594/2868/3594 3591/2865/3591 3593/2869/3593
f 3593/2869/3593 3587/2864/3587 3595/2870/3595
f 3545/2370/3545 3593/2869/3593 3547/1640/3547
f 3547/1640/3547 3595/2870/3595 3596/2847/3596
f 3596/2847/3596 3597/2371/3597 3598/1704/3598
f 3595/2870/3595 3585/2863/3585 3597/2371/3597
f 3598/1704/3598 3572/1671/3572 3568/1669/3568
f 3597/2371/3597 3574/2859/3574 3572/1671/3572
f 3548/2848/3548 3598/1704/3598 3599/1647/3599
f 3599/1647/3599 3568/1669/3568 3566/1709/3566
f 3551/2850/3551 3566/1709/3566 3557/1656/3557
f 3600/2372/3600 3545/2370/3545 3543/1636/3543
f 3602/1712/3602 3594/2868/3594 3600/2372/3600
f 3601/1713/3601 3543/1636/3543 3685/2844/3685
f 3603/2871/3603 3600/2372/3600 3601/1713/3601
f 3605/1715/3605 3602/1712/3602 3603/2871/3603
f 3604/2872/3604 3592/1693/3592 3602/1712/3602
f 3607/1718/3607 3604/2872/3604 3605/1715/3605
f 3606/2873/3606 3589/2867/3589 3604/2872/3604
f 3610/1720/3610 3606/2873/3606 3607/1718/3607
f 3609/2874/3609 3608/1694/3608 3606/2873/3606
f 3618/1722/3618 3609/2874/3609 3610/1720/3610
f 3611/1723/3611 3612/1724/3612 3609/2874/3609
f 3612/1724/3612 3590/1725/3590 3608/1694/3608
f 3612/1724/3612 3615/2875/3615 3614/2876/3614
f 3614/2876/3614 3617/1728/3617 3616/1729/3616
f 3614/2876/3614 3583/2877/3583 3590/1725/3590
f 3605/1715/3605 3619/1731/3619 3607/1718/3607
f 3621/2878/3621 3620/2879/3620 3619/1731/3619
f 3603/2871/3603 3621/2878/3621 3605/1715/3605
f 3622/2382/3622 3623/1735/3623 3621/2878/3621
f 3623/1735/3623 3628/2880/3628 3620/2879/3620
f 3624/1748/3624 3625/2881/3625 3623/1735/3623
f 3626/2882/3626 3627/1740/3627 3625/2881/3625
f 3625/2881/3625 3629/1741/3629 3628/2880/3628
f 3633/1742/3633 3630/1743/3630 3626/2882/3626
f 3635/2883/3635 3631/2884/3631 3633/1742/3633
f 3634/2885/3634 3626/2882/3626 3624/1748/3624
f 3636/2886/3636 3633/1742/3633 3634/2885/3634
f 3637/2887/3637 3632/2888/3632 3635/2883/3635
f 3638/2889/3638 3635/2883/3635 3636/2886/3636
f 3682/2890/3682 3637/2887/3637 3638/2889/3638
f 3639/2891/3639 3640/2892/3640 3637/2887/3637
f 3639/2891/3639 3642/1756/3642 3641/2893/3641
f 3644/1758/3644 3643/2391/3643 3642/1756/3642
f 3682/2890/3682 3644/1758/3644 3639/2891/3639
f 3645/2894/3645 3646/1761/3646 3644/1758/3644
f 3648/2895/3648 3643/2391/3643 3646/1761/3646
f 3649/2896/3649 3646/1761/3646 3647/1764/3647
f 3674/1765/3674 3648/2895/3648 3649/2896/3649
f 3650/1766/3650 3651/1767/3651 3648/2895/3648
f 3655/2897/3655 3652/2898/3652 3650/1766/3650
f 3657/2899/3657 3653/2900/3653 3655/2897/3655
f 3656/2403/3656 3650/1766/3650 3674/1765/3674
f 3658/1778/3658 3655/2897/3655 3656/2403/3656
f 3659/1780/3659 3654/1776/3654 3657/2899/3657
f 3660/2901/3660 3657/2899/3657 3658/1778/3658
f 3664/1779/3664 3659/1780/3659 3660/2901/3660
f 3659/1780/3659 3663/1781/3663 3662/1775/3662
f 3665/1782/3665 3660/2901/3660 3667/2902/3667
f 3666/1784/3666 3667/2902/3667 3668/2903/3668
f 3668/2903/3668 3669/1788/3669 3670/2904/3670
f 3667/2902/3667 3658/1778/3658 3669/1788/3669
f 3669/1788/3669 3656/2403/3656 3671/1789/3671
f 3670/2904/3670 3671/1789/3671 3672/2905/3672
f 3672/2905/3672 3673/2906/3673 3675/2907/3675
f 3671/1789/3671 3674/1765/3674 3673/2906/3673
f 3673/2906/3673 3649/2896/3649 3676/2908/3676
f 3675/2907/3675 3676/2908/3676 3677/2909/3677
f 3677/2909/3677 3678/2413/3678 3679/1628/3679
f 3676/2908/3676 3647/1764/3647 3678/2413/3678
f 3647/1764/3647 3680/1800/3680 3678/2413/3678
f 3678/2413/3678 3538/2840/3538 3679/1628/3679
f 3645/2894/3645 3681/2910/3681 3680/1800/3680
f 3680/1800/3680 3540/2841/3540 3538/2840/3538
f 3681/2910/3681 3638/2889/3638 3683/2911/3683
f 3540/2841/3540 3683/2911/3683 3542/2340/3542
f 3683/2911/3683 3636/2886/3636 3684/1809/3684
f 3542/2340/3542 3684/1809/3684 3685/2844/3685
f 3684/1809/3684 3634/2885/3634 3686/1811/3686
f 3685/2844/3685 3686/1811/3686 3601/1713/3601
f 3686/1811/3686 3624/1748/3624 3622/2382/3622
f 3601/1713/3601 3622/2382/3622 3603/2871/3603
f 3561/2854/3561 3691/1820/3691 3558/2852/3558
f 3687/1815/3687 3688/1816/3688 3561/2854/3561
f 3689/2912/3689 3690/2913/3690 3688/1816/3688
f 3688/1816/3688 3692/2914/3692 3691/1820/3691
f 3691/1820/3691 3694/1825/3694 3693/2420/3693
f 3558/2852/3558 3693/2420/3693 3555/1652/3555
f 3693/2420/3693 3696/2915/3696 3695/1824/3695
f 3555/1652/3555 3695/1824/3695 3553/1651/3553
f 3694/1825/3694 3697/2916/3697 3696/2915/3696
f 3699/1828/3699 3698/1829/3698 3697/2916/3697
f 3692/2914/3692 3699/1828/3699 3694/1825/3694
f 3700/2423/3700 3701/2917/3701 3699/1828/3699
f 3701/2917/3701 3706/1832/3706 3698/1829/3698
f 3702/1833/3702 3703/2918/3703 3701/2917/3701
f 3704/2919/3704 3705/1838/3705 3703/2918/3703
f 3703/2918/3703 3707/2920/3707 3706/1832/3706
f 3705/1838/3705 3708/2921/3708 3707/2920/3707
f 3710/2922/3710 3709/1842/3709 3708/2921/3708
f 3719/2923/3719 3710/2922/3710 3705/1838/3705
f 3711/2431/3711 3712/2924/3712 3710/2922/3710
f 3716/1846/3716 3713/2925/3713 3711/2431/3711
f 3715/1848/3715 3716/1846/3716 3717/2926/3717
f 3717/2926/3717 3718/2927/3718 3720/2928/3720
f 3718/2927/3718 3711/2431/3711 3719/2923/3719
f 3721/2929/3721 3719/2923/3719 3704/2919/3704
f 3720/2928/3720 3721/2929/3721 3722/1855/3722
f 3722/1855/3722 3723/1856/3723 3724/2930/3724
f 3723/1856/3723 3704/2919/3704 3702/1833/3702
f 3725/1858/3725 3702/1833/3702 3700/2423/3700
f 3724/2930/3724 3725/1858/3725 3726/1859/3726
f 3727/2931/3727 3725/1858/3725 3690/2913/3690
f 3690/2913/3690 3700/2423/3700 3692/2914/3692
f 3732/2440/3732 3729/2441/3729 3728/2442/3728
f 3730/2443/3730 3733/2444/3733 3728/2442/3728
f 3733/2445/3733 3731/2446/3731 3728/2442/3728
f 3731/2446/3731 3732/2447/3732 3728/2442/3728
f 3735/2448/3735 3734/2449/3734 3733/2444/3733
f 3737/2450/3737 3733/2445/3733 3734/2451/3734
f 3740/2452/3740 3736/2453/3736 3737/2450/3737
f 3738/2454/3738 3731/2446/3731 3736/2453/3736
f 3741/2455/3741 3739/2456/3739 3738/2457/3738
f 3742/2458/3742 3738/2457/3738 3740/2459/3740
f 3849/2460/3849 3741/2455/3741 3742/2458/3742
f 3743/2461/3743 3744/2462/3744 3741/2455/3741
f 3744/2462/3744 3749/2463/3749 3739/2456/3739
f 3745/2464/3745 3746/2465/3746 3744/2462/3744
f 3746/2465/3746 3793/2466/3793 3748/2467/3748
f 3746/2465/3746 3750/2468/3750 3749/2463/3749
f 3749/2469/3749 3752/2470/3752 3751/2471/3751
f 3739/2456/3739 3751/2471/3751 3731/2446/3731
f 3751/2471/3751 3753/2472/3753 3732/2447/3732
f 3750/2468/3750 3754/2473/3754 3752/2474/3752
f 3752/2474/3752 3757/2475/3757 3753/2476/3753
f 3755/2477/3755 3756/2478/3756 3754/2473/3754
f 3754/2473/3754 3758/2479/3758 3757/2475/3757
f 3760/2480/3760 3757/2475/3757 3758/2479/3758
f 3759/2481/3759 3753/2482/3753 3757/2475/3757
f 3787/2483/3787 3759/2481/3759 3760/2480/3760
f 3761/2484/3761 3762/2485/3762 3759/2481/3759
f 3763/2486/3763 3764/2487/3764 3762/2488/3762
f 3762/2488/3762 3732/2440/3732 3753/2482/3753
f 3764/2487/3764 3766/2489/3766 3729/2441/3729
f 3765/2490/3765 3770/2491/3770 3766/2492/3766
f 3763/2493/3763 3767/2494/3767 3765/2490/3765
f 3768/2495/3768 3769/2496/3769 3767/2494/3767
f 3767/2494/3767 3771/2497/3771 3770/2491/3770
f 3769/2498/3769 3772/2499/3772 3771/2500/3771
f 3774/2501/3774 3773/2502/3773 3772/2499/3772
f 3783/2503/3783 3774/2501/3774 3769/2498/3769
f 3775/2504/3775 3776/2505/3776 3774/2501/3774
f 3778/2506/3778 3775/2504/3775 3780/2507/3780
f 3779/2508/3779 3780/2507/3780 3781/2509/3781
f 3781/2509/3781 3782/2510/3782 3784/2511/3784
f 3780/2507/3780 3783/2503/3783 3782/2510/3782
f 3782/2932/3782 3768/2495/3768 3785/2512/3785
f 3784/2514/3784 3785/2512/3785 3786/2515/3786
f 3786/2515/3786 3761/2484/3761 3787/2483/3787
f 3785/2512/3785 3763/2493/3763 3761/2484/3761
f 3755/2477/3755 3789/2516/3789 3788/2517/3788
f 3791/2518/3791 3790/2519/3790 3789/2516/3789
f 3750/2468/3750 3791/2518/3791 3755/2477/3755
f 3748/2467/3748 3792/2520/3792 3791/2518/3791
f 3792/2520/3792 3797/2521/3797 3790/2519/3790
f 3793/2466/3793 3794/2522/3794 3792/2520/3792
f 3795/2523/3795 3796/2524/3796 3794/2522/3794
f 3794/2522/3794 3798/2525/3798 3797/2521/3797
f 3796/2524/3796 3799/2526/3799 3798/2525/3798
f 3801/2527/3801 3800/2528/3800 3799/2526/3799
f 3820/2529/3820 3801/2527/3801 3796/2524/3796
f 3802/2530/3802 3803/2531/3803 3801/2527/3801
f 3803/2532/3803 3808/2533/3808 3800/2534/3800
f 3804/2535/3804 3805/2536/3805 3803/2532/3803
f 3806/2537/3806 3807/2538/3807 3805/2536/3805
f 3805/2536/3805 3809/2539/3809 3808/2533/3808
f 3813/2540/3813 3810/2541/3810 3806/2542/3806
f 3814/2543/3814 3811/2544/3811 3813/2540/3813
f 3816/2545/3816 3813/2540/3813 3815/2546/3815
f 3815/2546/3815 3806/2542/3806 3804/2547/3804
f 3817/2548/3817 3804/2547/3804 3802/2530/3802
f 3818/2549/3818 3815/2546/3815 3817/2548/3817
f 3821/2550/3821 3817/2548/3817 3819/2551/3819
f 3819/2551/3819 3802/2530/3802 3820/2529/3820
f 3822/2552/3822 3820/2529/3820 3795/2523/3795
f 3823/2553/3823 3819/2551/3819 3822/2552/3822
f 3823/2553/3823 3747/2554/3747 3745/2464/3745
f 3747/2554/3747 3795/2523/3795 3793/2466/3793
f 3824/2555/3824 3745/2464/3745 3743/2461/3743
f 3826/2556/3826 3823/2553/3823 3824/2555/3824
f 3825/2557/3825 3743/2461/3743 3849/2460/3849
f 3827/2558/3827 3824/2555/3824 3825/2557/3825
f 3828/2559/3828 3821/2550/3821 3826/2556/3826
f 3829/2560/3829 3826/2556/3826 3827/2558/3827
f 3831/2561/3831 3828/2559/3828 3829/2560/3829
f 3830/2562/3830 3818/2549/3818 3828/2559/3828
f 3832/2565/3832 3816/2545/3816 3830/2562/3830
f 3833/2563/3833 3830/2562/3830 3831/2561/3831
f 3835/2564/3835 3832/2565/3832 3833/2563/3833
f 3834/2933/3834 3814/2543/3814 3832/2565/3832
f 3836/2567/3836 3833/2568/3833 3838/2569/3838
f 3837/2570/3837 3838/2569/3838 3839/2571/3839
f 3839/2571/3839 3840/2572/3840 3841/2573/3841
f 3838/2569/3838 3831/2574/3831 3840/2572/3840
f 3840/2572/3840 3829/2560/3829 3842/2575/3842
f 3841/2576/3841 3842/2575/3842 3843/2577/3843
f 3843/2577/3843 3844/2578/3844 3845/2579/3845
f 3842/2575/3842 3827/2558/3827 3844/2578/3844
f 3844/2578/3844 3825/2557/3825 3846/2580/3846
f 3845/2579/3845 3846/2580/3846 3847/2581/3847
f 3847/2581/3847 3848/2582/3848 3850/2583/3850
f 3846/2580/3846 3849/2460/3849 3848/2582/3848
f 3848/2582/3848 3742/2458/3742 3851/2584/3851
f 3850/2583/3850 3851/2584/3851 3852/2585/3852
f 3852/2585/3852 3853/2586/3853 3854/2587/3854
f 3851/2584/3851 3740/2459/3740 3853/2586/3853
f 3853/2586/3853 3737/2588/3737 3855/2589/3855
f 3854/2587/3854 3855/2589/3855 3856/2590/3856
f 3856/2590/3856 3857/2591/3857 3858/2592/3858
f 3855/2589/3855 3734/2593/3734 3857/2591/3857
f 3860/2594/3860 3857/2595/3857 3734/2596/3734
f 3859/2597/3859 3858/2592/3858 3857/2595/3857
f 3886/2598/3886 3859/2597/3859 3860/2594/3860
f 3861/2599/3861 3862/2600/3862 3859/2597/3859
f 3863/2601/3863 3866/2602/3866 3864/2603/3864
f 3864/2603/3864 3868/2604/3868 3865/2605/3865
f 3861/2606/3861 3867/2607/3867 3866/2602/3866
f 3866/2602/3866 3869/2608/3869 3868/2604/3868
f 3868/2609/3868 3871/2610/3871 3870/2611/3870
f 3865/2612/3865 3870/2611/3870 3873/2613/3873
f 3870/2611/3870 3875/2614/3875 3872/2615/3872
f 3870/2611/3870 3874/2616/3874 3873/2613/3873
f 3871/2610/3871 3876/2617/3876 3875/2614/3875
f 3878/2618/3878 3877/2619/3877 3876/2617/3876
f 3869/2620/3869 3878/2618/3878 3871/2610/3871
f 3879/2621/3879 3880/2622/3880 3878/2618/3878
f 3884/2623/3884 3881/2624/3881 3879/2625/3879
f 3885/2626/3885 3882/2627/3882 3884/2623/3884
f 3886/2598/3886 3884/2623/3884 3867/2607/3867
f 3867/2607/3867 3879/2625/3879 3869/2608/3869
f 3883/2628/3883 3735/2448/3735 3730/2443/3730
f 3885/2629/3885 3860/2630/3860 3735/2448/3735
f 3891/2631/3891 3888/2632/3888 3887/2633/3887
f 3889/2634/3889 3892/2635/3892 3887/2633/3887
f 3892/2636/3892 3890/2637/3890 3887/2633/3887
f 3890/2637/3890 3891/2638/3891 3887/2633/3887
f 3894/2639/3894 3893/2640/3893 3892/2635/3892
f 3893/2642/3893 3895/2644/3895 3892/2636/3892
f 3896/2641/3896 3897/2645/3897 3895/2644/3895
f 3895/2644/3895 3898/2662/3898 3890/2637/3890
f 3900/2646/3900 3898/2647/3898 3897/2648/3897
f 3899/2650/3899 3900/2646/3900 3897/2648/3897
f 4019/2651/4019 3900/2646/3900 3901/2649/3901
f 3902/2652/3902 3903/2653/3903 3900/2646/3900
f 3903/2653/3903 3908/2654/3908 3898/2647/3898
f 3904/2655/3904 3905/2656/3905 3903/2653/3903
f 3906/2657/3906 3907/2658/3907 3905/2656/3905
f 3905/2656/3905 3909/2659/3909 3908/2654/3908
f 3908/2654/3908 3911/2660/3911 3910/2661/3910
f 3898/2662/3898 3910/2661/3910 3890/2637/3890
f 3910/2661/3910 3912/2663/3912 3891/2638/3891
f 3909/2659/3909 3913/2664/3913 3911/2665/3911
f 3911/2665/3911 3916/2666/3916 3912/2667/3912
f 3914/2668/3914 3915/2669/3915 3913/2664/3913
f 3913/2664/3913 3917/2670/3917 3916/2666/3916
f 3919/2671/3919 3916/2672/3916 3917/2673/3917
f 3918/2674/3918 3912/2663/3912 3916/2672/3916
f 3956/2675/3956 3918/2674/3918 3919/2671/3919
f 3920/2676/3920 3921/2677/3921 3918/2674/3918
f 3922/2678/3922 3923/2679/3923 3921/2680/3921
f 3921/2680/3921 3891/2631/3891 3912/2681/3912
f 3923/2679/3923 3925/2682/3925 3888/2632/3888
f 3924/2683/3924 3929/2684/3929 3925/2685/3925
f 3922/2686/3922 3926/2687/3926 3924/2683/3924
f 3927/2688/3927 3928/2689/3928 3926/2687/3926
f 3926/2687/3926 3930/2690/3930 3929/2684/3929
f 3928/2689/3928 3931/2691/3931 3930/2690/3930
f 3933/2692/3933 3932/2693/3932 3931/2691/3931
f 3953/2694/3953 3933/2692/3933 3928/2689/3928
f 3934/2695/3934 3935/2696/3935 3933/2692/3933
f 3935/2697/3935 3940/2698/3940 3932/2693/3932
f 3936/2699/3936 3937/2700/3937 3935/2697/3935
f 3938/2701/3938 3939/2702/3939 3937/2700/3937
f 3937/2700/3937 3941/2703/3941 3940/2698/3940
f 3943/2704/3943 3938/2701/3938 3945/2705/3945
f 3944/2706/3944 3945/2705/3945 3946/2707/3946
f 3946/2707/3946 3947/2708/3947 3948/2709/3948
f 3945/2705/3945 3936/2699/3936 3947/2708/3947
f 3947/2934/3947 3934/2695/3934 3949/2710/3949
f 3948/2709/3948 3949/2710/3949 3950/2711/3950
f 3950/2711/3950 3951/2712/3951 3952/2713/3952
f 3949/2710/3949 3953/2694/3953 3951/2712/3951
f 3952/2713/3952 3954/2714/3954 3955/2715/3955
f 3951/2712/3951 3927/2688/3927 3954/2714/3954
f 3955/2715/3955 3920/2676/3920 3956/2675/3956
f 3954/2714/3954 3922/2686/3922 3920/2676/3920
f 3960/2716/3960 3957/2717/3957 3914/2668/3914
f 3960/2716/3960 3959/2718/3959 3958/2719/3958
f 3907/2658/3907 3914/2668/3914 3909/2659/3909
f 3907/2658/3907 3961/2720/3961 3960/2716/3960
f 3961/2720/3961 3966/2721/3966 3959/2718/3959
f 3962/2722/3962 3963/2723/3963 3961/2720/3961
f 3964/2724/3964 3965/2725/3965 3963/2723/3963
f 3963/2723/3963 3967/2726/3967 3966/2721/3966
f 3965/2725/3965 3968/2727/3968 3967/2726/3967
f 3970/2728/3970 3969/2729/3969 3968/2727/3968
f 3990/2730/3990 3970/2728/3970 3965/2725/3965
f 3971/2731/3971 3972/2732/3972 3970/2728/3970
f 3972/2733/3972 3977/2734/3977 3969/2735/3969
f 3973/2736/3973 3974/2737/3974 3972/2733/3972
f 3975/2738/3975 3976/2739/3976 3974/2737/3974
f 3974/2737/3974 3978/2740/3978 3977/2734/3977
f 3982/2741/3982 3979/2742/3979 3975/2743/3975
f 3983/2744/3983 3980/2745/3980 3982/2741/3982
f 3985/2746/3985 3982/2741/3982 3984/2747/3984
f 3984/2747/3984 3975/2743/3975 3973/2748/3973
f 3984/2747/3984 3971/2731/3971 3986/2749/3986
f 3985/2746/3985 3986/2749/3986 3987/2750/3987
f 3987/2750/3987 3988/2751/3988 3989/2752/3989
f 3988/2751/3988 3971/2731/3971 3990/2730/3990
f 3989/2752/3989 3991/2753/3991 3992/2754/3992
f 3991/2753/3991 3990/2730/3990 3964/2724/3964
f 3992/2754/3992 3906/2657/3906 3904/2655/3904
f 3906/2657/3906 3964/2724/3964 3962/2722/3962
f 3993/2755/3993 3904/2655/3904 3902/2652/3902
f 3995/2756/3995 3992/2754/3992 3993/2755/3993
f 3994/2757/3994 3902/2652/3902 4019/2651/4019
f 3996/2758/3996 3993/2755/3993 3994/2757/3994
f 3998/2759/3998 3995/2756/3995 3996/2758/3996
f 3997/2760/3997 3989/2752/3989 3995/2756/3995
f 4000/2761/4000 3997/2760/3997 3998/2759/3998
f 3999/2762/3999 3987/2750/3987 3997/2760/3997
f 4001/2763/4001 3985/2746/3985 3999/2762/3999
f 4002/2764/4002 3999/2762/3999 4000/2761/4000
f 4004/2765/4004 4001/2763/4001 4002/2764/4002
f 4003/2766/4003 3983/2744/3983 4001/2763/4001
f 4005/2767/4005 4002/2768/4002 4007/2769/4007
f 4006/2770/4006 4007/2769/4007 4008/2771/4008
f 4008/2771/4008 4009/2772/4009 4010/2773/4010
f 4007/2769/4007 4000/2774/4000 4009/2772/4009
f 4009/2775/4009 3998/2776/3998 4011/2777/4011
f 4010/2773/4010 4011/2777/4011 4013/2778/4013
f 4011/2777/4011 3996/2779/3996 4012/2780/4012
f 4013/2778/4013 4012/2780/4012 4014/2781/4014
f 4014/2781/4014 4017/2782/4017 4015/2783/4015
f 4015/2783/4015 4018/2784/4018 4016/2785/4016
f 4012/2780/4012 3994/2757/3994 4017/2782/4017
f 4017/2782/4017 4019/2786/4019 4018/2784/4018
f 4018/2787/4018 3901/2649/3901 4020/2788/4020
f 4016/2789/4016 4020/2788/4020 4021/2790/4021
f 4021/2790/4021 4022/2791/4022 4023/2792/4023
f 4020/2788/4020 3899/2650/3899 4022/2791/4022
f 4022/2791/4022 3896/2793/3896 4024/2794/4024
f 4023/2792/4023 4024/2794/4024 4025/2795/4025
f 4025/2795/4025 4026/2796/4026 4027/2797/4027
f 4024/2794/4024 3893/2642/3893 4026/2796/4026
f 4029/2798/4029 4026/2799/4026 3893/2800/3893
f 4028/2801/4028 4027/2802/4027 4026/2799/4026
f 4055/2803/4055 4028/2801/4028 4029/2798/4029
f 4030/2804/4030 4031/2805/4031 4028/2801/4028
f 4032/2806/4032 4035/2807/4035 4033/2808/4033
f 4033/2808/4033 4037/2809/4037 4034/2810/4034
f 4030/2811/4030 4036/2812/4036 4035/2807/4035
f 4035/2807/4035 4038/2813/4038 4037/2809/4037
f 4037/2814/4037 4040/2815/4040 4039/2816/4039
f 4034/2818/4034 4039/2816/4039 4042/2817/4042
f 4039/2816/4039 4044/2819/4044 4041/2820/4041
f 4039/2816/4039 4043/2821/4043 4042/2817/4042
f 4040/2815/4040 4045/2822/4045 4044/2819/4044
f 4047/2823/4047 4046/2824/4046 4045/2822/4045
f 4038/2813/4038 4047/2823/4047 4040/2815/4040
f 4048/2825/4048 4049/2826/4049 4047/2823/4047
f 4053/2827/4053 4050/2828/4050 4048/2829/4048
f 4054/2830/4054 4051/2831/4051 4053/2827/4053
f 4055/2832/4055 4053/2827/4053 4036/2812/4036
f 4036/2812/4036 4048/2829/4048 4038/2813/4038
f 4052/2833/4052 3894/2639/3894 3889/2634/3889
f 4054/2830/4054 4029/2834/4029 3894/2639/3894
f 4061/1861/4061 4056/1862/4056 4059/1863/4059
f 4057/1864/4057 4058/1865/4058 4056/1862/4056
f 4062/1866/4062 4059/1863/4059 4060/1867/4060
f 4064/2935/4064 4061/1861/4061 4062/1866/4062
f 4063/1868/4063 4057/1869/4057 4061/1861/4061
f 4063/1868/4063 4067/1870/4067 4066/1871/4066
f 4065/1872/4065 4066/1871/4066 4069/1873/4069
f 4066/1871/4066 4241/1874/4241 4068/1875/4068
f 4069/1873/4069 4068/1875/4068 4070/1876/4070
f 4069/1877/4069 4074/1878/4074 4065/1879/4065
f 4070/1880/4070 4071/1881/4071 4069/1877/4069
f 4072/1882/4072 4073/1883/4073 4071/1881/4071
f 4071/1881/4071 4075/1884/4075 4074/1878/4074
f 4074/1885/4074 4077/1886/4077 4076/1887/4076
f 4065/1888/4065 4076/1887/4076 4057/1864/4057
f 4076/1887/4076 4078/1889/4078 4058/1865/4058
f 4079/1890/4079 4075/1891/4075 4082/1892/4082
f 4081/1893/4081 4077/1894/4077 4079/1890/4079
f 4118/1895/4118 4079/1890/4079 4080/1896/4080
f 4080/1896/4080 4082/1892/4082 4083/1897/4083
f 4082/1898/4082 4073/1899/4073 4084/1900/4084
f 4083/1901/4083 4084/1900/4084 4085/1902/4085
f 4088/1903/4088 4084/1900/4084 4086/1904/4086
f 4086/1904/4086 4073/1899/4073 4087/1905/4087
f 4089/1906/4089 4087/1905/4087 4091/1907/4091
f 4090/1908/4090 4086/1904/4086 4089/1906/4089
f 4094/1909/4094 4089/1906/4089 4092/1910/4092
f 4092/1910/4092 4091/1907/4091 4093/1911/4093
f 4095/1912/4095 4093/1911/4093 4097/1913/4097
f 4096/1914/4096 4092/1915/4092 4095/1912/4095
f 4100/1916/4100 4095/1912/4095 4098/1917/4098
f 4098/1917/4098 4097/1913/4097 4099/1918/4099
f 4101/1919/4101 4096/1914/4096 4100/1916/4100
f 4102/1920/4102 4103/1921/4103 4101/1919/4101
f 4104/1922/4104 4105/1923/4105 4103/1921/4103
f 4103/1921/4103 4094/1924/4094 4096/1914/4096
f 4105/1925/4105 4090/1908/4090 4094/1909/4094
f 4106/1926/4106 4107/1927/4107 4105/1925/4105
f 4108/1928/4108 4109/1929/4109 4107/1927/4107
f 4107/1927/4107 4088/1903/4088 4090/1908/4090
f 4109/1929/4109 4085/1902/4085 4088/1903/4088
f 4110/1930/4110 4111/1931/4111 4109/1929/4109
f 4114/1936/4114 4111/1931/4111 4112/1932/4112
f 4113/1933/4113 4085/1902/4085 4111/1931/4111
f 4115/1934/4115 4083/1901/4083 4113/1933/4113
f 4116/1935/4116 4113/1933/4113 4114/1936/4114
f 4119/1937/4119 4115/1934/4115 4116/1935/4116
f 4117/1938/4117 4080/1939/4080 4115/1934/4115
f 4120/1940/4120 4118/1941/4118 4117/1938/4117
f 4121/1942/4121 4117/1938/4117 4119/1937/4119
f 4121/1942/4121 4122/1943/4122 4120/1940/4120
f 4120/1940/4120 4124/1944/4124 4123/1945/4123
f 4123/1946/4123 4081/1947/4081 4118/1948/4118
f 4126/1949/4126 4123/1946/4123 4124/1950/4124
f 4128/1951/4128 4125/1952/4125 4126/1949/4126
f 4127/1953/4127 4081/1947/4081 4125/1952/4125
f 4129/1954/4129 4126/1955/4126 4131/1956/4131
f 4130/1957/4130 4131/1956/4131 4132/1958/4132
f 4132/1958/4132 4133/1959/4133 4134/1960/4134
f 4131/1956/4131 4124/1950/4124 4133/1959/4133
f 4122/1943/4122 4133/1961/4133 4124/1944/4124
f 4135/1962/4135 4134/1963/4134 4133/1961/4133
f 4136/1964/4136 4137/1965/4137 4135/1962/4135
f 4149/1966/4149 4135/1962/4135 4122/1943/4122
f 4137/1967/4137 4142/1968/4142 4134/1963/4134
f 4140/1969/4140 4137/1967/4137 4138/1970/4138
f 4148/1971/4148 4139/1972/4139 4140/1969/4140
f 4141/1973/4141 4142/1968/4142 4139/1972/4139
f 4144/1974/4144 4134/1963/4134 4142/1975/4142
f 4145/1976/4145 4142/1975/4142 4143/1977/4143
f 4147/1978/4147 4144/1974/4144 4145/1976/4145
f 4146/1979/4146 4132/1980/4132 4144/1974/4144
f 4097/1913/4097 4151/1981/4151 4099/1918/4099
f 4150/1983/4150 4151/1981/4151 4154/1982/4154
f 4151/1981/4151 4155/1984/4155 4154/1982/4154
f 4153/1985/4153 4152/1986/4152 4151/1981/4151
f 4158/1987/4158 4154/1982/4154 4156/1988/4156
f 4156/1988/4156 4155/1984/4155 4157/1989/4157
f 4159/1990/4159 4155/1984/4155 4161/1991/4161
f 4160/1992/4160 4161/1991/4161 4163/1993/4163
f 4161/1991/4161 4152/1994/4152 4162/1995/4162
f 4163/1993/4163 4162/1995/4162 4164/1996/4164
f 4166/1997/4166 4165/1998/4165 4168/1999/4168
f 4165/1998/4165 4162/2000/4162 4252/2001/4252
f 4167/2002/4167 4168/1999/4168 4170/2003/4170
f 4168/1999/4168 4244/2004/4244 4169/2005/4169
f 4170/2003/4170 4169/2005/4169 4171/2006/4171
f 4173/2007/4173 4170/2003/4170 4172/2008/4172
f 4172/2008/4172 4171/2006/4171 4174/2009/4174
f 4176/2010/4176 4172/2008/4172 4175/2011/4175
f 4175/2011/4175 4174/2009/4174 4177/2012/4177
f 4180/2013/4180 4177/2014/4177 4174/2015/4174
f 4182/2016/4182 4178/2017/4178 4180/2013/4180
f 4181/2019/4181 4182/2016/4182 4180/2013/4180
f 4181/2019/4181 4174/2015/4174 4171/2006/4171
f 4183/2018/4183 4184/2020/4184 4182/2016/4182
f 4184/2020/4184 4179/2022/4179 4182/2016/4182
f 4185/2023/4185 4186/2024/4186 4184/2020/4184
f 4184/2020/4184 4188/2025/4188 4187/2021/4187
f 4186/2024/4186 4189/2028/4189 4188/2025/4188
f 4193/2027/4193 4189/2028/4189 4191/2026/4191
f 4192/2030/4192 4193/2027/4193 4191/2026/4191
f 4238/2031/4238 4191/2026/4191 4186/2024/4186
f 4196/2032/4196 4193/2027/4193 4194/2029/4194
f 4195/2033/4195 4190/2034/4190 4193/2027/4193
f 4232/2035/4232 4195/2033/4195 4196/2032/4196
f 4197/2036/4197 4198/2037/4198 4195/2033/4195
f 4202/2038/4202 4199/2039/4199 4197/2036/4197
f 4204/2040/4204 4200/2041/4200 4202/2038/4202
f 4205/2042/4205 4202/2038/4202 4203/2043/4203
f 4203/2043/4203 4197/2036/4197 4232/2035/4232
f 4207/2044/4207 4204/2040/4204 4205/2042/4205
f 4206/2045/4206 4201/2046/4201 4204/2040/4204
f 4222/2047/4222 4206/2045/4206 4207/2044/4207
f 4208/2048/4208 4209/2049/4209 4206/2045/4206
f 4213/2050/4213 4210/2051/4210 4208/2052/4208
f 4215/2936/4215 4211/2054/4211 4213/2050/4213
f 4216/2055/4216 4213/2050/4213 4214/2056/4214
f 4214/2056/4214 4208/2052/4208 4222/2057/4222
f 4217/2058/4217 4214/2056/4214 4219/2059/4219
f 4218/2060/4218 4219/2059/4219 4220/2061/4220
f 4220/2061/4220 4221/2062/4221 4223/2063/4223
f 4219/2059/4219 4222/2057/4222 4221/2062/4221
f 4221/2064/4221 4207/2044/4207 4224/2065/4224
f 4223/2066/4223 4224/2065/4224 4225/2067/4225
f 4225/2067/4225 4226/2068/4226 4227/2069/4227
f 4224/2065/4224 4205/2042/4205 4226/2068/4226
f 4227/2069/4227 4228/2070/4228 4229/2071/4229
f 4226/2068/4226 4203/2043/4203 4228/2070/4228
f 4229/2071/4229 4230/2072/4230 4231/2073/4231
f 4228/2070/4228 4232/2035/4232 4230/2072/4230
f 4231/2074/4231 4233/2075/4233 4234/2076/4234
f 4230/2077/4230 4196/2078/4196 4233/2075/4233
f 4234/2076/4234 4235/2079/4235 4060/1867/4060
f 4233/2075/4233 4194/2080/4194 4235/2079/4235
f 4194/2029/4194 4236/2082/4236 4235/2079/4235
f 4235/2079/4235 4062/2083/4062 4060/1867/4060
f 4192/2081/4192 4237/2084/4237 4236/2082/4236
f 4236/2082/4236 4064/2085/4064 4062/2083/4062
f 4238/2031/4238 4239/2086/4239 4237/2087/4237
f 4237/2087/4237 4067/1870/4067 4064/2088/4064
f 4185/2023/4185 4240/2089/4240 4239/2086/4239
f 4239/2086/4239 4241/1874/4241 4067/1870/4067
f 4183/2018/4183 4242/2091/4242 4240/2089/4240
f 4241/1874/4241 4242/2091/4242 4243/2092/4243
f 4242/2091/4242 4171/2006/4171 4169/2005/4169
f 4243/2092/4243 4169/2005/4169 4244/2093/4244
f 4244/2093/4244 4245/2094/4245 4243/2095/4243
f 4243/2095/4243 4068/2096/4068 4241/1874/4241
f 4246/2097/4246 4247/2098/4247 4245/2094/4245
f 4245/2094/4245 4070/1880/4070 4068/2096/4068
f 4247/2098/4247 4072/2099/4072 4070/1880/4070
f 4248/2100/4248 4249/2101/4249 4247/2098/4247
f 4249/2101/4249 4093/2937/4093 4091/1907/4091
f 4072/2099/4072 4091/1907/4091 4087/1905/4087
f 4250/2103/4250 4251/2104/4251 4153/1985/4153
f 4250/2103/4250 4097/1913/4097 4093/2105/4093
f 4248/2106/4248 4252/2001/4252 4251/2104/4251
f 4251/2104/4251 4162/2000/4162 4152/1986/4152
f 4246/2107/4246 4165/1998/4165 4252/2001/4252
f 4257/2118/4257 4254/2110/4254 4253/2108/4253
f 4254/2111/4254 4256/2112/4256 4253/2113/4253
f 4259/2114/4259 4253/2108/4253 4255/2115/4255
f 4255/2115/4255 4256/2112/4256 4358/2116/4358
f 4258/2117/4258 4260/2109/4260 4257/2118/4257
f 4373/2119/4373 4257/2118/4257 4259/2114/4259
f 4260/2109/4260 4263/2120/4263 4262/2121/4262
f 4254/2110/4254 4262/2121/4262 4264/2122/4264
f 4254/2111/4254 4265/2123/4265 4267/2124/4267
f 4267/2124/4267 4266/2125/4266 4268/2126/4268
f 4256/2112/4256 4268/2126/4268 4269/2127/4269
f 4270/2128/4270 4271/2129/4271 4273/2130/4273
f 4256/2112/4256 4270/2128/4270 4358/2116/4358
f 4273/2130/4273 4272/2131/4272 4274/2132/4274
f 4276/2133/4276 4273/2130/4273 4275/2134/4275
f 4275/2134/4275 4274/2132/4274 4277/2135/4277
f 4279/2136/4279 4275/2137/4275 4278/2138/4278
f 4278/2138/4278 4277/2139/4277 4280/2140/4280
f 4282/2141/4282 4278/2138/4278 4281/2142/4281
f 4281/2142/4281 4280/2140/4280 4283/2143/4283
f 4285/2144/4285 4281/2142/4281 4284/2145/4284
f 4284/2145/4284 4283/2143/4283 4286/2146/4286
f 4288/2147/4288 4284/2145/4284 4287/2148/4287
f 4287/2148/4287 4286/2146/4286 4289/2149/4289
f 4288/2150/4288 4290/2151/4290 4291/2152/4291
f 4290/2151/4290 4289/2153/4289 4292/2154/4292
f 4291/2152/4291 4293/2155/4293 4295/2156/4295
f 4293/2155/4293 4292/2154/4292 4294/2157/4294
f 4294/2158/4294 4296/2159/4296 4293/2160/4293
f 4293/2160/4293 4299/2161/4299 4295/2156/4295
f 4297/2162/4297 4298/2163/4298 4296/2159/4296
f 4296/2159/4296 4300/2164/4300 4299/2161/4299
f 4298/2163/4298 4301/2165/4301 4300/2166/4300
f 4303/2167/4303 4302/2168/4302 4301/2165/4301
f 4323/2169/4323 4303/2167/4303 4298/2163/4298
f 4304/2170/4304 4305/2171/4305 4303/2167/4303
f 4306/2172/4306 4307/2173/4307 4305/2174/4305
f 4305/2174/4305 4310/2175/4310 4302/2176/4302
f 4308/2177/4308 4309/2178/4309 4307/2173/4307
f 4307/2173/4307 4311/2179/4311 4310/2175/4310
f 4315/2180/4315 4312/2181/4312 4308/2177/4308
f 4315/2180/4315 4314/2182/4314 4313/2183/4313
f 4318/2184/4318 4315/2180/4315 4316/2185/4316
f 4316/2185/4316 4308/2177/4308 4306/2172/4306
f 4319/2186/4319 4316/2187/4316 4321/2188/4321
f 4320/2189/4320 4321/2188/4321 4322/2190/4322
f 4322/2190/4322 4304/2170/4304 4323/2169/4323
f 4321/2188/4321 4306/2191/4306 4304/2170/4304
f 4326/2192/4326 4322/2190/4322 4324/2193/4324
f 4324/2193/4324 4323/2169/4323 4297/2162/4297
f 4327/2194/4327 4324/2193/4324 4325/2195/4325
f 4325/2195/4325 4297/2162/4297 4294/2158/4294
f 4325/2196/4325 4328/2197/4328 4327/2198/4327
f 4330/2199/4330 4329/2200/4329 4328/2197/4328
f 4292/2201/4292 4331/2202/4331 4330/2199/4330
f 4294/2157/4294 4330/2199/4330 4325/2196/4325
f 4289/2149/4289 4332/2203/4332 4331/2202/4331
f 4331/2202/4331 4334/2204/4334 4329/2200/4329
f 4286/2146/4286 4333/2205/4333 4332/2203/4332
f 4332/2203/4332 4335/2206/4335 4334/2204/4334
f 4333/2205/4333 4336/2207/4336 4335/2206/4335
f 4338/2208/4338 4337/2209/4337 4336/2207/4336
f 4280/2140/4280 4339/2210/4339 4338/2208/4338
f 4283/2143/4283 4338/2208/4338 4333/2205/4333
f 4277/2135/4277 4340/2211/4340 4339/2212/4339
f 4339/2212/4339 4342/2213/4342 4337/2214/4337
f 4274/2132/4274 4341/2215/4341 4340/2211/4340
f 4340/2211/4340 4343/2216/4343 4342/2213/4342
f 4344/2217/4344 4291/2152/4291 4295/2156/4295
f 4345/2218/4345 4346/2219/4346 4344/2217/4344
f 4347/2220/4347 4348/2221/4348 4346/2219/4346
f 4346/2219/4346 4288/2150/4288 4291/2152/4291
f 4349/2222/4349 4350/2223/4350 4348/2224/4348
f 4348/2224/4348 4285/2144/4285 4288/2147/4288
f 4351/2225/4351 4352/2226/4352 4350/2223/4350
f 4350/2223/4350 4282/2141/4282 4285/2144/4285
f 4353/2227/4353 4354/2228/4354 4352/2226/4352
f 4352/2226/4352 4279/2136/4279 4282/2141/4282
f 4355/2229/4355 4356/2230/4356 4354/2228/4354
f 4354/2228/4354 4276/2231/4276 4279/2136/4279
f 4356/2230/4356 4270/2128/4270 4276/2133/4276
f 4357/2232/4357 4358/2116/4358 4356/2230/4356
f 4359/2233/4359 4255/2115/4255 4357/2234/4357
f 4361/2235/4361 4357/2234/4357 4355/2229/4355
f 4363/2236/4363 4359/2237/4359 4361/2235/4361
f 4360/2238/4360 4259/2114/4259 4359/2233/4359
f 4364/2239/4364 4361/2235/4361 4362/2240/4362
f 4362/2240/4362 4355/2229/4355 4353/2241/4353
f 4364/2239/4364 4365/2246/4365 4363/2236/4363
f 4363/2236/4363 4368/2243/4368 4360/2244/4360
f 4366/2242/4366 4367/2245/4367 4365/2246/4365
f 4365/2246/4365 4369/2247/4369 4368/2243/4368
f 4360/2238/4360 4370/2248/4370 4373/2119/4373
f 4368/2243/4368 4371/2249/4371 4370/2248/4370
f 4370/2248/4370 4374/2250/4374 4372/2251/4372
f 4373/2119/4373 4372/2251/4372 4258/2117/4258
f 4371/2249/4371 4375/2252/4375 4374/2250/4374
f 4377/2253/4377 4376/2254/4376 4375/2252/4375
f 4378/2255/4378 4379/2256/4379 4377/2253/4377
f 4369/2257/4369 4377/2253/4377 4371/2249/4371
f 4383/2258/4383 4380/2259/4380 4378/2260/4378
f 4384/2261/4384 4381/2262/4381 4383/2258/4383
f 4385/2263/4385 4383/2258/4383 4367/2245/4367
f 4367/2245/4367 4378/2260/4378 4369/2247/4369
f 4389/2264/4389 4384/2261/4384 4385/2263/4385
f 4386/2265/4386 4382/2266/4382 4384/2261/4384
f 4387/2267/4387 4388/2268/4388 4386/2265/4386
f 4390/2269/4390 4386/2265/4386 4389/2264/4389
f 4391/2270/4391 4385/2263/4385 4366/2242/4366
f 4392/2271/4392 4389/2264/4389 4391/2270/4391
f 4394/2272/4394 4391/2270/4391 4393/2273/4393
f 4393/2273/4393 4366/2242/4366 4364/2239/4364
f 4394/2272/4394 4395/2274/4395 4396/2275/4396
f 4393/2273/4393 4362/2240/4362 4395/2274/4395
f 4396/2275/4396 4351/2225/4351 4349/2222/4349
f 4395/2274/4395 4353/2241/4353 4351/2225/4351
f 4397/2276/4397 4349/2277/4349 4347/2278/4347
f 4397/2276/4397 4394/2279/4394 4396/2280/4396
f 4398/2281/4398 4399/2282/4399 4397/2276/4397
f 4345/2218/4345 4397/2276/4397 4347/2278/4347
f 4402/2283/4402 4399/2282/4399 4400/2284/4400
f 4399/2282/4399 4392/2285/4392 4394/2279/4394
f 4402/2283/4402 4403/2286/4403 4401/2287/4401
f 4401/2287/4401 4390/2288/4390 4392/2285/4392
f 4403/2286/4403 4387/2267/4387 4390/2269/4390
f 4404/2289/4404 4405/2290/4405 4403/2286/4403
f 4406/2291/4406 4407/2292/4407 4405/2290/4405
f 4405/2290/4405 4409/2293/4409 4387/2267/4387
f 4412/2294/4412 4408/2295/4408 4406/2296/4406
f 4414/2297/4414 4410/2298/4410 4412/2294/4412
f 4415/2299/4415 4412/2294/4412 4413/2300/4413
f 4413/2300/4413 4406/2296/4406 4404/2289/4404
f 4416/2301/4416 4411/2302/4411 4414/2297/4414
f 4417/2303/4417 4414/2297/4414 4415/2299/4415
f 4432/2304/4432 4416/2301/4416 4417/2303/4417
f 4418/2305/4418 4419/2306/4419 4416/2301/4416
f 4423/2307/4423 4420/2308/4420 4418/2305/4418
f 4423/2307/4423 4422/2309/4422 4421/2310/4421
f 4426/2311/4426 4423/2307/4423 4424/2312/4424
f 4424/2312/4424 4418/2305/4418 4432/2313/4432
f 4427/2314/4427 4424/2312/4424 4429/2315/4429
f 4428/2316/4428 4429/2315/4429 4430/2317/4430
f 4430/2317/4430 4431/2318/4431 4433/2319/4433
f 4429/2315/4429 4432/2313/4432 4431/2318/4431
f 4431/2320/4431 4417/2303/4417 4434/2321/4434
f 4433/2322/4433 4434/2321/4434 4435/2323/4435
f 4435/2323/4435 4436/2324/4436 4437/2325/4437
f 4434/2321/4434 4415/2299/4415 4436/2324/4436
f 4436/2326/4436 4413/2327/4413 4438/2328/4438
f 4437/2329/4437 4438/2328/4438 4439/2330/4439
f 4439/2330/4439 4402/2331/4402 4400/2284/4400
f 4438/2328/4438 4404/2332/4404 4402/2331/4402
f 4440/1619/4440 4445/1620/4445 4441/1621/4441
f 4446/1622/4446 4440/1619/4440 4442/1623/4442
f 4443/1624/4443 4458/1625/4458 4445/1620/4445
f 4448/1626/4448 4443/1624/4443 4446/1622/4446
f 4447/1627/4447 4442/1623/4442 4588/1628/4588
f 4449/1629/4449 4446/1622/4446 4447/1627/4447
f 4451/1630/4451 4448/1631/4448 4449/1632/4449
f 4448/1631/4448 4453/1637/4453 4444/1634/4444
f 4594/1635/4594 4450/1633/4450 4451/1630/4451
f 4450/1633/4450 4454/1701/4454 4453/1637/4453
f 4444/1634/4444 4455/1638/4455 4458/1639/4458
f 4453/1637/4453 4456/1640/4456 4455/1638/4455
f 4455/1638/4455 4505/1641/4505 4457/1642/4457
f 4458/1639/4458 4457/1642/4457 4459/1643/4459
f 4458/1625/4458 4461/1644/4461 4445/1620/4445
f 4459/2938/4459 4508/1647/4508 4460/1645/4460
f 4463/1648/4463 4459/1649/4459 4460/1650/4460
f 4441/1621/4441 4461/1644/4461 4462/1651/4462
f 4464/1652/4464 4461/1653/4461 4463/1648/4463
f 4464/1652/4464 4465/1654/4465 4467/1655/4467
f 4463/1648/4463 4466/1656/4466 4465/1654/4465
f 4471/1657/4471 4465/1658/4465 4466/1656/4466
f 4468/1659/4468 4467/1660/4467 4465/1658/4465
f 4472/1661/4472 4468/1659/4468 4471/1657/4471
f 4469/1662/4469 4470/1663/4470 4468/1659/4468
f 4473/1664/4473 4466/1656/4466 4475/1665/4475
f 4474/1666/4474 4471/1657/4471 4473/1664/4473
f 4478/1667/4478 4473/1664/4473 4476/1668/4476
f 4476/1668/4476 4475/1665/4475 4477/1669/4477
f 4479/1670/4479 4477/1669/4477 4481/1671/4481
f 4480/1672/4480 4476/1668/4476 4479/1670/4479
f 4484/1673/4484 4479/1670/4479 4482/1674/4482
f 4482/1674/4482 4481/1671/4481 4483/1675/4483
f 4483/1676/4483 4485/1677/4485 4482/1678/4482
f 4482/1678/4482 4488/1679/4488 4484/1673/4484
f 4486/1680/4486 4487/1681/4487 4485/1677/4485
f 4485/1677/4485 4489/1682/4489 4488/1679/4488
f 4493/1683/4493 4490/1684/4490 4486/1680/4486
f 4495/1685/4495 4491/1686/4491 4493/1683/4493
f 4494/1687/4494 4486/1680/4486 4483/1676/4483
f 4496/1688/4496 4493/1683/4493 4494/1687/4494
f 4500/1689/4500 4495/1690/4495 4496/1688/4496
f 4497/1691/4497 4492/1692/4492 4495/1690/4495
f 4501/1693/4501 4497/1691/4497 4500/1689/4500
f 4498/1695/4498 4499/1725/4499 4497/1691/4497
f 4503/1696/4503 4500/1697/4500 4502/1698/4502
f 4502/1698/4502 4496/1699/4496 4504/1700/4504
f 4454/1701/4454 4502/1698/4502 4456/1640/4456
f 4456/1640/4456 4504/1700/4504 4505/1641/4505
f 4505/1702/4505 4506/1703/4506 4507/1704/4507
f 4504/1705/4504 4494/1706/4494 4506/1703/4506
f 4507/1704/4507 4481/1671/4481 4477/1707/4477
f 4506/1703/4506 4483/1708/4483 4481/1671/4481
f 4457/1646/4457 4507/1704/4507 4508/1647/4508
f 4508/1647/4508 4477/1707/4477 4475/1709/4475
f 4460/1645/4460 4475/1709/4475 4466/1710/4466
f 4452/1636/4452 4503/1696/4503 4454/1701/4454
f 4509/1711/4509 4501/2939/4501 4503/1696/4503
f 4510/1713/4510 4452/1636/4452 4594/1635/4594
f 4512/1714/4512 4509/1711/4509 4510/1713/4510
f 4514/1715/4514 4511/1716/4511 4512/1714/4512
f 4511/1716/4511 4498/1695/4498 4501/1693/4501
f 4514/1715/4514 4515/1719/4515 4513/1717/4513
f 4513/1717/4513 4517/1694/4517 4498/1695/4498
f 4519/1720/4519 4515/1719/4515 4516/1718/4516
f 4515/1719/4515 4521/1724/4521 4517/1694/4517
f 4527/1722/4527 4518/1721/4518 4519/1720/4519
f 4520/1723/4520 4521/1724/4521 4518/1721/4518
f 4517/1694/4517 4523/1727/4523 4499/1725/4499
f 4522/2940/4522 4523/1727/4523 4521/1724/4521
f 4523/1727/4523 4526/1728/4526 4525/1729/4525
f 4499/1725/4499 4525/1729/4525 4492/1692/4492
f 4514/1730/4514 4528/1731/4528 4516/1718/4516
f 4530/1732/4530 4529/1733/4529 4528/1731/4528
f 4512/1714/4512 4530/1732/4530 4514/1730/4514
f 4531/1734/4531 4532/1735/4532 4530/1732/4530
f 4532/1735/4532 4537/1736/4537 4529/1733/4529
f 4533/1737/4533 4534/1738/4534 4532/1735/4532
f 4535/1739/4535 4536/1740/4536 4534/1738/4534
f 4534/1738/4534 4538/1741/4538 4537/1736/4537
f 4542/1742/4542 4539/1743/4539 4535/1744/4535
f 4544/1745/4544 4540/1746/4540 4542/1742/4542
f 4543/1747/4543 4535/1744/4535 4533/1748/4533
f 4545/1749/4545 4542/1742/4542 4543/1747/4543
f 4546/1750/4546 4541/1751/4541 4544/1745/4544
f 4547/1752/4547 4544/1745/4544 4545/1749/4545
f 4591/1753/4591 4546/1750/4546 4547/1752/4547
f 4548/1754/4548 4549/1755/4549 4546/1750/4546
f 4548/1754/4548 4551/1756/4551 4550/1757/4550
f 4553/1758/4553 4552/1759/4552 4551/1756/4551
f 4591/1753/4591 4553/1758/4553 4548/1754/4548
f 4554/1760/4554 4555/1761/4555 4553/1758/4553
f 4557/1762/4557 4552/1759/4552 4555/1761/4555
f 4558/1763/4558 4555/1761/4555 4556/1764/4556
f 4583/1765/4583 4557/1762/4557 4558/1763/4558
f 4559/1766/4559 4560/1767/4560 4557/1762/4557
f 4564/1768/4564 4561/1769/4561 4559/1766/4559
f 4564/1768/4564 4563/1770/4563 4562/1771/4562
f 4565/1772/4565 4559/1766/4559 4583/1765/4583
f 4567/1773/4567 4564/1768/4564 4565/1772/4565
f 4566/1774/4566 4571/1775/4571 4563/1776/4563
f 4569/1777/4569 4566/1774/4566 4567/1778/4567
f 4573/1779/4573 4568/1780/4568 4569/1777/4569
f 4568/1780/4568 4572/1781/4572 4571/1775/4571
f 4574/1782/4574 4569/1777/4569 4576/1783/4576
f 4575/1784/4575 4576/1783/4576 4577/1785/4577
f 4577/1785/4577 4578/1786/4578 4579/1787/4579
f 4576/1783/4576 4567/1778/4567 4578/1786/4578
f 4578/1788/4578 4565/1772/4565 4580/1789/4580
f 4579/1787/4579 4580/1789/4580 4581/1790/4581
f 4581/1790/4581 4582/1791/4582 4584/1792/4584
f 4580/1789/4580 4583/1765/4583 4582/1791/4582
f 4582/1793/4582 4558/1794/4558 4585/1795/4585
f 4584/1792/4584 4585/1795/4585 4586/1796/4586
f 4586/1796/4586 4587/1797/4587 4588/1628/4588
f 4585/1795/4585 4556/1798/4556 4587/1797/4587
f 4556/1799/4556 4589/1800/4589 4587/1801/4587
f 4587/1801/4587 4447/1627/4447 4588/1628/4588
f 4554/1802/4554 4590/1803/4590 4589/1800/4589
f 4589/1800/4589 4449/1804/4449 4447/1627/4447
f 4590/1803/4590 4547/1805/4547 4592/1806/4592
f 4449/1807/4449 4592/1806/4592 4451/1808/4451
f 4592/1806/4592 4545/1749/4545 4593/1809/4593
f 4451/1808/4451 4593/1809/4593 4594/1635/4594
f 4593/1809/4593 4543/1810/4543 4595/1811/4595
f 4594/1635/4594 4595/1811/4595 4510/1812/4510
f 4595/1811/4595 4533/1748/4533 4531/1813/4531
f 4510/1812/4510 4531/1813/4531 4512/1714/4512
f 4470/1663/4470 4600/1814/4600 4467/1660/4467
f 4596/1815/4596 4597/1816/4597 4470/1663/4470
f 4598/1817/4598 4599/1818/4599 4597/1816/4597
f 4597/1816/4597 4601/1819/4601 4600/1814/4600
f 4600/1820/4600 4603/1821/4603 4602/1822/4602
f 4467/1655/4467 4602/1822/4602 4464/1652/4464
f 4602/1822/4602 4605/1823/4605 4604/1824/4604
f 4464/1652/4464 4604/1824/4604 4462/1651/4462
f 4603/1825/4603 4606/1826/4606 4605/1827/4605
f 4608/1828/4608 4607/1829/4607 4606/1826/4606
f 4601/1819/4601 4608/1828/4608 4603/1825/4603
f 4609/1830/4609 4610/1831/4610 4608/1828/4608
f 4610/1831/4610 4615/1832/4615 4607/1829/4607
f 4611/1833/4611 4612/1834/4612 4610/1831/4610
f 4613/1835/4613 4614/1836/4614 4612/1834/4612
f 4612/1834/4612 4616/1837/4616 4615/1832/4615
f 4614/1838/4614 4617/1839/4617 4616/1840/4616
f 4619/1841/4619 4618/1842/4618 4617/1839/4617
f 4628/1843/4628 4619/1841/4619 4614/1838/4614
f 4620/1844/4620 4621/1845/4621 4619/1841/4619
f 4625/1846/4625 4622/1847/4622 4620/1844/4620
f 4624/1848/4624 4625/1846/4625 4626/1849/4626
f 4626/1849/4626 4627/1850/4627 4629/1851/4629
f 4627/1850/4627 4620/1844/4620 4628/1843/4628
f 4630/1852/4630 4628/1853/4628 4613/1835/4613
f 4629/1854/4629 4630/1852/4630 4631/1855/4631
f 4631/1855/4631 4632/1856/4632 4633/1857/4633
f 4632/1856/4632 4613/1835/4613 4611/1833/4611
f 4634/1858/4634 4611/1833/4611 4609/1830/4609
f 4635/1859/4635 4632/1856/4632 4634/1858/4634
f 4636/1860/4636 4634/1858/4634 4599/1818/4599
f 4599/1818/4599 4609/1830/4609 4601/1819/4601
f 4642/1861/4642 4637/1862/4637 4640/1863/4640
f 4638/1864/4638 4639/1865/4639 4637/1862/4637
f 4643/1866/4643 4640/1863/4640 4641/1867/4641
f 4643/1866/4643 4644/1868/4644 4642/1861/4642
f 4644/1868/4644 4638/1869/4638 4642/1861/4642
f 4644/1868/4644 4648/1870/4648 4647/1871/4647
f 4646/1872/4646 4647/1871/4647 4650/1873/4650
f 4647/1871/4647 4822/1874/4822 4649/1875/4649
f 4650/1873/4650 4649/1875/4649 4651/1876/4651
f 4650/1877/4650 4655/1878/4655 4646/1879/4646
f 4651/1880/4651 4652/1881/4652 4650/1877/4650
f 4653/1882/4653 4654/1883/4654 4652/1881/4652
f 4652/1881/4652 4656/1884/4656 4655/1878/4655
f 4655/1885/4655 4658/1886/4658 4657/1887/4657
f 4646/1888/4646 4657/1887/4657 4638/1864/4638
f 4657/1887/4657 4659/1889/4659 4639/1865/4639
f 4660/1890/4660 4656/1891/4656 4663/1892/4663
f 4662/1893/4662 4658/1894/4658 4660/1890/4660
f 4699/1895/4699 4660/1890/4660 4661/1896/4661
f 4661/1896/4661 4663/1892/4663 4664/1897/4664
f 4663/1898/4663 4654/1899/4654 4665/1900/4665
f 4664/1901/4664 4665/1900/4665 4666/1902/4666
f 4669/1903/4669 4665/1900/4665 4667/1904/4667
f 4667/1904/4667 4654/1899/4654 4668/1905/4668
f 4670/1906/4670 4668/1905/4668 4672/1907/4672
f 4671/1908/4671 4667/1904/4667 4670/1906/4670
f 4675/1909/4675 4670/1906/4670 4673/1910/4673
f 4673/1910/4673 4672/1907/4672 4674/1911/4674
f 4676/1912/4676 4674/1911/4674 4678/1913/4678
f 4677/1914/4677 4673/1915/4673 4676/1912/4676
f 4681/1916/4681 4676/1912/4676 4679/1917/4679
f 4679/1917/4679 4678/1913/4678 4680/1918/4680
f 4682/1919/4682 4677/1914/4677 4681/1916/4681
f 4683/1920/4683 4684/1921/4684 4682/1919/4682
f 4685/1922/4685 4686/1923/4686 4684/1921/4684
f 4684/1921/4684 4675/1924/4675 4677/1914/4677
f 4686/1925/4686 4671/1908/4671 4675/1909/4675
f 4687/1926/4687 4688/1927/4688 4686/1925/4686
f 4689/1928/4689 4690/1929/4690 4688/1927/4688
f 4688/1927/4688 4669/1903/4669 4671/1908/4671
f 4690/1929/4690 4666/1902/4666 4669/1903/4669
f 4691/1930/4691 4692/1931/4692 4690/1929/4690
f 4693/1932/4693 4694/1933/4694 4692/1931/4692
f 4694/1933/4694 4666/1902/4666 4692/1931/4692
f 4696/1934/4696 4664/1901/4664 4694/1933/4694
f 4697/1935/4697 4694/1933/4694 4695/1936/4695
f 4700/1937/4700 4696/1934/4696 4697/1935/4697
f 4698/1938/4698 4661/1939/4661 4696/1934/4696
f 4701/1940/4701 4699/1941/4699 4698/1938/4698
f 4702/1942/4702 4698/1938/4698 4700/1937/4700
f 4702/1942/4702 4703/1943/4703 4701/1940/4701
f 4701/1940/4701 4705/1944/4705 4704/1945/4704
f 4704/1946/4704 4662/1947/4662 4699/1948/4699
f 4707/1949/4707 4704/1946/4704 4705/1950/4705
f 4709/1951/4709 4706/1952/4706 4707/1949/4707
f 4708/1953/4708 4662/1947/4662 4706/1952/4706
f 4710/1954/4710 4707/1955/4707 4712/1956/4712
f 4711/1957/4711 4712/1956/4712 4713/1958/4713
f 4713/1958/4713 4714/1959/4714 4715/1960/4715
f 4712/1956/4712 4705/1950/4705 4714/1959/4714
f 4703/1943/4703 4714/1961/4714 4705/1944/4705
f 4716/1962/4716 4715/1963/4715 4714/1961/4714
f 4717/1964/4717 4718/1965/4718 4716/1962/4716
f 4730/1966/4730 4716/1962/4716 4703/1943/4703
f 4718/1967/4718 4723/1968/4723 4715/1963/4715
f 4721/1969/4721 4718/1967/4718 4719/1970/4719
f 4729/1971/4729 4720/1972/4720 4721/1969/4721
f 4720/1972/4720 4724/1977/4724 4723/1968/4723
f 4725/1974/4725 4715/1963/4715 4723/1975/4723
f 4726/1976/4726 4723/1975/4723 4724/1977/4724
f 4728/1978/4728 4725/1974/4725 4726/1976/4726
f 4727/1979/4727 4713/1980/4713 4725/1974/4725
f 4734/1985/4734 4680/1918/4680 4678/1913/4678
f 4731/1983/4731 4732/1981/4732 4735/1982/4735
f 4735/1982/4735 4733/2941/4733 4736/1984/4736
f 4832/2104/4832 4732/1981/4732 4734/1985/4734
f 4739/1987/4739 4735/1982/4735 4737/1988/4737
f 4737/1988/4737 4736/1984/4736 4738/1989/4738
f 4740/1990/4740 4736/1984/4736 4742/1991/4742
f 4741/1992/4741 4742/1991/4742 4744/1993/4744
f 4736/1984/4736 4743/1995/4743 4742/1991/4742
f 4742/1991/4742 4745/1996/4745 4744/1993/4744
f 4747/1997/4747 4746/1998/4746 4749/1999/4749
f 4746/1998/4746 4743/2000/4743 4833/2001/4833
f 4748/2002/4748 4749/1999/4749 4751/2003/4751
f 4749/1999/4749 4825/2004/4825 4750/2005/4750
f 4751/2003/4751 4750/2005/4750 4752/2006/4752
f 4754/2007/4754 4751/2003/4751 4753/2008/4753
f 4753/2008/4753 4752/2006/4752 4755/2009/4755
f 4757/2010/4757 4753/2008/4753 4756/2011/4756
f 4756/2011/4756 4755/2009/4755 4758/2012/4758
f 4761/2013/4761 4758/2014/4758 4755/2015/4755
f 4763/2016/4763 4759/2017/4759 4761/2013/4761
f 4764/2018/4764 4761/2013/4761 4762/2019/4762
f 4762/2019/4762 4755/2015/4755 4752/2006/4752
f 4764/2018/4764 4765/2020/4765 4763/2016/4763
f 4763/2016/4763 4768/2021/4768 4760/2022/4760
f 4766/2023/4766 4767/2024/4767 4765/2020/4765
f 4765/2020/4765 4769/2025/4769 4768/2021/4768
f 4772/2026/4772 4769/2025/4769 4767/2024/4767
f 4774/2027/4774 4770/2028/4770 4772/2026/4772
f 4775/2029/4775 4772/2026/4772 4773/2030/4773
f 4773/2030/4773 4767/2024/4767 4819/2031/4819
f 4777/2032/4777 4774/2027/4774 4775/2029/4775
f 4776/2033/4776 4771/2034/4771 4774/2027/4774
f 4813/2035/4813 4776/2033/4776 4777/2032/4777
f 4778/2036/4778 4779/2037/4779 4776/2033/4776
f 4783/2038/4783 4780/2039/4780 4778/2036/4778
f 4785/2040/4785 4781/2041/4781 4783/2038/4783
f 4786/2042/4786 4783/2038/4783 4784/2043/4784
f 4784/2043/4784 4778/2036/4778 4813/2035/4813
f 4788/2044/4788 4785/2040/4785 4786/2042/4786
f 4787/2045/4787 4782/2046/4782 4785/2040/4785
f 4803/2047/4803 4787/2045/4787 4788/2044/4788
f 4789/2048/4789 4790/2049/4790 4787/2045/4787
f 4794/2050/4794 4791/2051/4791 4789/2052/4789
f 4796/2936/4796 4792/2054/4792 4794/2050/4794
f 4797/2055/4797 4794/2050/4794 4795/2056/4795
f 4795/2056/4795 4789/2052/4789 4803/2057/4803
f 4798/2058/4798 4795/2056/4795 4800/2059/4800
f 4799/2060/4799 4800/2059/4800 4801/2061/4801
f 4801/2061/4801 4802/2062/4802 4804/2063/4804
f 4800/2059/4800 4803/2057/4803 4802/2062/4802
f 4802/2064/4802 4788/2044/4788 4805/2065/4805
f 4804/2066/4804 4805/2065/4805 4806/2067/4806
f 4806/2067/4806 4807/2068/4807 4808/2069/4808
f 4805/2065/4805 4786/2042/4786 4807/2068/4807
f 4808/2069/4808 4809/2070/4809 4810/2071/4810
f 4807/2068/4807 4784/2043/4784 4809/2070/4809
f 4810/2071/4810 4811/2072/4811 4812/2073/4812
f 4809/2070/4809 4813/2035/4813 4811/2072/4811
f 4812/2074/4812 4814/2075/4814 4815/2076/4815
f 4811/2077/4811 4777/2078/4777 4814/2075/4814
f 4815/2076/4815 4816/2079/4816 4641/1867/4641
f 4814/2075/4814 4775/2080/4775 4816/2079/4816
f 4816/2079/4816 4773/2081/4773 4817/2082/4817
f 4816/2079/4816 4643/2083/4643 4641/1867/4641
f 4773/2081/4773 4818/2084/4818 4817/2082/4817
f 4817/2082/4817 4645/2085/4645 4643/2083/4643
f 4819/2031/4819 4820/2086/4820 4818/2087/4818
f 4818/2087/4818 4648/1870/4648 4645/2088/4645
f 4820/2086/4820 4764/2018/4764 4821/2089/4821
f 4648/1870/4648 4821/2089/4821 4822/1874/4822
f 4821/2089/4821 4762/2090/4762 4823/2091/4823
f 4822/1874/4822 4823/2091/4823 4824/2092/4824
f 4823/2091/4823 4752/2006/4752 4750/2005/4750
f 4824/2092/4824 4750/2005/4750 4825/2093/4825
f 4824/2095/4824 4827/2097/4827 4826/2094/4826
f 4824/2095/4824 4649/2096/4649 4822/1874/4822
f 4826/2094/4826 4829/2100/4829 4828/2098/4828
f 4826/2094/4826 4651/1880/4651 4649/2096/4649
f 4828/2098/4828 4653/2099/4653 4651/1880/4651
f 4828/2098/4828 4831/2102/4831 4830/2101/4830
f 4830/2101/4830 4674/2937/4674 4672/1907/4672
f 4830/2101/4830 4668/1905/4668 4653/2099/4653
f 4829/2106/4829 4734/1985/4734 4831/2103/4831
f 4831/2103/4831 4678/1913/4678 4674/2105/4674
f 4827/2107/4827 4832/2104/4832 4829/2106/4829
f 4833/2001/4833 4733/1986/4733 4832/2104/4832
f 4825/2942/4825 4833/2001/4833 4827/2107/4827
f 4838/2440/4838 4835/2441/4835 4834/2442/4834
f 4836/2443/4836 4839/2444/4839 4834/2442/4834
f 4839/2445/4839 4837/2446/4837 4834/2442/4834
f 4837/2446/4837 4838/2447/4838 4834/2442/4834
f 4841/2448/4841 4840/2449/4840 4839/2444/4839
f 4843/2450/4843 4839/2445/4839 4840/2451/4840
f 4846/2452/4846 4842/2453/4842 4843/2450/4843
f 4844/2454/4844 4837/2446/4837 4842/2453/4842
f 4847/2455/4847 4845/2456/4845 4844/2457/4844
f 4848/2458/4848 4844/2457/4844 4846/2459/4846
f 4955/2460/4955 4847/2455/4847 4848/2458/4848
f 4849/2461/4849 4850/2462/4850 4847/2455/4847
f 4850/2462/4850 4855/2463/4855 4845/2456/4845
f 4851/2464/4851 4852/2465/4852 4850/2462/4850
f 4852/2465/4852 4899/2466/4899 4854/2467/4854
f 4852/2465/4852 4856/2468/4856 4855/2463/4855
f 4855/2469/4855 4858/2470/4858 4857/2471/4857
f 4845/2456/4845 4857/2471/4857 4837/2446/4837
f 4857/2471/4857 4859/2472/4859 4838/2447/4838
f 4856/2468/4856 4860/2473/4860 4858/2474/4858
f 4858/2474/4858 4863/2475/4863 4859/2476/4859
f 4861/2477/4861 4862/2478/4862 4860/2473/4860
f 4860/2473/4860 4864/2479/4864 4863/2475/4863
f 4866/2480/4866 4863/2475/4863 4864/2479/4864
f 4865/2481/4865 4859/2482/4859 4863/2475/4863
f 4893/2483/4893 4865/2481/4865 4866/2480/4866
f 4867/2484/4867 4868/2485/4868 4865/2481/4865
f 4869/2486/4869 4870/2487/4870 4868/2488/4868
f 4868/2488/4868 4838/2440/4838 4859/2482/4859
f 4870/2487/4870 4872/2489/4872 4835/2441/4835
f 4871/2490/4871 4876/2491/4876 4872/2492/4872
f 4869/2493/4869 4873/2494/4873 4871/2490/4871
f 4874/2495/4874 4875/2496/4875 4873/2494/4873
f 4873/2494/4873 4877/2497/4877 4876/2491/4876
f 4875/2498/4875 4878/2499/4878 4877/2500/4877
f 4880/2501/4880 4879/2502/4879 4878/2499/4878
f 4889/2503/4889 4880/2501/4880 4875/2498/4875
f 4881/2504/4881 4882/2505/4882 4880/2501/4880
f 4884/2506/4884 4881/2504/4881 4886/2507/4886
f 4885/2508/4885 4886/2507/4886 4887/2509/4887
f 4887/2509/4887 4888/2510/4888 4890/2511/4890
f 4886/2507/4886 4889/2503/4889 4888/2510/4888
f 4888/2932/4888 4874/2495/4874 4891/2512/4891
f 4890/2514/4890 4891/2512/4891 4892/2515/4892
f 4892/2515/4892 4867/2484/4867 4893/2483/4893
f 4891/2512/4891 4869/2493/4869 4867/2484/4867
f 4861/2477/4861 4895/2516/4895 4894/2517/4894
f 4897/2518/4897 4896/2519/4896 4895/2516/4895
f 4856/2468/4856 4897/2518/4897 4861/2477/4861
f 4854/2467/4854 4898/2520/4898 4897/2518/4897
f 4898/2520/4898 4903/2521/4903 4896/2519/4896
f 4899/2466/4899 4900/2522/4900 4898/2520/4898
f 4901/2523/4901 4902/2524/4902 4900/2522/4900
f 4900/2522/4900 4904/2525/4904 4903/2521/4903
f 4902/2524/4902 4905/2526/4905 4904/2525/4904
f 4907/2527/4907 4906/2528/4906 4905/2526/4905
f 4926/2529/4926 4907/2527/4907 4902/2524/4902
f 4908/2530/4908 4909/2531/4909 4907/2527/4907
f 4909/2532/4909 4914/2533/4914 4906/2534/4906
f 4910/2535/4910 4911/2536/4911 4909/2532/4909
f 4912/2537/4912 4913/2538/4913 4911/2536/4911
f 4911/2536/4911 4915/2539/4915 4914/2533/4914
f 4919/2540/4919 4916/2541/4916 4912/2542/4912
f 4920/2543/4920 4917/2544/4917 4919/2540/4919
f 4922/2545/4922 4919/2540/4919 4921/2546/4921
f 4921/2546/4921 4912/2542/4912 4910/2547/4910
f 4923/2548/4923 4910/2547/4910 4908/2530/4908
f 4924/2549/4924 4921/2546/4921 4923/2548/4923
f 4927/2550/4927 4923/2548/4923 4925/2551/4925
f 4925/2551/4925 4908/2530/4908 4926/2529/4926
f 4928/2552/4928 4926/2529/4926 4901/2523/4901
f 4929/2553/4929 4925/2551/4925 4928/2552/4928
f 4929/2553/4929 4853/2554/4853 4851/2464/4851
f 4853/2554/4853 4901/2523/4901 4899/2466/4899
f 4930/2555/4930 4851/2464/4851 4849/2461/4849
f 4932/2556/4932 4929/2553/4929 4930/2555/4930
f 4931/2557/4931 4849/2461/4849 4955/2460/4955
f 4933/2558/4933 4930/2555/4930 4931/2557/4931
f 4934/2559/4934 4927/2550/4927 4932/2556/4932
f 4935/2560/4935 4932/2556/4932 4933/2558/4933
f 4937/2561/4937 4934/2559/4934 4935/2560/4935
f 4936/2562/4936 4924/2549/4924 4934/2559/4934
f 4938/2565/4938 4922/2545/4922 4936/2562/4936
f 4939/2563/4939 4936/2562/4936 4937/2561/4937
f 4941/2564/4941 4938/2565/4938 4939/2563/4939
f 4940/2933/4940 4920/2543/4920 4938/2565/4938
f 4942/2567/4942 4939/2568/4939 4944/2569/4944
f 4943/2570/4943 4944/2569/4944 4945/2571/4945
f 4945/2571/4945 4946/2572/4946 4947/2573/4947
f 4944/2569/4944 4937/2574/4937 4946/2572/4946
f 4946/2572/4946 4935/2560/4935 4948/2575/4948
f 4947/2576/4947 4948/2575/4948 4949/2577/4949
f 4949/2577/4949 4950/2578/4950 4951/2579/4951
f 4948/2575/4948 4933/2558/4933 4950/2578/4950
f 4950/2578/4950 4931/2557/4931 4952/2580/4952
f 4951/2579/4951 4952/2580/4952 4953/2581/4953
f 4953/2581/4953 4954/2582/4954 4956/2583/4956
f 4952/2580/4952 4955/2460/4955 4954/2582/4954
f 4954/2582/4954 4848/2458/4848 4957/2584/4957
f 4956/2583/4956 4957/2584/4957 4958/2585/4958
f 4958/2585/4958 4959/2586/4959 4960/2587/4960
f 4957/2584/4957 4846/2459/4846 4959/2586/4959
f 4959/2586/4959 4843/2588/4843 4961/2589/4961
f 4960/2587/4960 4961/2589/4961 4962/2590/4962
f 4962/2590/4962 4963/2591/4963 4964/2592/4964
f 4961/2589/4961 4840/2593/4840 4963/2591/4963
f 4966/2594/4966 4963/2595/4963 4840/2596/4840
f 4965/2597/4965 4964/2592/4964 4963/2595/4963
f 4992/2598/4992 4965/2597/4965 4966/2594/4966
f 4967/2599/4967 4968/2600/4968 4965/2597/4965
f 4969/2601/4969 4972/2602/4972 4970/2603/4970
f 4970/2603/4970 4974/2604/4974 4971/2605/4971
f 4967/2606/4967 4973/2607/4973 4972/2602/4972
f 4972/2602/4972 4975/2608/4975 4974/2604/4974
f 4974/2609/4974 4977/2610/4977 4976/2611/4976
f 4971/2612/4971 4976/2611/4976 4979/2613/4979
f 4976/2611/4976 4981/2614/4981 4978/2615/4978
f 4976/2611/4976 4980/2616/4980 4979/2613/4979
f 4977/2610/4977 4982/2617/4982 4981/2614/4981
f 4984/2618/4984 4983/2619/4983 4982/2617/4982
f 4975/2620/4975 4984/2618/4984 4977/2610/4977
f 4985/2621/4985 4986/2622/4986 4984/2618/4984
f 4990/2623/4990 4987/2624/4987 4985/2625/4985
f 4991/2626/4991 4988/2627/4988 4990/2623/4990
f 4992/2598/4992 4990/2623/4990 4973/2607/4973
f 4973/2607/4973 4985/2625/4985 4975/2608/4975
f 4989/2628/4989 4841/2448/4841 4836/2443/4836
f 4991/2629/4991 4966/2630/4966 4841/2448/4841
f 4997/2440/4997 4994/2441/4994 4993/2442/4993
f 4995/2443/4995 4998/2444/4998 4993/2442/4993
f 4998/2445/4998 4996/2446/4996 4993/2442/4993
f 4996/2446/4996 4997/2447/4997 4993/2442/4993
f 5000/2448/5000 4999/2449/4999 4998/2444/4998
f 5002/2450/5002 4998/2445/4998 4999/2451/4999
f 5005/2452/5005 5001/2453/5001 5002/2450/5002
f 5003/2454/5003 4996/2446/4996 5001/2453/5001
f 5006/2455/5006 5004/2456/5004 5003/2457/5003
f 5007/2458/5007 5003/2457/5003 5005/2459/5005
f 5114/2460/5114 5006/2455/5006 5007/2458/5007
f 5008/2461/5008 5009/2462/5009 5006/2455/5006
f 5009/2462/5009 5014/2463/5014 5004/2456/5004
f 5009/2462/5009 5012/2554/5012 5011/2465/5011
f 5011/2465/5011 5058/2466/5058 5013/2467/5013
f 5011/2465/5011 5015/2468/5015 5014/2463/5014
f 5014/2469/5014 5017/2470/5017 5016/2471/5016
f 5004/2456/5004 5016/2471/5016 4996/2446/4996
f 5016/2471/5016 5018/2472/5018 4997/2447/4997
f 5015/2468/5015 5019/2473/5019 5017/2474/5017
f 5017/2474/5017 5022/2475/5022 5018/2476/5018
f 5020/2477/5020 5021/2478/5021 5019/2473/5019
f 5019/2473/5019 5023/2479/5023 5022/2475/5022
f 5025/2480/5025 5022/2475/5022 5023/2479/5023
f 5024/2481/5024 5018/2482/5018 5022/2475/5022
f 5052/2483/5052 5024/2481/5024 5025/2480/5025
f 5026/2484/5026 5027/2485/5027 5024/2481/5024
f 5028/2486/5028 5029/2487/5029 5027/2488/5027
f 5027/2488/5027 4997/2440/4997 5018/2482/5018
f 5029/2487/5029 5031/2489/5031 4994/2441/4994
f 5030/2490/5030 5035/2491/5035 5031/2492/5031
f 5033/2495/5033 5030/2490/5030 5028/2493/5028
f 5033/2495/5033 5034/2496/5034 5032/2494/5032
f 5032/2494/5032 5036/2497/5036 5035/2491/5035
f 5034/2498/5034 5037/2499/5037 5036/2500/5036
f 5039/2501/5039 5038/2502/5038 5037/2499/5037
f 5048/2503/5048 5039/2501/5039 5034/2498/5034
f 5040/2504/5040 5041/2505/5041 5039/2501/5039
f 5043/2506/5043 5040/2504/5040 5045/2507/5045
f 5044/2508/5044 5045/2507/5045 5046/2509/5046
f 5046/2509/5046 5047/2510/5047 5049/2511/5049
f 5045/2507/5045 5048/2503/5048 5047/2510/5047
f 5047/2932/5047 5033/2495/5033 5050/2512/5050
f 5049/2514/5049 5050/2512/5050 5051/2515/5051
f 5051/2515/5051 5026/2484/5026 5052/2483/5052
f 5050/2512/5050 5028/2493/5028 5026/2484/5026
f 5020/2477/5020 5054/2516/5054 5053/2517/5053
f 5056/2518/5056 5055/2519/5055 5054/2516/5054
f 5015/2468/5015 5056/2518/5056 5020/2477/5020
f 5013/2467/5013 5057/2520/5057 5056/2518/5056
f 5057/2520/5057 5062/2521/5062 5055/2519/5055
f 5058/2466/5058 5059/2522/5059 5057/2520/5057
f 5060/2523/5060 5061/2524/5061 5059/2522/5059
f 5059/2522/5059 5063/2525/5063 5062/2521/5062
f 5061/2524/5061 5064/2526/5064 5063/2525/5063
f 5066/2527/5066 5065/2528/5065 5064/2526/5064
f 5085/2529/5085 5066/2527/5066 5061/2524/5061
f 5067/2530/5067 5068/2531/5068 5066/2527/5066
f 5068/2532/5068 5073/2533/5073 5065/2534/5065
f 5069/2535/5069 5070/2536/5070 5068/2532/5068
f 5071/2537/5071 5072/2538/5072 5070/2536/5070
f 5070/2536/5070 5074/2539/5074 5073/2533/5073
f 5078/2540/5078 5075/2541/5075 5071/2542/5071
f 5079/2543/5079 5076/2544/5076 5078/2540/5078
f 5081/2545/5081 5078/2540/5078 5080/2546/5080
f 5080/2546/5080 5071/2542/5071 5069/2547/5069
f 5082/2548/5082 5069/2547/5069 5067/2530/5067
f 5083/2549/5083 5080/2546/5080 5082/2548/5082
f 5086/2550/5086 5082/2548/5082 5084/2551/5084
f 5084/2551/5084 5067/2530/5067 5085/2529/5085
f 5087/2552/5087 5085/2529/5085 5060/2523/5060
f 5088/2553/5088 5084/2551/5084 5087/2552/5087
f 5010/2464/5010 5087/2552/5087 5012/2554/5012
f 5012/2554/5012 5060/2523/5060 5058/2466/5058
f 5089/2555/5089 5010/2464/5010 5008/2461/5008
f 5091/2556/5091 5088/2553/5088 5089/2555/5089
f 5090/2557/5090 5008/2461/5008 5114/2460/5114
f 5092/2558/5092 5089/2555/5089 5090/2557/5090
f 5093/2559/5093 5086/2550/5086 5091/2556/5091
f 5094/2560/5094 5091/2556/5091 5092/2558/5092
f 5096/2561/5096 5093/2559/5093 5094/2560/5094
f 5095/2562/5095 5083/2549/5083 5093/2559/5093
f 5097/2565/5097 5081/2545/5081 5095/2562/5095
f 5098/2563/5098 5095/2562/5095 5096/2561/5096
f 5100/2564/5100 5097/2565/5097 5098/2563/5098
f 5099/2933/5099 5079/2543/5079 5097/2565/5097
f 5101/2567/5101 5098/2568/5098 5103/2569/5103
f 5102/2570/5102 5103/2569/5103 5104/2571/5104
f 5104/2571/5104 5105/2572/5105 5106/2573/5106
f 5103/2569/5103 5096/2574/5096 5105/2572/5105
f 5105/2572/5105 5094/2560/5094 5107/2575/5107
f 5106/2576/5106 5107/2575/5107 5108/2577/5108
f 5108/2577/5108 5109/2578/5109 5110/2579/5110
f 5107/2575/5107 5092/2558/5092 5109/2578/5109
f 5109/2578/5109 5090/2557/5090 5111/2580/5111
f 5110/2579/5110 5111/2580/5111 5112/2581/5112
f 5112/2581/5112 5113/2582/5113 5115/2583/5115
f 5111/2580/5111 5114/2460/5114 5113/2582/5113
f 5113/2582/5113 5007/2458/5007 5116/2584/5116
f 5115/2583/5115 5116/2584/5116 5117/2585/5117
f 5117/2585/5117 5118/2586/5118 5119/2587/5119
f 5116/2584/5116 5005/2459/5005 5118/2586/5118
f 5118/2586/5118 5002/2588/5002 5120/2589/5120
f 5119/2587/5119 5120/2589/5120 5121/2590/5121
f 5121/2590/5121 5122/2591/5122 5123/2592/5123
f 5120/2589/5120 4999/2593/4999 5122/2591/5122
f 5125/2594/5125 5122/2595/5122 4999/2596/4999
f 5124/2597/5124 5123/2592/5123 5122/2595/5122
f 5151/2598/5151 5124/2597/5124 5125/2594/5125
f 5126/2599/5126 5127/2600/5127 5124/2597/5124
f 5128/2601/5128 5131/2602/5131 5129/2603/5129
f 5129/2603/5129 5133/2604/5133 5130/2605/5130
f 5126/2606/5126 5132/2607/5132 5131/2602/5131
f 5131/2602/5131 5134/2608/5134 5133/2604/5133
f 5133/2609/5133 5136/2610/5136 5135/2611/5135
f 5130/2612/5130 5135/2611/5135 5138/2613/5138
f 5135/2611/5135 5140/2614/5140 5137/2615/5137
f 5135/2611/5135 5139/2616/5139 5138/2613/5138
f 5136/2610/5136 5141/2617/5141 5140/2614/5140
f 5143/2618/5143 5142/2619/5142 5141/2617/5141
f 5134/2620/5134 5143/2618/5143 5136/2610/5136
f 5144/2621/5144 5145/2622/5145 5143/2618/5143
f 5149/2623/5149 5146/2624/5146 5144/2625/5144
f 5150/2626/5150 5147/2627/5147 5149/2623/5149
f 5151/2598/5151 5149/2623/5149 5132/2607/5132
f 5132/2607/5132 5144/2625/5144 5134/2608/5134
f 5148/2628/5148 5000/2448/5000 4995/2443/4995
f 5150/2629/5150 5125/2630/5125 5000/2448/5000
f 5156/2631/5156 5153/2632/5153 5152/2633/5152
f 5154/2634/5154 5157/2635/5157 5152/2633/5152
f 5157/2636/5157 5155/2637/5155 5152/2633/5152
f 5155/2637/5155 5156/2638/5156 5152/2633/5152
f 5159/2639/5159 5158/2640/5158 5157/2635/5157
f 5161/2641/5161 5157/2636/5157 5158/2642/5158
f 5164/2643/5164 5160/2644/5160 5161/2641/5161
f 5162/2645/5162 5155/2637/5155 5160/2644/5160
f 5165/2646/5165 5163/2647/5163 5162/2648/5162
f 5166/2649/5166 5162/2648/5162 5164/2650/5164
f 5284/2651/5284 5165/2646/5165 5166/2649/5166
f 5167/2652/5167 5168/2653/5168 5165/2646/5165
f 5168/2653/5168 5173/2654/5173 5163/2647/5163
f 5169/2655/5169 5170/2656/5170 5168/2653/5168
f 5171/2657/5171 5172/2658/5172 5170/2656/5170
f 5170/2656/5170 5174/2659/5174 5173/2654/5173
f 5173/2654/5173 5176/2660/5176 5175/2661/5175
f 5163/2662/5163 5175/2661/5175 5155/2637/5155
f 5175/2661/5175 5177/2663/5177 5156/2638/5156
f 5174/2659/5174 5178/2664/5178 5176/2665/5176
f 5176/2665/5176 5181/2666/5181 5177/2667/5177
f 5179/2668/5179 5180/2669/5180 5178/2664/5178
f 5178/2664/5178 5182/2670/5182 5181/2666/5181
f 5184/2671/5184 5181/2672/5181 5182/2673/5182
f 5183/2674/5183 5177/2663/5177 5181/2672/5181
f 5221/2675/5221 5183/2674/5183 5184/2671/5184
f 5185/2676/5185 5186/2677/5186 5183/2674/5183
f 5187/2678/5187 5188/2679/5188 5186/2680/5186
f 5186/2680/5186 5156/2631/5156 5177/2681/5177
f 5188/2679/5188 5190/2682/5190 5153/2632/5153
f 5189/2683/5189 5194/2684/5194 5190/2685/5190
f 5187/2686/5187 5191/2687/5191 5189/2683/5189
f 5192/2688/5192 5193/2689/5193 5191/2687/5191
f 5191/2687/5191 5195/2690/5195 5194/2684/5194
f 5193/2689/5193 5196/2691/5196 5195/2690/5195
f 5198/2692/5198 5197/2693/5197 5196/2691/5196
f 5218/2694/5218 5198/2692/5198 5193/2689/5193
f 5199/2695/5199 5200/2696/5200 5198/2692/5198
f 5200/2697/5200 5205/2698/5205 5197/2693/5197
f 5201/2699/5201 5202/2700/5202 5200/2697/5200
f 5203/2701/5203 5204/2702/5204 5202/2700/5202
f 5202/2700/5202 5206/2703/5206 5205/2698/5205
f 5208/2704/5208 5203/2701/5203 5210/2705/5210
f 5209/2706/5209 5210/2705/5210 5211/2707/5211
f 5211/2707/5211 5212/2708/5212 5213/2709/5213
f 5210/2705/5210 5201/2699/5201 5212/2708/5212
f 5214/2710/5214 5201/2699/5201 5199/2695/5199
f 5213/2709/5213 5214/2710/5214 5215/2711/5215
f 5215/2711/5215 5216/2712/5216 5217/2713/5217
f 5216/2712/5216 5199/2695/5199 5218/2694/5218
f 5217/2713/5217 5219/2714/5219 5220/2715/5220
f 5219/2714/5219 5218/2694/5218 5192/2688/5192
f 5220/2715/5220 5185/2676/5185 5221/2675/5221
f 5219/2714/5219 5187/2686/5187 5185/2676/5185
f 5225/2716/5225 5222/2717/5222 5179/2668/5179
f 5225/2716/5225 5224/2718/5224 5223/2719/5223
f 5172/2658/5172 5179/2668/5179 5174/2659/5174
f 5227/2722/5227 5225/2716/5225 5172/2658/5172
f 5226/2720/5226 5231/2721/5231 5224/2718/5224
f 5227/2722/5227 5228/2723/5228 5226/2720/5226
f 5229/2724/5229 5230/2725/5230 5228/2723/5228
f 5228/2723/5228 5232/2726/5232 5231/2721/5231
f 5230/2725/5230 5233/2727/5233 5232/2726/5232
f 5235/2728/5235 5234/2729/5234 5233/2727/5233
f 5255/2730/5255 5235/2728/5235 5230/2725/5230
f 5236/2731/5236 5237/2732/5237 5235/2728/5235
f 5237/2733/5237 5242/2734/5242 5234/2735/5234
f 5238/2736/5238 5239/2737/5239 5237/2733/5237
f 5240/2738/5240 5241/2739/5241 5239/2737/5239
f 5239/2737/5239 5243/2740/5243 5242/2734/5242
f 5247/2741/5247 5244/2742/5244 5240/2743/5240
f 5248/2744/5248 5245/2745/5245 5247/2741/5247
f 5250/2746/5250 5247/2741/5247 5249/2747/5249
f 5249/2747/5249 5240/2743/5240 5238/2748/5238
f 5249/2747/5249 5236/2731/5236 5251/2749/5251
f 5250/2746/5250 5251/2749/5251 5252/2750/5252
f 5252/2750/5252 5253/2751/5253 5254/2752/5254
f 5253/2751/5253 5236/2731/5236 5255/2730/5255
f 5254/2752/5254 5256/2753/5256 5257/2754/5257
f 5256/2753/5256 5255/2730/5255 5229/2724/5229
f 5257/2754/5257 5171/2657/5171 5169/2655/5169
f 5171/2657/5171 5229/2724/5229 5227/2722/5227
f 5258/2755/5258 5169/2655/5169 5167/2652/5167
f 5260/2756/5260 5257/2754/5257 5258/2755/5258
f 5259/2757/5259 5167/2652/5167 5284/2651/5284
f 5261/2758/5261 5258/2755/5258 5259/2757/5259
f 5263/2759/5263 5260/2756/5260 5261/2758/5261
f 5262/2760/5262 5254/2752/5254 5260/2756/5260
f 5265/2761/5265 5262/2760/5262 5263/2759/5263
f 5264/2762/5264 5252/2750/5252 5262/2760/5262
f 5264/2762/5264 5248/2744/5248 5250/2746/5250
f 5267/2764/5267 5264/2762/5264 5265/2761/5265
f 5269/2765/5269 5266/2763/5266 5267/2764/5267
f 5266/2763/5266 5246/2943/5246 5248/2744/5248
f 5270/2767/5270 5267/2768/5267 5272/2769/5272
f 5271/2770/5271 5272/2769/5272 5273/2771/5273
f 5273/2771/5273 5274/2772/5274 5275/2773/5275
f 5272/2769/5272 5265/2774/5265 5274/2772/5274
f 5274/2775/5274 5263/2776/5263 5276/2777/5276
f 5275/2773/5275 5276/2777/5276 5278/2778/5278
f 5276/2777/5276 5261/2779/5261 5277/2780/5277
f 5278/2778/5278 5277/2780/5277 5279/2781/5279
f 5279/2781/5279 5282/2782/5282 5280/2783/5280
f 5280/2783/5280 5283/2784/5283 5281/2785/5281
f 5277/2780/5277 5259/2757/5259 5282/2782/5282
f 5282/2782/5282 5284/2786/5284 5283/2784/5283
f 5283/2787/5283 5166/2649/5166 5285/2788/5285
f 5281/2789/5281 5285/2788/5285 5286/2790/5286
f 5286/2790/5286 5287/2791/5287 5288/2792/5288
f 5285/2788/5285 5164/2650/5164 5287/2791/5287
f 5287/2791/5287 5161/2793/5161 5289/2794/5289
f 5288/2792/5288 5289/2794/5289 5290/2795/5290
f 5290/2795/5290 5291/2796/5291 5292/2797/5292
f 5289/2794/5289 5158/2642/5158 5291/2796/5291
f 5294/2798/5294 5291/2799/5291 5158/2800/5158
f 5293/2801/5293 5292/2802/5292 5291/2799/5291
f 5320/2803/5320 5293/2801/5293 5294/2798/5294
f 5295/2804/5295 5296/2805/5296 5293/2801/5293
f 5297/2806/5297 5300/2807/5300 5298/2808/5298
f 5298/2808/5298 5302/2809/5302 5299/2810/5299
f 5295/2811/5295 5301/2812/5301 5300/2807/5300
f 5300/2807/5300 5303/2813/5303 5302/2809/5302
f 5302/2814/5302 5305/2815/5305 5304/2816/5304
f 5299/2818/5299 5304/2816/5304 5307/2817/5307
f 5304/2816/5304 5309/2819/5309 5306/2820/5306
f 5304/2816/5304 5308/2821/5308 5307/2817/5307
f 5305/2815/5305 5310/2822/5310 5309/2819/5309
f 5312/2823/5312 5311/2824/5311 5310/2822/5310
f 5303/2813/5303 5312/2823/5312 5305/2815/5305
f 5313/2825/5313 5314/2826/5314 5312/2823/5312
f 5318/2827/5318 5315/2828/5315 5313/2829/5313
f 5319/2830/5319 5316/2831/5316 5318/2827/5318
f 5320/2832/5320 5318/2827/5318 5301/2812/5301
f 5301/2812/5301 5313/2829/5313 5303/2813/5303
f 5317/2833/5317 5159/2639/5159 5154/2634/5154
f 5319/2830/5319 5294/2834/5294 5159/2639/5159
f 5325/2944/5325 5322/2945/5322 5321/2946/5321
f 5323/2947/5323 5326/2636/5326 5321/2946/5321
f 5326/2636/5326 5324/2637/5324 5321/2946/5321
f 5324/2637/5324 5325/2944/5325 5321/2946/5321
f 5328/2639/5328 5327/2642/5327 5326/2636/5326
f 5330/2948/5330 5326/2636/5326 5327/2642/5327
f 5333/2949/5333 5329/2950/5329 5330/2948/5330
f 5331/2951/5331 5324/2637/5324 5329/2950/5329
f 5334/2952/5334 5332/2647/5332 5331/2951/5331
f 5335/2953/5335 5331/2951/5331 5333/2949/5333
f 5453/2954/5453 5334/2952/5334 5335/2953/5335
f 5336/2652/5336 5337/2955/5337 5334/2952/5334
f 5337/2955/5337 5342/2956/5342 5332/2647/5332
f 5338/2957/5338 5339/2656/5339 5337/2955/5337
f 5340/2958/5340 5341/2959/5341 5339/2656/5339
f 5339/2656/5339 5343/2659/5343 5342/2956/5342
f 5342/2956/5342 5345/2960/5345 5344/2661/5344
f 5332/2647/5332 5344/2661/5344 5324/2637/5324
f 5344/2661/5344 5346/2961/5346 5325/2944/5325
f 5343/2659/5343 5347/2962/5347 5345/2960/5345
f 5345/2960/5345 5350/2963/5350 5346/2961/5346
f 5348/2964/5348 5349/2669/5349 5347/2962/5347
f 5347/2962/5347 5351/2670/5351 5350/2963/5350
f 5353/2965/5353 5350/2963/5350 5351/2670/5351
f 5352/2674/5352 5346/2961/5346 5350/2963/5350
f 5390/2966/5390 5352/2674/5352 5353/2965/5353
f 5354/2967/5354 5355/2968/5355 5352/2674/5352
f 5356/2686/5356 5357/2969/5357 5355/2968/5355
f 5355/2968/5355 5325/2944/5325 5346/2961/5346
f 5357/2969/5357 5359/2682/5359 5322/2945/5322
f 5358/2970/5358 5363/2684/5363 5359/2682/5359
f 5356/2686/5356 5360/2971/5360 5358/2970/5358
f 5361/2972/5361 5362/2973/5362 5360/2971/5360
f 5360/2971/5360 5364/2690/5364 5363/2684/5363
f 5362/2973/5362 5365/2691/5365 5364/2690/5364
f 5367/2692/5367 5366/2974/5366 5365/2691/5365
f 5387/2975/5387 5367/2692/5367 5362/2973/5362
f 5368/2695/5368 5369/2976/5369 5367/2692/5367
f 5369/2976/5369 5374/2698/5374 5366/2974/5366
f 5370/2977/5370 5371/2978/5371 5369/2976/5369
f 5372/2701/5372 5373/2702/5373 5371/2978/5371
f 5371/2978/5371 5375/2703/5375 5374/2698/5374
f 5377/2704/5377 5372/2701/5372 5379/2705/5379
f 5378/2706/5378 5379/2705/5379 5380/2707/5380
f 5380/2707/5380 5381/2979/5381 5382/2709/5382
f 5379/2705/5379 5370/2977/5370 5381/2979/5381
f 5383/2710/5383 5370/2977/5370 5368/2695/5368
f 5382/2709/5382 5383/2710/5383 5384/2980/5384
f 5384/2980/5384 5385/2981/5385 5386/2982/5386
f 5385/2981/5385 5368/2695/5368 5387/2975/5387
f 5386/2982/5386 5388/2983/5388 5389/2984/5389
f 5388/2983/5388 5387/2975/5387 5361/2972/5361
f 5389/2984/5389 5354/2967/5354 5390/2966/5390
f 5388/2983/5388 5356/2686/5356 5354/2967/5354
f 5394/2716/5394 5391/2985/5391 5348/2964/5348
f 5394/2716/5394 5393/2718/5393 5392/2986/5392
f 5341/2959/5341 5348/2964/5348 5343/2659/5343
f 5396/2987/5396 5394/2716/5394 5341/2959/5341
f 5397/2988/5397 5393/2718/5393 5395/2989/5395
f 5398/2990/5398 5395/2989/5395 5396/2987/5396
f 5424/2991/5424 5397/2988/5397 5398/2990/5398
f 5399/2725/5399 5400/2992/5400 5397/2988/5397
f 5404/2993/5404 5401/2994/5401 5399/2725/5399
f 5406/2995/5406 5402/2727/5402 5404/2993/5404
f 5405/2996/5405 5399/2725/5399 5424/2991/5424
f 5407/2748/5407 5404/2993/5404 5405/2996/5405
f 5406/2995/5406 5411/2734/5411 5403/2729/5403
f 5409/2997/5409 5406/2995/5406 5407/2748/5407
f 5409/2997/5409 5410/2998/5410 5408/2999/5408
f 5408/2999/5408 5412/3000/5412 5411/2734/5411
f 5416/3001/5416 5413/2742/5413 5409/2997/5409
f 5417/3002/5417 5414/3003/5414 5416/3001/5416
f 5417/3002/5417 5418/3004/5418 5419/2746/5419
f 5416/3001/5416 5407/2748/5407 5418/3004/5418
f 5418/3004/5418 5405/2996/5405 5420/3005/5420
f 5419/2746/5419 5420/3005/5420 5421/3006/5421
f 5421/3006/5421 5422/3007/5422 5423/3008/5423
f 5420/3005/5420 5424/2991/5424 5422/3007/5422
f 5423/3008/5423 5425/3009/5425 5426/3010/5426
f 5422/3007/5422 5398/2990/5398 5425/3009/5425
f 5426/3010/5426 5340/2958/5340 5338/2957/5338
f 5425/3009/5425 5396/2987/5396 5340/2958/5340
f 5427/2755/5427 5338/2957/5338 5336/2652/5336
f 5429/3011/5429 5426/3010/5426 5427/2755/5427
f 5428/3012/5428 5336/2652/5336 5453/2954/5453
f 5430/3013/5430 5427/2755/5427 5428/3012/5428
f 5432/3014/5432 5429/3011/5429 5430/3013/5430
f 5431/2760/5431 5423/3008/5423 5429/3011/5429
f 5434/3015/5434 5431/2760/5431 5432/3014/5432
f 5433/3016/5433 5421/3006/5421 5431/2760/5431
f 5435/2763/5435 5419/2746/5419 5433/3016/5433
f 5436/2768/5436 5433/3016/5433 5434/3015/5434
f 5438/3017/5438 5435/2763/5435 5436/2768/5436
f 5437/2766/5437 5417/3002/5417 5435/2763/5435
f 5439/2767/5439 5436/2768/5436 5441/2769/5441
f 5440/2770/5440 5441/2769/5441 5442/3018/5442
f 5442/3018/5442 5443/3019/5443 5444/3020/5444
f 5441/2769/5441 5434/3015/5434 5443/3019/5443
f 5443/3019/5443 5432/3014/5432 5445/3021/5445
f 5444/3020/5444 5445/3021/5445 5447/3022/5447
f 5445/3021/5445 5430/3013/5430 5446/3023/5446
f 5447/3022/5447 5446/3023/5446 5448/2781/5448
f 5448/2781/5448 5451/2782/5451 5449/2783/5449
f 5449/2783/5449 5452/3024/5452 5450/3025/5450
f 5446/3023/5446 5428/3012/5428 5451/2782/5451
f 5451/2782/5451 5453/2954/5453 5452/3024/5452
f 5452/3024/5452 5335/2953/5335 5454/3026/5454
f 5450/3025/5450 5454/3026/5454 5455/2790/5455
f 5455/2790/5455 5456/3027/5456 5457/2792/5457
f 5454/3026/5454 5333/2949/5333 5456/3027/5456
f 5456/3027/5456 5330/2948/5330 5458/3028/5458
f 5457/2792/5457 5458/3028/5458 5459/3029/5459
f 5459/3029/5459 5460/3030/5460 5461/2802/5461
f 5458/3028/5458 5327/2642/5327 5460/3030/5460
f 5463/3031/5463 5460/3030/5460 5327/2642/5327
f 5462/3032/5462 5461/2802/5461 5460/3030/5460
f 5489/2803/5489 5462/3032/5462 5463/3031/5463
f 5464/3033/5464 5465/2805/5465 5462/3032/5462
f 5466/3034/5466 5469/3035/5469 5467/3036/5467
f 5467/3036/5467 5471/3037/5471 5468/2818/5468
f 5464/3033/5464 5470/3038/5470 5469/3035/5469
f 5469/3035/5469 5472/2813/5472 5471/3037/5471
f 5471/3037/5471 5474/2815/5474 5473/2816/5473
f 5468/2818/5468 5473/2816/5473 5476/3039/5476
f 5473/2816/5473 5478/3040/5478 5475/2820/5475
f 5473/2816/5473 5477/2821/5477 5476/3039/5476
f 5474/2815/5474 5479/2822/5479 5478/3040/5478
f 5481/3041/5481 5480/2824/5480 5479/2822/5479
f 5472/2813/5472 5481/3041/5481 5474/2815/5474
f 5482/3042/5482 5483/2826/5483 5481/3041/5481
f 5487/2827/5487 5484/3043/5484 5482/3042/5482
f 5488/2830/5488 5485/3044/5485 5487/2827/5487
f 5489/2803/5489 5487/2827/5487 5470/3038/5470
f 5470/3038/5470 5482/3042/5482 5472/2813/5472
f 5486/2833/5486 5328/2639/5328 5323/2947/5323
f 5488/2830/5488 5463/3031/5463 5328/2639/5328
f 5494/2440/5494 5491/2441/5491 5490/2442/5490
f 5492/2443/5492 5495/2444/5495 5490/2442/5490
f 5495/2445/5495 5493/2446/5493 5490/2442/5490
f 5493/2446/5493 5494/2447/5494 5490/2442/5490
f 5497/2448/5497 5496/2449/5496 5495/2444/5495
f 5499/2450/5499 5495/2445/5495 5496/2451/5496
f 5502/2452/5502 5498/2453/5498 5499/2450/5499
f 5500/2454/5500 5493/2446/5493 5498/2453/5498
f 5503/2455/5503 5501/2456/5501 5500/2457/5500
f 5504/2458/5504 5500/2457/5500 5502/2459/5502
f 5611/2460/5611 5503/2455/5503 5504/2458/5504
f 5505/2461/5505 5506/2462/5506 5503/2455/5503
f 5506/2462/5506 5511/2463/5511 5501/2456/5501
f 5507/2464/5507 5508/2465/5508 5506/2462/5506
f 5509/2554/5509 5510/2467/5510 5508/2465/5508
f 5508/2465/5508 5512/2468/5512 5511/2463/5511
f 5511/2469/5511 5514/2470/5514 5513/2471/5513
f 5493/2446/5493 5511/2469/5511 5513/2471/5513
f 5513/2471/5513 5515/2472/5515 5494/2447/5494
f 5512/2468/5512 5516/2473/5516 5514/2474/5514
f 5514/2474/5514 5519/2475/5519 5515/2476/5515
f 5517/2477/5517 5518/2478/5518 5516/2473/5516
f 5516/2473/5516 5520/2479/5520 5519/2475/5519
f 5522/2480/5522 5519/2475/5519 5520/2479/5520
f 5521/2481/5521 5515/2482/5515 5519/2475/5519
f 5549/2483/5549 5521/2481/5521 5522/2480/5522
f 5523/2484/5523 5524/2485/5524 5521/2481/5521
f 5525/2486/5525 5526/2487/5526 5524/2488/5524
f 5524/2488/5524 5494/2440/5494 5515/2482/5515
f 5526/2487/5526 5528/2489/5528 5491/2441/5491
f 5527/2490/5527 5532/2491/5532 5528/2492/5528
f 5525/2493/5525 5529/2494/5529 5527/2490/5527
f 5530/2495/5530 5531/2496/5531 5529/2494/5529
f 5529/2494/5529 5533/2497/5533 5532/2491/5532
f 5531/2498/5531 5534/2499/5534 5533/2500/5533
f 5536/2501/5536 5535/2502/5535 5534/2499/5534
f 5545/2503/5545 5536/2501/5536 5531/2498/5531
f 5537/2504/5537 5538/2505/5538 5536/2501/5536
f 5540/2506/5540 5537/2504/5537 5542/2507/5542
f 5541/2508/5541 5542/2507/5542 5543/2509/5543
f 5543/2509/5543 5544/2510/5544 5546/2511/5546
f 5544/2510/5544 5537/2504/5537 5545/2503/5545
f 5547/2512/5547 5545/2513/5545 5530/2495/5530
f 5546/2514/5546 5547/2512/5547 5548/2515/5548
f 5548/2515/5548 5523/2484/5523 5549/2483/5549
f 5547/2512/5547 5525/2493/5525 5523/2484/5523
f 5517/2477/5517 5551/2516/5551 5550/2517/5550
f 5553/2518/5553 5552/2519/5552 5551/2516/5551
f 5512/2468/5512 5553/2518/5553 5517/2477/5517
f 5510/2467/5510 5554/2520/5554 5553/2518/5553
f 5554/2520/5554 5559/2521/5559 5552/2519/5552
f 5557/2523/5557 5554/2520/5554 5555/2466/5555
f 5557/2523/5557 5558/2524/5558 5556/2522/5556
f 5556/2522/5556 5560/2525/5560 5559/2521/5559
f 5558/2524/5558 5561/2526/5561 5560/2525/5560
f 5563/2527/5563 5562/2528/5562 5561/2526/5561
f 5582/2529/5582 5563/2527/5563 5558/2524/5558
f 5564/2530/5564 5565/2531/5565 5563/2527/5563
f 5565/2532/5565 5570/2533/5570 5562/2534/5562
f 5566/2535/5566 5567/2536/5567 5565/2532/5565
f 5568/2537/5568 5569/2538/5569 5567/2536/5567
f 5567/2536/5567 5571/2539/5571 5570/2533/5570
f 5575/2540/5575 5572/2541/5572 5568/2542/5568
f 5576/2543/5576 5573/2544/5573 5575/2540/5575
f 5578/2545/5578 5575/2540/5575 5577/2546/5577
f 5577/2546/5577 5568/2542/5568 5566/2547/5566
f 5579/2548/5579 5566/2547/5566 5564/2530/5564
f 5580/2549/5580 5577/2546/5577 5579/2548/5579
f 5583/2550/5583 5579/2548/5579 5581/2551/5581
f 5581/2551/5581 5564/2530/5564 5582/2529/5582
f 5584/2552/5584 5582/2529/5582 5557/2523/5557
f 5583/2550/5583 5584/2552/5584 5585/2553/5585
f 5585/2553/5585 5509/2554/5509 5507/2464/5507
f 5584/2552/5584 5555/2466/5555 5509/2554/5509
f 5586/2555/5586 5507/2464/5507 5505/2461/5505
f 5588/2556/5588 5585/2553/5585 5586/2555/5586
f 5587/2557/5587 5505/2461/5505 5611/2460/5611
f 5589/2558/5589 5586/2555/5586 5587/2557/5587
f 5590/2559/5590 5583/2550/5583 5588/2556/5588
f 5591/2560/5591 5588/2556/5588 5589/2558/5589
f 5593/2561/5593 5590/2559/5590 5591/2560/5591
f 5592/2562/5592 5580/2549/5580 5590/2559/5590
f 5594/2565/5594 5578/2545/5578 5592/2562/5592
f 5595/2563/5595 5592/2562/5592 5593/2561/5593
f 5597/2564/5597 5594/2565/5594 5595/2563/5595
f 5596/2933/5596 5576/2543/5576 5594/2565/5594
f 5598/2567/5598 5595/2568/5595 5600/2569/5600
f 5599/2570/5599 5600/2569/5600 5601/2571/5601
f 5601/2571/5601 5602/2572/5602 5603/2573/5603
f 5600/2569/5600 5593/2574/5593 5602/2572/5602
f 5602/2572/5602 5591/2560/5591 5604/2575/5604
f 5603/2576/5603 5604/2575/5604 5605/2577/5605
f 5605/2577/5605 5606/2578/5606 5607/2579/5607
f 5604/2575/5604 5589/2558/5589 5606/2578/5606
f 5606/2578/5606 5587/2557/5587 5608/2580/5608
f 5607/2579/5607 5608/2580/5608 5609/2581/5609
f 5609/2581/5609 5610/2582/5610 5612/2583/5612
f 5608/2580/5608 5611/2460/5611 5610/2582/5610
f 5610/2582/5610 5504/2458/5504 5613/2584/5613
f 5612/2583/5612 5613/2584/5613 5614/2585/5614
f 5614/2585/5614 5615/2586/5615 5616/2587/5616
f 5613/2584/5613 5502/2459/5502 5615/2586/5615
f 5615/2586/5615 5499/2588/5499 5617/2589/5617
f 5616/2587/5616 5617/2589/5617 5618/2590/5618
f 5618/2590/5618 5619/2591/5619 5620/2592/5620
f 5617/2589/5617 5496/2593/5496 5619/2591/5619
f 5622/2594/5622 5619/2595/5619 5496/2596/5496
f 5621/2597/5621 5620/2592/5620 5619/2595/5619
f 5648/2598/5648 5621/2597/5621 5622/2594/5622
f 5623/2599/5623 5624/2600/5624 5621/2597/5621
f 5625/2601/5625 5628/2602/5628 5626/2603/5626
f 5626/2603/5626 5630/2604/5630 5627/2605/5627
f 5623/2606/5623 5629/2607/5629 5628/2602/5628
f 5628/2602/5628 5631/2608/5631 5630/2604/5630
f 5630/2609/5630 5633/2610/5633 5632/2611/5632
f 5627/2612/5627 5632/2611/5632 5635/2613/5635
f 5632/2611/5632 5637/2614/5637 5634/2615/5634
f 5632/2611/5632 5636/2616/5636 5635/2613/5635
f 5633/2610/5633 5638/2617/5638 5637/2614/5637
f 5640/2618/5640 5639/2619/5639 5638/2617/5638
f 5631/2620/5631 5640/2618/5640 5633/2610/5633
f 5641/2621/5641 5642/2622/5642 5640/2618/5640
f 5646/2623/5646 5643/2624/5643 5641/2625/5641
f 5647/2626/5647 5644/2627/5644 5646/2623/5646
f 5648/2598/5648 5646/2623/5646 5629/2607/5629
f 5629/2607/5629 5641/2625/5641 5631/2608/5631
f 5645/2628/5645 5497/2448/5497 5492/2443/5492
f 5647/2629/5647 5622/2630/5622 5497/2448/5497
f 5653/2118/5653 5650/2110/5650 5649/2108/5649
f 5649/2113/5649 5663/2124/5663 5652/2112/5652
f 5655/2114/5655 5649/2108/5649 5651/2115/5651
f 5649/2113/5649 5754/2116/5754 5651/2115/5651
f 5654/2117/5654 5656/2109/5656 5653/2118/5653
f 5769/2119/5769 5653/2118/5653 5655/2114/5655
f 5656/2109/5656 5659/2120/5659 5658/2121/5658
f 5650/2110/5650 5658/2121/5658 5660/2122/5660
f 5650/2111/5650 5661/2123/5661 5663/2124/5663
f 5663/2124/5663 5662/2125/5662 5664/2126/5664
f 5652/2112/5652 5664/2126/5664 5665/2127/5665
f 5666/2128/5666 5667/2129/5667 5669/2130/5669
f 5652/2112/5652 5666/2128/5666 5754/2116/5754
f 5669/2130/5669 5668/2131/5668 5670/2132/5670
f 5672/2133/5672 5669/2130/5669 5671/2134/5671
f 5671/2134/5671 5670/2132/5670 5673/2135/5673
f 5675/2136/5675 5671/2137/5671 5674/2138/5674
f 5674/2138/5674 5673/2139/5673 5676/2140/5676
f 5678/2141/5678 5674/2138/5674 5677/2142/5677
f 5677/2142/5677 5676/2140/5676 5679/2143/5679
f 5681/2144/5681 5677/2142/5677 5680/2145/5680
f 5680/2145/5680 5679/2143/5679 5682/2146/5682
f 5684/2147/5684 5680/2145/5680 5683/2148/5683
f 5680/2145/5680 5685/2149/5685 5683/2148/5683
f 5684/2150/5684 5686/2151/5686 5687/2152/5687
f 5683/3045/5683 5688/2154/5688 5686/2151/5686
f 5687/2152/5687 5689/2155/5689 5691/2156/5691
f 5689/2155/5689 5688/2154/5688 5690/2157/5690
f 5690/2158/5690 5692/2159/5692 5689/2160/5689
f 5689/2160/5689 5695/2161/5695 5691/2156/5691
f 5693/2162/5693 5694/2163/5694 5692/2159/5692
f 5692/2159/5692 5696/2164/5696 5695/2161/5695
f 5694/2163/5694 5697/2165/5697 5696/2166/5696
f 5699/2167/5699 5698/2168/5698 5697/2165/5697
f 5719/2169/5719 5699/2167/5699 5694/2163/5694
f 5700/2170/5700 5701/2171/5701 5699/2167/5699
f 5702/2172/5702 5703/2173/5703 5701/2174/5701
f 5701/2174/5701 5706/2175/5706 5698/2176/5698
f 5704/2177/5704 5705/2178/5705 5703/2173/5703
f 5703/2173/5703 5707/2179/5707 5706/2175/5706
f 5711/2180/5711 5708/2181/5708 5704/2177/5704
f 5711/2180/5711 5710/2182/5710 5709/2183/5709
f 5714/2184/5714 5711/2180/5711 5712/2185/5712
f 5712/2185/5712 5704/2177/5704 5702/2172/5702
f 5715/2186/5715 5712/2187/5712 5717/2188/5717
f 5716/2189/5716 5717/2188/5717 5718/2190/5718
f 5718/2190/5718 5700/2170/5700 5719/2169/5719
f 5717/2188/5717 5702/2191/5702 5700/2170/5700
f 5722/2192/5722 5718/2190/5718 5720/2193/5720
f 5720/2193/5720 5719/2169/5719 5693/2162/5693
f 5723/2194/5723 5720/2193/5720 5721/2195/5721
f 5721/2195/5721 5693/2162/5693 5690/2158/5690
f 5721/2196/5721 5724/2197/5724 5723/2198/5723
f 5727/2202/5727 5724/2197/5724 5726/2199/5726
f 5685/2149/5685 5726/2199/5726 5688/2201/5688
f 5690/2157/5690 5726/2199/5726 5721/2196/5721
f 5682/2146/5682 5727/2202/5727 5685/2149/5685
f 5728/2203/5728 5725/2200/5725 5727/2202/5727
f 5682/2146/5682 5729/2205/5729 5728/2203/5728
f 5728/2203/5728 5731/2206/5731 5730/2204/5730
f 5729/2205/5729 5732/2207/5732 5731/2206/5731
f 5734/2208/5734 5733/2209/5733 5732/2207/5732
f 5676/2140/5676 5735/2210/5735 5734/2208/5734
f 5679/2143/5679 5734/2208/5734 5729/2205/5729
f 5673/2135/5673 5736/2211/5736 5735/2212/5735
f 5735/2212/5735 5738/2213/5738 5733/2214/5733
f 5670/2132/5670 5737/2215/5737 5736/2211/5736
f 5736/2211/5736 5739/2216/5739 5738/2213/5738
f 5740/2217/5740 5687/2152/5687 5691/2156/5691
f 5741/2218/5741 5742/2219/5742 5740/2217/5740
f 5743/2220/5743 5744/2221/5744 5742/2219/5742
f 5742/2219/5742 5684/2150/5684 5687/2152/5687
f 5745/2222/5745 5746/2223/5746 5744/2224/5744
f 5744/2224/5744 5681/2144/5681 5684/2147/5684
f 5747/2225/5747 5748/2226/5748 5746/2223/5746
f 5746/2223/5746 5678/2141/5678 5681/2144/5681
f 5749/2227/5749 5750/2228/5750 5748/2226/5748
f 5748/2226/5748 5675/2136/5675 5678/2141/5678
f 5751/2229/5751 5752/2230/5752 5750/2228/5750
f 5750/2228/5750 5672/2231/5672 5675/2136/5675
f 5752/2230/5752 5666/2128/5666 5672/2133/5672
f 5753/2232/5753 5754/2116/5754 5752/2230/5752
f 5755/2233/5755 5651/2115/5651 5753/2234/5753
f 5757/2235/5757 5753/2234/5753 5751/2229/5751
f 5757/2235/5757 5756/2244/5756 5755/2237/5755
f 5755/2233/5755 5769/2119/5769 5655/2114/5655
f 5760/2239/5760 5757/2235/5757 5758/2240/5758
f 5758/2240/5758 5751/2229/5751 5749/2241/5749
f 5760/2239/5760 5761/2246/5761 5759/2236/5759
f 5759/2236/5759 5764/2243/5764 5756/2244/5756
f 5762/2242/5762 5763/2245/5763 5761/2246/5761
f 5761/2246/5761 5765/2247/5765 5764/2243/5764
f 5756/2238/5756 5766/2248/5766 5769/2119/5769
f 5764/2243/5764 5767/2249/5767 5766/2248/5766
f 5766/2248/5766 5770/2250/5770 5768/2251/5768
f 5769/2119/5769 5768/2251/5768 5654/2117/5654
f 5767/2249/5767 5771/2252/5771 5770/2250/5770
f 5773/2253/5773 5772/2254/5772 5771/2252/5771
f 5774/2255/5774 5775/2256/5775 5773/2253/5773
f 5765/2257/5765 5773/2253/5773 5767/2249/5767
f 5779/2258/5779 5776/2259/5776 5774/2260/5774
f 5780/2261/5780 5777/2262/5777 5779/2258/5779
f 5781/2263/5781 5779/2258/5779 5763/2245/5763
f 5763/2245/5763 5774/2260/5774 5765/2247/5765
f 5785/2264/5785 5780/2261/5780 5781/2263/5781
f 5782/2265/5782 5778/2266/5778 5780/2261/5780
f 5783/2267/5783 5784/2268/5784 5782/2265/5782
f 5786/2269/5786 5782/2265/5782 5785/2264/5785
f 5787/2270/5787 5781/2263/5781 5762/2242/5762
f 5788/2271/5788 5785/2264/5785 5787/2270/5787
f 5790/2272/5790 5787/2270/5787 5789/2273/5789
f 5789/2273/5789 5762/2242/5762 5760/2239/5760
f 5790/2272/5790 5791/2274/5791 5792/2275/5792
f 5789/2273/5789 5758/2240/5758 5791/2274/5791
f 5792/2275/5792 5747/2225/5747 5745/2222/5745
f 5791/2274/5791 5749/2241/5749 5747/2225/5747
f 5793/2276/5793 5745/2277/5745 5743/2278/5743
f 5793/2276/5793 5790/2279/5790 5792/2280/5792
f 5794/2281/5794 5795/2282/5795 5793/2276/5793
f 5741/2218/5741 5793/2276/5793 5743/2278/5743
f 5798/2283/5798 5795/2282/5795 5796/2284/5796
f 5795/2282/5795 5788/2285/5788 5790/2279/5790
f 5798/2283/5798 5799/2286/5799 5797/2287/5797
f 5797/2287/5797 5786/2288/5786 5788/2285/5788
f 5799/2286/5799 5783/2267/5783 5786/2269/5786
f 5800/2289/5800 5801/2290/5801 5799/2286/5799
f 5802/2291/5802 5803/2292/5803 5801/2290/5801
f 5801/2290/5801 5805/2293/5805 5783/2267/5783
f 5808/2294/5808 5804/2295/5804 5802/2296/5802
f 5810/2297/5810 5806/2298/5806 5808/2294/5808
f 5811/2299/5811 5808/2294/5808 5809/2300/5809
f 5809/2300/5809 5802/2296/5802 5800/2289/5800
f 5812/2301/5812 5807/2302/5807 5810/2297/5810
f 5813/2303/5813 5810/2297/5810 5811/2299/5811
f 5828/2304/5828 5812/2301/5812 5813/2303/5813
f 5814/2305/5814 5815/2306/5815 5812/2301/5812
f 5819/2307/5819 5816/2308/5816 5814/2305/5814
f 5819/2307/5819 5818/2309/5818 5817/2310/5817
f 5822/2311/5822 5819/2307/5819 5820/2312/5820
f 5820/2312/5820 5814/2305/5814 5828/2313/5828
f 5823/2314/5823 5820/2312/5820 5825/2315/5825
f 5824/2316/5824 5825/2315/5825 5826/2317/5826
f 5826/2317/5826 5827/2318/5827 5829/2319/5829
f 5825/2315/5825 5828/2313/5828 5827/2318/5827
f 5827/2320/5827 5813/2303/5813 5830/2321/5830
f 5829/2322/5829 5830/2321/5830 5831/2323/5831
f 5831/2323/5831 5832/2324/5832 5833/2325/5833
f 5830/2321/5830 5811/2299/5811 5832/2324/5832
f 5832/2326/5832 5809/2327/5809 5834/2328/5834
f 5833/2329/5833 5834/2328/5834 5835/2330/5835
f 5835/2330/5835 5798/2331/5798 5796/2284/5796
f 5834/2328/5834 5800/2332/5800 5798/2331/5798
f 5836/1619/5836 5841/1620/5841 5837/1621/5837
f 5842/1622/5842 5836/1619/5836 5838/1623/5838
f 5839/1624/5839 5854/1625/5854 5841/1620/5841
f 5844/1626/5844 5839/1624/5839 5842/1622/5842
f 5843/1627/5843 5838/1623/5838 5984/1628/5984
f 5845/1629/5845 5842/1622/5842 5843/1627/5843
f 5847/1630/5847 5844/1631/5844 5845/1632/5845
f 5844/1631/5844 5849/1637/5849 5840/1634/5840
f 5990/1635/5990 5846/1633/5846 5847/1630/5847
f 5846/1633/5846 5850/1701/5850 5849/1637/5849
f 5840/1634/5840 5851/1638/5851 5854/1639/5854
f 5849/1637/5849 5852/1640/5852 5851/1638/5851
f 5851/1638/5851 5901/1641/5901 5853/1642/5853
f 5854/1639/5854 5853/1642/5853 5855/1643/5855
f 5854/1625/5854 5857/1644/5857 5841/1620/5841
f 5855/2938/5855 5904/1647/5904 5856/1645/5856
f 5859/1648/5859 5855/1649/5855 5856/1650/5856
f 5837/1621/5837 5857/1644/5857 5858/1651/5858
f 5860/1652/5860 5857/1653/5857 5859/1648/5859
f 5860/1652/5860 5861/1654/5861 5863/1655/5863
f 5859/1648/5859 5862/1656/5862 5861/1654/5861
f 5867/1657/5867 5861/1658/5861 5862/1656/5862
f 5864/1659/5864 5863/1660/5863 5861/1658/5861
f 5868/1661/5868 5864/1659/5864 5867/1657/5867
f 5865/1662/5865 5866/1663/5866 5864/1659/5864
f 5869/1664/5869 5862/1656/5862 5871/1665/5871
f 5870/1666/5870 5867/1657/5867 5869/1664/5869
f 5874/1667/5874 5869/1664/5869 5872/1668/5872
f 5872/1668/5872 5871/1665/5871 5873/1669/5873
f 5875/1670/5875 5873/1669/5873 5877/1671/5877
f 5876/1672/5876 5872/1668/5872 5875/1670/5875
f 5880/1673/5880 5875/1670/5875 5878/1674/5878
f 5878/1674/5878 5877/1671/5877 5879/1675/5879
f 5879/1676/5879 5881/1677/5881 5878/1678/5878
f 5878/1678/5878 5884/1679/5884 5880/1673/5880
f 5882/1680/5882 5883/1681/5883 5881/1677/5881
f 5881/1677/5881 5885/1682/5885 5884/1679/5884
f 5889/1683/5889 5886/1684/5886 5882/1680/5882
f 5891/1685/5891 5887/1686/5887 5889/1683/5889
f 5890/1687/5890 5882/1680/5882 5879/1676/5879
f 5892/1688/5892 5889/1683/5889 5890/1687/5890
f 5896/1689/5896 5891/1690/5891 5892/1688/5892
f 5893/1691/5893 5888/1692/5888 5891/1690/5891
f 5897/1693/5897 5893/1691/5893 5896/1689/5896
f 5894/1695/5894 5895/1725/5895 5893/1691/5893
f 5899/1696/5899 5896/1697/5896 5898/1698/5898
f 5898/1698/5898 5892/1699/5892 5900/1700/5900
f 5850/1701/5850 5898/1698/5898 5852/1640/5852
f 5852/1640/5852 5900/1700/5900 5901/1641/5901
f 5901/1702/5901 5902/1703/5902 5903/1704/5903
f 5900/1705/5900 5890/1706/5890 5902/1703/5902
f 5903/1704/5903 5877/1671/5877 5873/1707/5873
f 5902/1703/5902 5879/1708/5879 5877/1671/5877
f 5853/1646/5853 5903/1704/5903 5904/1647/5904
f 5904/1647/5904 5873/1707/5873 5871/1709/5871
f 5856/1645/5856 5871/1709/5871 5862/1710/5862
f 5848/1636/5848 5899/1696/5899 5850/1701/5850
f 5907/1712/5907 5899/1696/5899 5905/1711/5905
f 5906/1713/5906 5848/1636/5848 5990/1635/5990
f 5908/1714/5908 5905/1711/5905 5906/1713/5906
f 5910/1715/5910 5907/1716/5907 5908/1714/5908
f 5909/1717/5909 5897/1693/5897 5907/1716/5907
f 5912/1718/5912 5909/1717/5909 5910/1715/5910
f 5911/1719/5911 5894/1695/5894 5909/1717/5909
f 5915/1720/5915 5911/1719/5911 5912/1718/5912
f 5914/1721/5914 5913/1694/5913 5911/1719/5911
f 5923/1722/5923 5914/1721/5914 5915/1720/5915
f 5916/1723/5916 5917/1724/5917 5914/1721/5914
f 5917/1724/5917 5895/1725/5895 5913/1694/5913
f 5918/2940/5918 5919/1727/5919 5917/1724/5917
f 5919/1727/5919 5922/1728/5922 5921/1729/5921
f 5895/1725/5895 5921/1729/5921 5888/1692/5888
f 5910/1730/5910 5924/1731/5924 5912/1718/5912
f 5926/1732/5926 5925/1733/5925 5924/1731/5924
f 5908/1714/5908 5926/1732/5926 5910/1730/5910
f 5927/1734/5927 5928/1735/5928 5926/1732/5926
f 5928/1735/5928 5933/1736/5933 5925/1733/5925
f 5929/1737/5929 5930/1738/5930 5928/1735/5928
f 5931/1739/5931 5932/1740/5932 5930/1738/5930
f 5930/1738/5930 5934/1741/5934 5933/1736/5933
f 5938/1742/5938 5935/1743/5935 5931/1744/5931
f 5940/1745/5940 5936/1746/5936 5938/1742/5938
f 5939/1747/5939 5931/1744/5931 5929/1748/5929
f 5941/1749/5941 5938/1742/5938 5939/1747/5939
f 5942/1750/5942 5937/1751/5937 5940/1745/5940
f 5943/1752/5943 5940/1745/5940 5941/1749/5941
f 5987/1753/5987 5942/1750/5942 5943/1752/5943
f 5944/1754/5944 5945/1755/5945 5942/1750/5942
f 5944/1754/5944 5947/1756/5947 5946/1757/5946
f 5949/1758/5949 5948/1759/5948 5947/1756/5947
f 5987/1753/5987 5949/1758/5949 5944/1754/5944
f 5950/1760/5950 5951/1761/5951 5949/1758/5949
f 5953/1762/5953 5948/1759/5948 5951/1761/5951
f 5954/1763/5954 5951/1761/5951 5952/1764/5952
f 5979/1765/5979 5953/1762/5953 5954/1763/5954
f 5955/1766/5955 5956/1767/5956 5953/1762/5953
f 5955/1766/5955 5958/1771/5958 5957/1769/5957
f 5960/1768/5960 5959/1770/5959 5958/1771/5958
f 5961/1772/5961 5955/1766/5955 5979/1765/5979
f 5963/1773/5963 5960/1768/5960 5961/1772/5961
f 5962/1774/5962 5967/1775/5967 5959/1776/5959
f 5965/1777/5965 5962/1774/5962 5963/1778/5963
f 5969/1779/5969 5964/1780/5964 5965/1777/5965
f 5964/1780/5964 5968/1781/5968 5967/1775/5967
f 5970/1782/5970 5965/1777/5965 5972/1783/5972
f 5971/1784/5971 5972/1783/5972 5973/1785/5973
f 5973/1785/5973 5974/1786/5974 5975/1787/5975
f 5972/1783/5972 5963/1778/5963 5974/1786/5974
f 5974/1788/5974 5961/1772/5961 5976/1789/5976
f 5975/1787/5975 5976/1789/5976 5977/1790/5977
f 5977/1790/5977 5978/1791/5978 5980/1792/5980
f 5976/1789/5976 5979/1765/5979 5978/1791/5978
f 5978/1793/5978 5954/1794/5954 5981/1795/5981
f 5980/1792/5980 5981/1795/5981 5982/1796/5982
f 5982/1796/5982 5983/1797/5983 5984/1628/5984
f 5981/1795/5981 5952/1798/5952 5983/1797/5983
f 5952/1799/5952 5985/1800/5985 5983/1801/5983
f 5983/1801/5983 5843/1627/5843 5984/1628/5984
f 5950/1802/5950 5986/1803/5986 5985/1800/5985
f 5985/1800/5985 5845/1804/5845 5843/1627/5843
f 5986/1803/5986 5943/1805/5943 5988/1806/5988
f 5845/1807/5845 5988/1806/5988 5847/1808/5847
f 5988/1806/5988 5941/1749/5941 5989/1809/5989
f 5847/1808/5847 5989/1809/5989 5990/1635/5990
f 5989/1809/5989 5939/1810/5939 5991/1811/5991
f 5990/1635/5990 5991/1811/5991 5906/1812/5906
f 5991/1811/5991 5929/1748/5929 5927/1813/5927
f 5906/1812/5906 5927/1813/5927 5908/1714/5908
f 5866/1663/5866 5996/1814/5996 5863/1660/5863
f 5992/1815/5992 5993/1816/5993 5866/1663/5866
f 5994/1817/5994 5995/1818/5995 5993/1816/5993
f 5993/1816/5993 5997/1819/5997 5996/1814/5996
f 5996/1820/5996 5999/1821/5999 5998/1822/5998
f 5863/1655/5863 5998/1822/5998 5860/1652/5860
f 5998/1822/5998 6001/1823/6001 6000/1824/6000
f 5860/1652/5860 6000/1824/6000 5858/1651/5858
f 5999/1825/5999 6002/1826/6002 6001/1827/6001
f 6004/1828/6004 6003/1829/6003 6002/1826/6002
f 5997/1819/5997 6004/1828/6004 5999/1825/5999
f 6005/1830/6005 6006/1831/6006 6004/1828/6004
f 6006/1831/6006 6011/1832/6011 6003/1829/6003
f 6007/1833/6007 6008/1834/6008 6006/1831/6006
f 6009/1835/6009 6010/1836/6010 6008/1834/6008
f 6008/1834/6008 6012/1837/6012 6011/1832/6011
f 6010/1838/6010 6013/1839/6013 6012/1840/6012
f 6015/1841/6015 6014/1842/6014 6013/1839/6013
f 6024/1843/6024 6015/1841/6015 6010/1838/6010
f 6016/1844/6016 6017/1845/6017 6015/1841/6015
f 6021/1846/6021 6018/1847/6018 6016/1844/6016
f 6020/1848/6020 6021/1846/6021 6022/1849/6022
f 6022/1849/6022 6023/1850/6023 6025/1851/6025
f 6023/1850/6023 6016/1844/6016 6024/1843/6024
f 6026/1852/6026 6024/1853/6024 6009/1835/6009
f 6025/1854/6025 6026/1852/6026 6027/1855/6027
f 6027/1855/6027 6028/1856/6028 6029/1857/6029
f 6028/1856/6028 6009/1835/6009 6007/1833/6007
f 6030/1858/6030 6007/1833/6007 6005/1830/6005
f 6031/1859/6031 6028/1856/6028 6030/1858/6030
f 6032/1860/6032 6030/1858/6030 5995/1818/5995
f 5995/1818/5995 6005/1830/6005 5997/1819/5997
f 6037/2440/6037 6034/2441/6034 6033/2442/6033
f 6035/2443/6035 6038/2444/6038 6033/2442/6033
f 6038/2445/6038 6036/2446/6036 6033/2442/6033
f 6036/2446/6036 6037/2447/6037 6033/2442/6033
f 6040/2448/6040 6039/2449/6039 6038/2444/6038
f 6042/2450/6042 6038/2445/6038 6039/2451/6039
f 6045/2452/6045 6041/2453/6041 6042/2450/6042
f 6043/2454/6043 6036/2446/6036 6041/2453/6041
f 6046/2455/6046 6044/2456/6044 6043/2457/6043
f 6047/2458/6047 6043/2457/6043 6045/2459/6045
f 6154/2460/6154 6046/2455/6046 6047/2458/6047
f 6048/2461/6048 6049/2462/6049 6046/2455/6046
f 6049/2462/6049 6054/2463/6054 6044/2456/6044
f 6050/2464/6050 6051/2465/6051 6049/2462/6049
f 6052/2554/6052 6053/2467/6053 6051/2465/6051
f 6051/2465/6051 6055/2468/6055 6054/2463/6054
f 6054/2469/6054 6057/2470/6057 6056/2471/6056
f 6036/2446/6036 6054/2469/6054 6056/2471/6056
f 6056/2471/6056 6058/2472/6058 6037/2447/6037
f 6055/2468/6055 6059/2473/6059 6057/2474/6057
f 6057/2474/6057 6062/2475/6062 6058/2476/6058
f 6060/2477/6060 6061/2478/6061 6059/2473/6059
f 6059/2473/6059 6063/2479/6063 6062/2475/6062
f 6065/2480/6065 6062/2475/6062 6063/2479/6063
f 6064/2481/6064 6058/2482/6058 6062/2475/6062
f 6092/2483/6092 6064/2481/6064 6065/2480/6065
f 6066/2484/6066 6067/2485/6067 6064/2481/6064
f 6068/2486/6068 6069/2487/6069 6067/2488/6067
f 6067/2488/6067 6037/2440/6037 6058/2482/6058
f 6069/2487/6069 6071/2489/6071 6034/2441/6034
f 6070/2490/6070 6075/2491/6075 6071/2492/6071
f 6068/2493/6068 6072/2494/6072 6070/2490/6070
f 6073/2495/6073 6074/2496/6074 6072/2494/6072
f 6072/2494/6072 6076/2497/6076 6075/2491/6075
f 6074/2498/6074 6077/2499/6077 6076/2500/6076
f 6079/2501/6079 6078/2502/6078 6077/2499/6077
f 6088/2503/6088 6079/2501/6079 6074/2498/6074
f 6080/2504/6080 6081/2505/6081 6079/2501/6079
f 6083/2506/6083 6080/2504/6080 6085/2507/6085
f 6084/2508/6084 6085/2507/6085 6086/2509/6086
f 6086/2509/6086 6087/2510/6087 6089/2511/6089
f 6087/2510/6087 6080/2504/6080 6088/2503/6088
f 6090/2512/6090 6088/2513/6088 6073/2495/6073
f 6089/2514/6089 6090/2512/6090 6091/2515/6091
f 6091/2515/6091 6066/2484/6066 6092/2483/6092
f 6090/2512/6090 6068/2493/6068 6066/2484/6066
f 6060/2477/6060 6094/2516/6094 6093/2517/6093
f 6096/2518/6096 6095/2519/6095 6094/2516/6094
f 6055/2468/6055 6096/2518/6096 6060/2477/6060
f 6053/2467/6053 6097/2520/6097 6096/2518/6096
f 6097/2520/6097 6102/2521/6102 6095/2519/6095
f 6100/2523/6100 6097/2520/6097 6098/2466/6098
f 6100/2523/6100 6101/2524/6101 6099/2522/6099
f 6099/2522/6099 6103/2525/6103 6102/2521/6102
f 6101/2524/6101 6104/2526/6104 6103/2525/6103
f 6106/2527/6106 6105/2528/6105 6104/2526/6104
f 6125/2529/6125 6106/2527/6106 6101/2524/6101
f 6107/2530/6107 6108/2531/6108 6106/2527/6106
f 6108/2532/6108 6113/2533/6113 6105/2534/6105
f 6109/2535/6109 6110/2536/6110 6108/2532/6108
f 6111/2537/6111 6112/2538/6112 6110/2536/6110
f 6110/2536/6110 6114/2539/6114 6113/2533/6113
f 6118/2540/6118 6115/2541/6115 6111/2542/6111
f 6119/2543/6119 6116/2544/6116 6118/2540/6118
f 6121/2545/6121 6118/2540/6118 6120/2546/6120
f 6120/2546/6120 6111/2542/6111 6109/2547/6109
f 6122/2548/6122 6109/2547/6109 6107/2530/6107
f 6123/2549/6123 6120/2546/6120 6122/2548/6122
f 6126/2550/6126 6122/2548/6122 6124/2551/6124
f 6124/2551/6124 6107/2530/6107 6125/2529/6125
f 6127/2552/6127 6125/2529/6125 6100/2523/6100
f 6126/2550/6126 6127/2552/6127 6128/2553/6128
f 6128/2553/6128 6052/2554/6052 6050/2464/6050
f 6127/2552/6127 6098/2466/6098 6052/2554/6052
f 6129/2555/6129 6050/2464/6050 6048/2461/6048
f 6131/2556/6131 6128/2553/6128 6129/2555/6129
f 6130/2557/6130 6048/2461/6048 6154/2460/6154
f 6132/2558/6132 6129/2555/6129 6130/2557/6130
f 6133/2559/6133 6126/2550/6126 6131/2556/6131
f 6134/2560/6134 6131/2556/6131 6132/2558/6132
f 6136/2561/6136 6133/2559/6133 6134/2560/6134
f 6135/2562/6135 6123/2549/6123 6133/2559/6133
f 6137/2565/6137 6121/2545/6121 6135/2562/6135
f 6138/2563/6138 6135/2562/6135 6136/2561/6136
f 6140/2564/6140 6137/2565/6137 6138/2563/6138
f 6139/2933/6139 6119/2543/6119 6137/2565/6137
f 6141/2567/6141 6138/2568/6138 6143/2569/6143
f 6142/2570/6142 6143/2569/6143 6144/2571/6144
f 6144/2571/6144 6145/2572/6145 6146/2573/6146
f 6143/2569/6143 6136/2574/6136 6145/2572/6145
f 6145/2572/6145 6134/2560/6134 6147/2575/6147
f 6146/2576/6146 6147/2575/6147 6148/2577/6148
f 6148/2577/6148 6149/2578/6149 6150/2579/6150
f 6147/2575/6147 6132/2558/6132 6149/2578/6149
f 6149/2578/6149 6130/2557/6130 6151/2580/6151
f 6150/2579/6150 6151/2580/6151 6152/2581/6152
f 6152/2581/6152 6153/2582/6153 6155/2583/6155
f 6151/2580/6151 6154/2460/6154 6153/2582/6153
f 6153/2582/6153 6047/2458/6047 6156/2584/6156
f 6155/2583/6155 6156/2584/6156 6157/2585/6157
f 6157/2585/6157 6158/2586/6158 6159/2587/6159
f 6156/2584/6156 6045/2459/6045 6158/2586/6158
f 6158/2586/6158 6042/2588/6042 6160/2589/6160
f 6159/2587/6159 6160/2589/6160 6161/2590/6161
f 6161/2590/6161 6162/2591/6162 6163/2592/6163
f 6160/2589/6160 6039/2593/6039 6162/2591/6162
f 6165/2594/6165 6162/2595/6162 6039/2596/6039
f 6164/2597/6164 6163/2592/6163 6162/2595/6162
f 6191/2598/6191 6164/2597/6164 6165/2594/6165
f 6166/2599/6166 6167/2600/6167 6164/2597/6164
f 6168/2601/6168 6171/2602/6171 6169/2603/6169
f 6169/2603/6169 6173/2604/6173 6170/2605/6170
f 6166/2606/6166 6172/2607/6172 6171/2602/6171
f 6171/2602/6171 6174/2608/6174 6173/2604/6173
f 6173/2609/6173 6176/2610/6176 6175/2611/6175
f 6170/2612/6170 6175/2611/6175 6178/2613/6178
f 6175/2611/6175 6180/2614/6180 6177/2615/6177
f 6175/2611/6175 6179/2616/6179 6178/2613/6178
f 6176/2610/6176 6181/2617/6181 6180/2614/6180
f 6183/2618/6183 6182/2619/6182 6181/2617/6181
f 6174/2620/6174 6183/2618/6183 6176/2610/6176
f 6184/2621/6184 6185/2622/6185 6183/2618/6183
f 6189/2623/6189 6186/2624/6186 6184/2625/6184
f 6190/2626/6190 6187/2627/6187 6189/2623/6189
f 6191/2598/6191 6189/2623/6189 6172/2607/6172
f 6172/2607/6172 6184/2625/6184 6174/2608/6174
f 6188/2628/6188 6040/2448/6040 6035/2443/6035
f 6190/2629/6190 6165/2630/6165 6040/2448/6040
f 5/1/5 1324/10/1324 1277/2/1277
f 1275/4/1275 1326/16/1326 60/5/60
f 3/7/3 4/124/4 1275/8/1275
f 1324/10/1324 58/22/58 57/11/57
f 6/12/6 3/7/3 1325/9/1325
f 1325/9/1325 1275/8/1275 56/14/56
f 2/3/2 1277/2/1277 1326/16/1326
f 1273/13/1273 1325/9/1325 59/15/59
f 6/12/6 1273/13/1273 1324/10/1324
f 1277/2/1277 57/11/57 60/5/60
f 7/19/7 12/33/12 1279/20/1279
f 1273/13/1273 55/18/55 58/22/58
f 10/23/10 1280/31/1280 1331/24/1331
f 1330/21/1330 1279/20/1279 61/26/61
f 9/28/9 8/37/8 1281/29/1281
f 1280/31/1280 62/39/62 65/32/65
f 11/25/11 1331/24/1331 1279/20/1279
f 1332/30/1332 1281/29/1281 63/34/63
f 9/36/9 1332/38/1332 1280/31/1280
f 1331/24/1331 65/32/65 61/26/61
f 8/37/8 7/19/7 1330/21/1330
f 1332/38/1332 66/134/66 62/39/62
f 17/40/17 1282/46/1282 1316/41/1316
f 1281/29/1281 1330/21/1330 64/27/64
f 16/43/16 15/115/15 1284/44/1284
f 1282/46/1282 52/58/52 50/47/50
f 13/48/13 1286/53/1286 1315/49/1315
f 1317/45/1317 1284/44/1284 53/51/53
f 18/42/18 1316/41/1316 1286/53/1286
f 1286/53/1286 54/55/54 49/54/49
f 17/40/17 16/43/16 1317/45/1317
f 1316/41/1316 50/47/50 54/55/54
f 15/56/15 14/50/14 1315/49/1315
f 1282/46/1282 1317/45/1317 51/52/51
f 19/59/19 24/72/24 1288/60/1288
f 1284/57/1284 1315/49/1315 49/54/49
f 22/63/22 1290/70/1290 1303/64/1303
f 1288/60/1288 31/76/31 32/66/32
f 20/67/20 1292/77/1292 1305/68/1305
f 1290/70/1290 33/79/33 34/71/34
f 23/65/23 1303/64/1303 1288/60/1288
f 1305/68/1305 1292/77/1292 35/73/35
f 22/63/22 21/90/21 1305/75/1305
f 1303/64/1303 34/71/34 31/76/31
f 20/67/20 19/59/19 1301/61/1301
f 1290/70/1290 1305/75/1305 36/78/36
f 29/80/29 1294/86/1294 1295/81/1295
f 1292/77/1292 1301/61/1301 32/66/32
f 27/83/27 1296/1594/1296 1297/84/1297
f 1294/86/1294 23/65/23 24/72/24
f 26/87/26 25/91/25 1298/88/1298
f 1297/84/1297 1296/1594/1296 21/90/21
f 25/91/25 30/82/30 1295/81/1295
f 1299/89/1299 1298/88/1298 19/59/19
f 28/85/28 1297/84/1297 1294/86/1294
f 1298/88/1298 1295/81/1295 24/72/24
f 27/92/27 26/87/26 1299/89/1299
f 1297/84/1297 22/63/22 23/65/23
f 32/66/32 1309/96/1309 1304/94/1304
f 1296/93/1296 1299/89/1299 20/67/20
f 1311/95/1311 1302/99/1302 33/79/33
f 1309/96/1309 43/108/43 48/97/48
f 34/71/34 1310/102/1310 1300/98/1300
f 1302/99/1302 1311/95/1311 45/100/45
f 1304/94/1304 1311/104/1311 36/74/36
f 1310/102/1310 44/106/44 46/103/46
f 1302/99/1302 1310/102/1310 34/71/34
f 1311/104/1311 1304/94/1304 48/97/48
f 31/76/31 1300/98/1300 1309/96/1309
f 1310/102/1310 1302/99/1302 47/101/47
f 46/103/46 1312/111/1312 1289/107/1289
f 1300/98/1300 46/103/46 43/108/43
f 44/106/44 47/101/47 1313/109/1313
f 1312/111/1312 18/42/18 13/48/13
f 45/105/45 48/97/48 1314/112/1314
f 1291/110/1291 1313/109/1313 16/43/16
f 44/106/44 1291/110/1291 1312/111/1312
f 1293/113/1293 1314/112/1314 14/50/14
f 47/101/47 45/100/45 1293/114/1293
f 1291/110/1291 17/40/17 18/42/18
f 43/108/43 1289/107/1289 1314/112/1314
f 1313/109/1313 1293/114/1293 15/115/15
f 53/62/53 49/54/49 1274/116/1274
f 1289/107/1289 13/48/13 14/50/14
f 52/58/52 51/52/51 1278/118/1278
f 1319/117/1319 1274/116/1274 1/17/1
f 50/47/50 1276/122/1276 1320/121/1320
f 1318/119/1318 1278/118/1278 3/7/3
f 54/55/54 1320/121/1320 1274/116/1274
f 1276/122/1276 5/1/5 2/3/2
f 51/52/51 53/51/53 1319/123/1319
f 1320/121/1320 2/3/2 1/17/1
f 52/58/52 1318/119/1318 1276/122/1276
f 1278/118/1278 1319/123/1319 4/124/4
f 55/18/55 1321/127/1321 1283/125/1283
f 1318/119/1318 6/12/6 5/1/5
f 57/11/57 1323/129/1323 1287/126/1287
f 1321/127/1321 11/25/11 12/33/12
f 55/18/55 59/15/59 1285/128/1285
f 1323/129/1323 7/19/7 8/37/8
f 59/15/59 56/14/56 1322/130/1322
f 1321/127/1321 1285/128/1285 10/23/10
f 58/22/58 1283/125/1283 1323/129/1323
f 1285/128/1285 1322/130/1322 9/36/9
f 56/6/56 60/5/60 1287/126/1287
f 1283/125/1283 12/33/12 7/19/7
f 63/34/63 64/27/64 1333/132/1333
f 1322/131/1322 1287/126/1287 8/37/8
f 66/134/66 1335/3046/1335 1328/135/1328
f 1329/133/1329 1333/132/1333 67/136/67
f 65/32/65 1334/142/1334 1327/138/1327
f 1328/135/1328 1335/3046/1335 69/139/69
f 66/35/66 63/34/63 1329/133/1329
f 1334/142/1334 68/145/68 70/143/70
f 62/39/62 1328/135/1328 1334/142/1334
f 1335/141/1335 1329/133/1329 72/137/72
f 61/26/61 1327/138/1327 1333/132/1333
f 1328/135/1328 71/140/71 68/145/68
f 70/143/70 1336/148/1336 1306/146/1306
f 1327/138/1327 70/143/70 67/136/67
f 71/140/71 1337/152/1337 1307/147/1307
f 1336/148/1336 37/157/37 38/149/38
f 69/144/69 72/137/72 1338/150/1338
f 1337/152/1337 39/159/39 40/153/40
f 68/145/68 1307/147/1307 1336/148/1336
f 1308/151/1308 1338/150/1338 41/154/41
f 71/140/71 69/139/69 1308/156/1308
f 1307/147/1307 40/153/40 37/157/37
f 72/137/72 67/136/67 1306/146/1306
f 1337/152/1337 1308/156/1308 42/158/42
f 222/160/222 1465/370/1465 1514/161/1514
f 1338/150/1338 1306/146/1306 38/149/38
f 82/163/82 1341/172/1341 1384/164/1384
f 1382/166/1382 1339/174/1339 121/167/121
f 81/169/81 80/179/80 1343/170/1343
f 1341/172/1341 123/181/123 124/173/124
f 83/165/83 1384/164/1384 1339/174/1339
f 1386/171/1386 1343/170/1343 125/176/125
f 81/178/81 1386/180/1386 1341/172/1341
f 1384/164/1384 124/173/124 121/167/121
f 80/179/80 79/303/79 1382/166/1382
f 1386/180/1386 126/280/126 123/181/123
f 89/182/89 1345/188/1345 1396/183/1396
f 1343/170/1343 1382/166/1382 122/168/122
f 88/185/88 87/215/87 1347/186/1347
f 1345/188/1345 133/200/133 136/189/136
f 86/190/86 85/195/85 1349/191/1349
f 1397/187/1397 1347/186/1347 134/193/134
f 90/184/90 1396/183/1396 1349/191/1349
f 1398/192/1398 1349/191/1349 135/196/135
f 88/185/88 1397/187/1397 1345/188/1345
f 1396/183/1396 136/189/136 135/196/135
f 87/198/87 86/190/86 1398/192/1398
f 1397/187/1397 137/194/137 133/200/133
f 96/201/96 1351/208/1351 1352/202/1352
f 1347/199/1347 1398/192/1398 138/197/138
f 94/205/94 1353/212/1353 1354/206/1354
f 1351/208/1351 90/184/90 85/195/85
f 93/209/93 92/214/92 1355/210/1355
f 1353/212/1353 88/185/88 89/182/89
f 95/207/95 1354/206/1354 1351/208/1351
f 1356/211/1356 1355/210/1355 86/190/86
f 94/205/94 93/225/93 1356/213/1356
f 1354/206/1354 89/182/89 90/184/90
f 91/203/91 1352/202/1352 1355/210/1355
f 1353/212/1353 1356/213/1356 87/215/87
f 102/216/102 101/227/101 1357/217/1357
f 1355/210/1355 1352/202/1352 85/195/85
f 99/219/99 1359/349/1359 1360/220/1360
f 1357/217/1357 95/207/95 96/201/96
f 97/222/97 1361/226/1361 1362/223/1362
f 1360/220/1360 1359/349/1359 93/225/93
f 97/222/97 102/216/102 1358/218/1358
f 1361/226/1361 91/203/91 92/214/92
f 101/227/101 100/221/100 1360/220/1360
f 1358/218/1358 96/201/96 91/203/91
f 98/224/98 1362/223/1362 1359/228/1359
f 1357/217/1357 1360/220/1360 94/205/94
f 103/230/103 108/243/108 1363/231/1363
f 1359/228/1359 1362/223/1362 92/214/92
f 106/233/106 1365/247/1365 1378/234/1378
f 1376/232/1376 1363/231/1363 115/236/115
f 104/238/104 1367/244/1367 1380/239/1380
f 1378/234/1378 1365/247/1365 117/241/117
f 108/243/108 107/235/107 1378/234/1378
f 1367/244/1367 119/252/119 120/245/120
f 105/246/105 1380/248/1380 1365/247/1365
f 1363/231/1363 1378/234/1378 118/242/118
f 104/238/104 103/230/103 1376/232/1376
f 1380/248/1380 120/265/120 117/241/117
f 113/249/113 1369/256/1369 1370/250/1370
f 1376/232/1376 116/237/116 119/252/119
f 111/253/111 1371/260/1371 1372/254/1372
f 1369/256/1369 107/235/107 108/243/108
f 110/257/110 109/261/109 1373/258/1373
f 1371/260/1371 105/246/105 106/233/106
f 109/261/109 114/251/114 1370/250/1370
f 1374/259/1374 1373/258/1373 103/230/103
f 112/255/112 1372/254/1372 1369/256/1369
f 1373/258/1373 1370/250/1370 108/243/108
f 111/262/111 110/257/110 1374/259/1374
f 1372/254/1372 106/233/106 107/235/107
f 116/237/116 1399/267/1399 1379/264/1379
f 1374/259/1374 104/238/104 105/240/105
f 120/265/120 1401/270/1401 1377/266/1377
f 1399/267/1399 139/279/139 144/268/144
f 1400/269/1400 1375/273/1375 115/236/115
f 1401/270/1401 141/320/141 143/271/143
f 119/252/119 1379/264/1379 1401/272/1401
f 1375/273/1375 1400/269/1400 140/274/140
f 1377/266/1377 1400/269/1400 118/242/118
f 1379/264/1379 144/268/144 141/276/141
f 1375/273/1375 1399/267/1399 116/237/116
f 1400/269/1400 1377/266/1377 143/271/143
f 125/176/125 122/168/122 1340/277/1340
f 1399/267/1399 1375/273/1375 142/275/142
f 126/280/126 1344/285/1344 1383/281/1383
f 1385/278/1385 1340/277/1340 73/282/73
f 124/173/124 1342/288/1342 1381/284/1381
f 1344/285/1344 75/3047/75 76/286/76
f 126/177/126 125/176/125 1385/278/1385
f 1342/288/1342 77/291/77 78/289/78
f 123/181/123 1383/281/1383 1342/288/1342
f 1344/287/1344 1385/278/1385 74/283/74
f 122/168/122 121/167/121 1381/284/1381
f 1383/281/1383 76/286/76 77/291/77
f 129/292/129 132/302/132 1350/293/1350
f 1340/277/1340 1381/284/1381 78/289/78
f 130/295/130 1348/301/1348 1387/296/1387
f 1389/294/1389 1350/293/1350 80/179/80
f 128/298/128 1346/305/1346 1391/299/1391
f 1348/301/1348 82/163/82 83/165/83
f 132/302/132 131/300/131 1391/299/1391
f 1391/299/1391 1346/305/1346 84/175/84
f 130/295/130 129/313/129 1389/304/1389
f 1350/293/1350 1391/299/1391 79/303/79
f 127/297/127 1387/296/1387 1346/305/1346
f 1389/304/1389 81/178/81 82/163/82
f 134/204/134 138/197/138 1392/306/1392
f 1387/296/1387 83/165/83 84/175/84
f 137/194/137 1390/310/1390 1393/308/1393
f 1394/307/1394 1392/306/1392 132/302/132
f 136/189/136 1388/311/1388 1395/309/1395
f 1390/310/1390 130/295/130 127/297/127
f 138/197/138 135/196/135 1395/309/1395
f 1388/311/1388 128/298/128 131/300/131
f 137/194/137 134/193/134 1394/312/1394
f 1392/306/1392 1395/309/1395 131/300/131
f 133/200/133 1393/308/1393 1388/311/1388
f 1390/310/1390 1394/312/1394 129/313/129
f 139/279/139 142/275/142 1402/314/1402
f 1393/308/1393 127/297/127 128/298/128
f 140/274/140 143/271/143 1403/316/1403
f 1364/315/1364 1402/314/1402 102/216/102
f 144/268/144 1404/319/1404 1368/318/1368
f 1366/317/1366 1403/316/1403 100/221/100
f 142/275/142 140/274/140 1366/317/1366
f 1404/319/1404 98/224/98 99/229/99
f 141/320/141 1368/321/1368 1403/316/1403
f 1402/314/1402 1366/317/1366 101/227/101
f 139/279/139 1364/315/1364 1404/319/1404
f 1368/321/1368 99/219/99 100/221/100
f 151/303/151 156/175/156 1405/174/1405
f 1364/315/1364 97/222/97 98/224/98
f 154/163/154 1407/172/1407 1450/164/1450
f 1448/166/1448 1405/174/1405 193/167/193
f 153/169/153 152/179/152 1409/170/1409
f 1407/172/1407 195/181/195 196/173/196
f 155/165/155 1450/164/1450 1405/174/1405
f 1452/171/1452 1409/170/1409 197/176/197
f 153/178/153 1452/180/1452 1407/172/1407
f 1450/164/1450 196/173/196 193/167/193
f 152/179/152 151/303/151 1448/166/1448
f 1452/180/1452 198/280/198 195/181/195
f 162/322/162 161/337/161 1411/323/1411
f 1409/170/1409 1448/166/1448 194/168/194
f 159/325/159 1413/3048/1413 1456/326/1456
f 1454/324/1454 1411/323/1411 199/328/199
f 157/330/157 1415/335/1415 1458/331/1458
f 1456/326/1456 1413/3048/1413 201/333/201
f 157/330/157 162/322/162 1454/324/1454
f 1415/335/1415 203/338/203 204/336/204
f 161/337/161 160/327/160 1456/326/1456
f 1454/324/1454 200/329/200 203/338/203
f 158/332/158 1458/331/1458 1413/339/1413
f 1411/323/1411 1456/326/1456 202/334/202
f 163/203/163 168/201/168 1417/341/1417
f 1458/331/1458 204/336/204 201/343/201
f 167/207/167 166/205/166 1419/344/1419
f 1418/342/1418 1417/341/1417 162/322/162
f 164/214/164 1421/347/1421 1422/346/1422
f 1420/345/1420 1419/344/1419 160/327/160
f 168/201/168 167/207/167 1420/345/1420
f 1421/347/1421 158/332/158 159/340/159
f 165/225/165 1422/348/1422 1419/344/1419
f 1417/341/1417 1420/345/1420 161/337/161
f 163/203/163 1418/342/1418 1421/347/1421
f 1422/348/1422 159/325/159 160/327/160
f 174/216/174 173/227/173 1423/217/1423
f 1418/342/1418 157/330/157 158/332/158
f 171/219/171 1425/349/1425 1426/220/1426
f 1424/218/1424 1423/217/1423 167/207/167
f 169/222/169 1427/226/1427 1428/223/1428
f 1425/349/1425 165/225/165 166/205/166
f 169/222/169 174/216/174 1424/218/1424
f 1427/226/1427 163/203/163 164/214/164
f 173/227/173 172/221/172 1426/220/1426
f 1427/226/1427 1424/218/1424 168/201/168
f 170/224/170 1428/223/1428 1425/228/1425
f 1423/217/1423 1426/220/1426 166/205/166
f 175/230/175 180/243/180 1429/231/1429
f 1428/223/1428 164/214/164 165/209/165
f 178/233/178 1431/247/1431 1444/234/1444
f 1442/232/1442 1429/231/1429 187/236/187
f 176/238/176 1433/244/1433 1446/239/1446
f 1431/247/1431 189/241/189 190/242/190
f 179/235/179 1444/234/1444 1429/231/1429
f 1433/244/1433 191/252/191 192/245/192
f 178/233/178 177/246/177 1446/248/1446
f 1444/234/1444 190/242/190 187/236/187
f 176/238/176 175/230/175 1442/232/1442
f 1431/247/1431 1446/248/1446 192/265/192
f 185/249/185 1435/256/1435 1436/250/1436
f 1433/244/1433 1442/232/1442 188/237/188
f 183/253/183 1437/260/1437 1438/254/1438
f 1435/256/1435 179/235/179 180/243/180
f 182/257/182 181/261/181 1439/258/1439
f 1438/254/1438 1437/260/1437 177/246/177
f 181/261/181 186/251/186 1436/250/1436
f 1440/259/1440 1439/258/1439 175/230/175
f 184/255/184 1438/254/1438 1435/256/1435
f 1439/258/1439 1436/250/1436 180/243/180
f 183/262/183 182/257/182 1440/259/1440
f 1438/254/1438 178/233/178 179/235/179
f 1459/267/1459 1445/264/1445 191/252/191
f 1440/259/1440 176/238/176 177/240/177
f 1461/270/1461 1443/266/1443 189/241/189
f 1459/267/1459 205/279/205 210/268/210
f 1460/269/1460 1441/273/1441 187/236/187
f 1461/270/1461 207/320/207 209/271/209
f 191/252/191 1445/264/1445 1461/272/1461
f 1441/273/1441 1460/269/1460 206/274/206
f 189/241/189 1443/266/1443 1460/269/1460
f 1445/264/1445 210/268/210 207/276/207
f 1441/273/1441 1459/267/1459 188/237/188
f 1460/269/1460 1443/266/1443 209/271/209
f 197/176/197 194/168/194 1406/277/1406
f 1459/267/1459 1441/273/1441 208/275/208
f 198/280/198 1410/285/1410 1449/281/1449
f 1451/278/1451 1406/277/1406 145/282/145
f 196/173/196 1408/288/1408 1447/284/1447
f 1410/285/1410 147/3047/147 148/286/148
f 198/177/198 197/176/197 1451/278/1451
f 1408/288/1408 149/291/149 150/289/150
f 195/181/195 1449/281/1449 1408/288/1408
f 1410/287/1410 1451/278/1451 146/283/146
f 194/168/194 193/167/193 1447/284/1447
f 1449/281/1449 148/286/148 149/291/149
f 201/343/201 204/336/204 1416/350/1416
f 1406/277/1406 1447/284/1447 150/289/150
f 202/334/202 1414/354/1414 1453/352/1453
f 1455/351/1455 1416/350/1416 152/179/152
f 200/329/200 1412/355/1412 1457/353/1457
f 1414/354/1414 154/163/154 155/165/155
f 204/336/204 203/338/203 1457/353/1457
f 1412/355/1412 156/175/156 151/303/151
f 202/334/202 201/333/201 1455/356/1455
f 1416/350/1416 1457/353/1457 151/303/151
f 199/328/199 1453/352/1453 1412/355/1412
f 1455/356/1455 153/178/153 154/163/154
f 205/279/205 208/275/208 1462/314/1462
f 1453/352/1453 155/165/155 156/175/156
f 206/274/206 209/271/209 1463/316/1463
f 1430/315/1430 1462/314/1462 174/216/174
f 210/268/210 1464/319/1464 1434/318/1434
f 1432/317/1432 1463/316/1463 172/221/172
f 208/275/208 206/274/206 1432/317/1432
f 1464/319/1464 170/224/170 171/229/171
f 207/320/207 1434/321/1434 1463/316/1463
f 1462/314/1462 1432/317/1432 173/227/173
f 205/279/205 1430/315/1430 1464/319/1464
f 1434/321/1434 171/219/171 172/221/172
f 583/357/583 588/906/588 1795/358/1795
f 1430/315/1430 169/222/169 170/224/170
f 220/360/220 1467/368/1467 1516/361/1516
f 1514/161/1514 1465/370/1465 265/363/265
f 219/365/219 218/374/218 1469/366/1469
f 1467/368/1467 267/376/267 268/369/268
f 221/362/221 1516/361/1516 1465/370/1465
f 1518/367/1518 1469/366/1469 269/371/269
f 219/373/219 1518/375/1518 1467/368/1467
f 1516/361/1516 268/369/268 265/363/265
f 218/374/218 217/162/217 1514/161/1514
f 1518/375/1518 270/464/270 267/376/267
f 227/377/227 1471/383/1471 1472/378/1472
f 1469/366/1469 1514/161/1514 266/364/266
f 225/380/225 1473/387/1473 1474/381/1474
f 1471/383/1471 221/362/221 222/160/222
f 224/384/224 223/388/223 1475/385/1475
f 1473/387/1473 219/373/219 220/360/220
f 228/379/228 1472/378/1472 1475/385/1475
f 1476/386/1476 1475/385/1475 217/162/217
f 226/382/226 1474/381/1474 1471/383/1471
f 1472/378/1472 222/160/222 217/162/217
f 225/389/225 224/384/224 1476/386/1476
f 1474/381/1474 220/360/220 221/362/221
f 229/391/229 234/401/234 1477/392/1477
f 1473/390/1473 1476/386/1476 218/374/218
f 232/394/232 1479/400/1479 1480/395/1480
f 1478/393/1478 1477/392/1477 228/379/228
f 231/397/231 230/403/230 1481/398/1481
f 1479/400/1479 226/382/226 227/377/227
f 233/396/233 1480/395/1480 1477/392/1477
f 1482/399/1482 1481/398/1481 224/384/224
f 231/402/231 1482/404/1482 1479/400/1479
f 1480/395/1480 227/377/227 228/379/228
f 230/403/230 229/391/229 1478/393/1478
f 1482/404/1482 225/380/225 226/382/226
f 240/405/240 239/420/239 1483/406/1483
f 1481/398/1481 1478/393/1478 223/388/223
f 237/408/237 1485/415/1485 1510/409/1510
f 1508/407/1508 1483/406/1483 259/12/259
f 236/412/236 235/417/235 1487/413/1487
f 1485/415/1485 261/124/261 262/416/262
f 235/417/235 240/405/240 1508/407/1508
f 1512/414/1512 1487/413/1487 263/418/263
f 238/410/238 1510/409/1510 1483/406/1483
f 1487/413/1487 1508/407/1508 260/411/260
f 236/412/236 1512/414/1512 1485/421/1485
f 1510/409/1510 262/416/262 259/12/259
f 241/423/241 246/436/246 1489/424/1489
f 1512/414/1512 264/419/264 261/120/261
f 244/426/244 1491/440/1491 1504/427/1504
f 1502/425/1502 1489/424/1489 253/429/253
f 242/431/242 1493/437/1493 1506/432/1506
f 1504/427/1504 1491/440/1491 255/434/255
f 245/428/245 1504/427/1504 1489/424/1489
f 1493/437/1493 257/444/257 258/438/258
f 244/426/244 243/90/243 1506/439/1506
f 1489/424/1489 1504/427/1504 256/435/256
f 242/431/242 241/423/241 1502/425/1502
f 1491/440/1491 1506/439/1506 258/441/258
f 251/442/251 1495/86/1495 1496/81/1496
f 1502/425/1502 254/430/254 257/444/257
f 249/83/249 1497/1594/1497 1498/84/1498
f 1495/86/1495 245/428/245 246/436/246
f 248/87/248 247/447/247 1499/445/1499
f 1498/84/1498 1497/1594/1497 243/90/243
f 247/447/247 252/443/252 1496/81/1496
f 1500/446/1500 1499/445/1499 241/423/241
f 250/85/250 1498/84/1498 1495/86/1495
f 1499/445/1499 1496/81/1496 246/436/246
f 249/92/249 248/87/248 1500/446/1500
f 1498/84/1498 244/426/244 245/428/245
f 254/430/254 1490/450/1490 1505/448/1505
f 1497/93/1497 1500/446/1500 242/431/242
f 258/441/258 1494/452/1494 1503/449/1503
f 1490/450/1490 235/417/235 236/412/236
f 1492/451/1492 1501/454/1501 253/429/253
f 1494/452/1494 237/408/237 238/410/238
f 257/444/257 1505/448/1505 1494/453/1494
f 1501/454/1501 1492/451/1492 239/420/239
f 1503/449/1503 1492/451/1492 256/435/256
f 1505/448/1505 236/412/236 237/422/237
f 1501/454/1501 1490/450/1490 254/430/254
f 1492/451/1492 1503/449/1503 238/410/238
f 264/419/264 1488/457/1488 1509/455/1509
f 1490/450/1490 1501/454/1501 240/405/240
f 262/416/262 1486/460/1486 1507/456/1507
f 1488/457/1488 230/403/230 231/397/231
f 263/418/263 260/411/260 1484/458/1484
f 1486/460/1486 232/394/232 233/396/233
f 264/419/264 263/418/263 1511/459/1511
f 1511/459/1511 1484/458/1484 234/401/234
f 261/124/261 1509/461/1509 1486/460/1486
f 1488/457/1488 1511/459/1511 229/391/229
f 260/411/260 259/12/259 1507/456/1507
f 1509/461/1509 231/402/231 232/394/232
f 269/371/269 266/364/266 1466/462/1466
f 1484/458/1484 1507/456/1507 233/396/233
f 270/464/270 1470/469/1470 1515/465/1515
f 1517/463/1517 1466/462/1466 211/466/211
f 268/369/268 1468/472/1468 1513/468/1513
f 1470/469/1470 213/1115/213 214/470/214
f 270/372/270 269/371/269 1517/463/1517
f 1468/472/1468 215/475/215 216/473/216
f 267/376/267 1515/465/1515 1468/472/1468
f 1470/471/1470 1517/463/1517 212/467/212
f 266/364/266 265/363/265 1513/468/1513
f 1515/465/1515 214/470/214 215/475/215
f 397/476/397 402/751/402 1627/477/1627
f 1466/462/1466 1513/468/1513 216/473/216
f 281/479/281 280/494/280 1521/480/1521
f 1519/482/1519 276/495/276 271/483/271
f 278/485/278 1523/491/1523 1524/486/1524
f 1522/481/1522 1521/480/1521 274/488/274
f 282/490/282 281/479/281 1522/481/1522
f 1523/491/1523 272/501/272 273/492/273
f 279/493/279 1524/3049/1524 1521/480/1521
f 1519/482/1519 1522/481/1522 275/489/275
f 277/496/277 1520/484/1520 1523/491/1523
f 1521/480/1521 1524/3049/1524 273/497/273
f 287/498/287 1525/505/1525 1526/499/1526
f 1520/484/1520 271/483/271 272/501/272
f 285/502/285 1527/509/1527 1528/503/1528
f 1525/505/1525 281/479/281 282/490/282
f 284/506/284 283/510/283 1529/507/1529
f 1527/509/1527 279/493/279 280/494/280
f 283/510/283 288/500/288 1526/499/1526
f 1530/508/1530 1529/507/1529 277/496/277
f 286/504/286 1528/503/1528 1525/505/1525
f 1529/507/1529 1526/499/1526 282/490/282
f 285/511/285 284/506/284 1530/508/1530
f 1528/503/1528 280/494/280 281/479/281
f 289/513/289 294/523/294 1531/514/1531
f 1527/512/1527 1530/508/1530 278/485/278
f 292/516/292 1533/522/1533 1534/517/1534
f 1532/515/1532 1531/514/1531 288/500/288
f 291/519/291 290/525/290 1535/520/1535
f 1533/522/1533 286/504/286 287/498/287
f 293/518/293 1534/517/1534 1531/514/1531
f 1536/521/1536 1535/520/1535 284/506/284
f 291/524/291 1536/526/1536 1533/522/1533
f 1534/517/1534 287/498/287 288/500/288
f 290/525/290 289/513/289 1532/515/1532
f 1536/526/1536 285/502/285 286/504/286
f 299/527/299 1537/533/1537 1562/528/1562
f 1535/520/1535 1532/515/1532 283/510/283
f 297/530/297 1539/538/1539 1564/531/1564
f 1537/533/1537 319/545/319 320/534/320
f 296/535/296 295/540/295 1541/536/1541
f 1539/538/1539 321/594/321 322/539/322
f 295/540/295 300/529/300 1562/528/1562
f 1566/537/1566 1541/536/1541 323/541/323
f 298/532/298 1564/531/1564 1537/533/1537
f 1541/536/1541 1562/528/1562 320/534/320
f 297/543/297 296/535/296 1566/537/1566
f 1564/531/1564 322/539/322 319/545/319
f 301/546/301 306/560/306 1543/547/1543
f 1539/544/1539 1566/537/1566 324/542/324
f 304/550/304 1545/558/1545 1558/551/1558
f 1556/548/1556 1543/547/1543 313/553/313
f 302/555/302 1547/561/1547 1560/556/1560
f 1545/558/1545 315/565/315 316/559/316
f 305/552/305 1558/551/1558 1543/547/1543
f 1547/561/1547 317/569/317 318/562/318
f 304/550/304 303/577/303 1560/563/1560
f 1558/551/1558 316/559/316 313/553/313
f 302/555/302 301/546/301 1556/548/1556
f 1545/558/1545 1560/563/1560 318/564/318
f 311/566/311 1549/573/1549 1550/567/1550
f 1547/561/1547 1556/548/1556 314/554/314
f 309/570/309 1551/3050/1551 1552/571/1552
f 1549/573/1549 305/552/305 306/560/306
f 308/574/308 307/578/307 1553/575/1553
f 1552/571/1552 1551/3050/1551 303/577/303
f 307/578/307 312/568/312 1550/567/1550
f 1554/576/1554 1553/575/1553 301/546/301
f 310/572/310 1552/571/1552 1549/573/1549
f 1553/575/1553 1550/567/1550 306/560/306
f 309/579/309 308/574/308 1554/576/1554
f 1552/571/1552 304/550/304 305/552/305
f 1544/581/1544 1559/583/1559 317/569/317
f 1554/576/1554 302/555/302 303/557/303
f 1548/582/1548 1557/585/1557 315/565/315
f 1559/583/1559 1544/581/1544 295/540/295
f 316/559/316 1546/587/1546 1555/584/1555
f 1548/582/1548 297/530/297 298/532/298
f 317/569/317 1559/583/1559 1548/586/1548
f 1546/587/1546 299/527/299 300/529/300
f 315/565/315 1557/585/1557 1546/587/1546
f 1548/586/1548 1559/583/1559 296/535/296
f 1555/584/1555 1544/581/1544 314/554/314
f 1557/585/1557 298/532/298 299/527/299
f 321/549/321 324/542/324 1542/588/1542
f 1544/581/1544 1555/584/1555 300/529/300
f 322/539/322 1540/593/1540 1561/590/1561
f 1563/589/1563 1542/588/1542 290/525/290
f 323/541/323 320/534/320 1538/591/1538
f 1540/593/1540 292/516/292 293/518/293
f 324/542/324 323/541/323 1565/592/1565
f 1565/592/1565 1538/591/1538 294/523/294
f 321/594/321 1563/595/1563 1540/593/1540
f 1542/588/1542 1565/592/1565 289/513/289
f 319/545/319 1561/590/1561 1538/591/1538
f 1563/595/1563 291/524/291 292/516/292
f 462/490/462 1681/482/1681 1682/484/1682
f 1561/590/1561 293/518/293 294/523/294
f 334/596/334 1569/605/1569 1624/597/1624
f 1622/599/1622 1567/608/1567 385/600/385
f 333/602/333 332/611/332 1571/603/1571
f 1569/605/1569 387/613/387 388/606/388
f 336/607/336 335/598/335 1624/597/1624
f 1571/603/1571 389/617/389 390/609/390
f 333/610/333 1626/612/1626 1569/605/1569
f 1567/608/1567 1624/597/1624 388/606/388
f 332/611/332 331/626/331 1622/599/1622
f 1626/612/1626 390/729/390 387/613/387
f 342/614/342 341/627/341 1573/615/1573
f 1571/603/1571 1622/599/1622 386/601/386
f 339/618/339 1575/624/1575 1576/619/1576
f 1574/616/1574 1573/615/1573 335/598/335
f 338/621/338 337/625/337 1577/622/1577
f 1575/624/1575 333/610/333 334/596/334
f 337/625/337 342/614/342 1574/616/1574
f 1578/623/1578 1577/622/1577 331/626/331
f 340/620/340 1576/619/1576 1573/615/1573
f 1577/622/1577 1574/616/1574 336/607/336
f 339/628/339 338/621/338 1578/623/1578
f 1576/619/1576 334/596/334 335/598/335
f 343/630/343 348/640/348 1579/631/1579
f 1575/629/1575 1578/623/1578 332/611/332
f 346/633/346 1581/639/1581 1582/634/1582
f 1580/632/1580 1579/631/1579 342/614/342
f 344/636/344 1583/641/1583 1584/637/1584
f 1581/639/1581 340/620/340 341/627/341
f 348/640/348 347/635/347 1582/634/1582
f 1583/641/1583 338/621/338 339/628/339
f 345/642/345 1584/643/1584 1581/639/1581
f 1579/631/1579 1582/634/1582 341/627/341
f 344/636/344 343/630/343 1580/632/1580
f 1584/643/1584 339/618/339 340/620/340
f 354/644/354 353/660/353 1585/645/1585
f 1583/641/1583 1580/632/1580 337/625/337
f 351/647/351 1587/655/1587 1612/648/1612
f 1610/646/1610 1585/645/1585 373/650/373
f 350/652/350 349/657/349 1589/653/1589
f 1587/655/1587 375/717/375 376/656/376
f 349/657/349 354/644/354 1610/646/1610
f 1614/654/1614 1589/653/1589 377/658/377
f 352/649/352 1612/648/1612 1585/645/1585
f 1589/653/1589 1610/646/1610 374/651/374
f 350/652/350 1614/654/1614 1587/661/1587
f 1612/648/1612 376/656/376 373/650/373
f 355/663/355 360/677/360 1591/664/1591
f 1614/654/1614 378/659/378 375/666/375
f 358/667/358 1593/675/1593 1606/668/1606
f 1604/665/1604 1591/664/1591 367/670/367
f 356/672/356 1595/678/1595 1608/673/1608
f 1593/675/1593 369/682/369 370/676/370
f 359/669/359 1606/668/1606 1591/664/1591
f 1595/678/1595 371/686/371 372/679/372
f 358/667/358 357/726/357 1608/680/1608
f 1606/668/1606 370/676/370 367/670/367
f 356/672/356 355/663/355 1604/665/1604
f 1593/675/1593 1608/680/1608 372/681/372
f 365/683/365 1597/690/1597 1616/684/1616
f 1595/678/1595 1604/665/1604 368/671/368
f 363/687/363 1599/695/1599 1618/688/1618
f 1597/690/1597 379/702/379 380/691/380
f 362/692/362 361/697/361 1601/693/1601
f 1599/695/1599 381/725/381 382/696/382
f 361/697/361 366/685/366 1616/684/1616
f 1620/694/1620 1601/693/1601 383/698/383
f 364/689/364 1618/688/1618 1597/690/1597
f 1601/693/1601 1616/684/1616 380/691/380
f 363/700/363 362/692/362 1620/694/1620
f 1618/688/1618 382/696/382 379/702/379
f 1592/703/1592 1607/706/1607 371/686/371
f 1599/701/1599 1620/694/1620 384/699/384
f 1596/705/1596 1605/708/1605 369/682/369
f 1607/706/1607 1592/703/1592 349/657/349
f 370/676/370 1594/710/1594 1603/707/1603
f 1596/705/1596 351/647/351 352/649/352
f 371/686/371 1607/706/1607 1596/709/1596
f 1594/710/1594 353/660/353 354/644/354
f 369/682/369 1605/708/1605 1594/710/1594
f 1607/706/1607 350/652/350 351/662/351
f 1603/707/1603 1592/703/1592 368/671/368
f 1605/708/1605 352/649/352 353/660/353
f 378/659/378 1590/714/1590 1611/711/1611
f 1592/703/1592 1603/707/1603 354/644/354
f 373/650/373 376/656/376 1588/712/1588
f 1590/714/1590 344/636/344 345/638/345
f 377/658/377 374/651/374 1586/715/1586
f 1609/713/1609 1588/712/1588 346/633/346
f 377/658/377 1613/716/1613 1590/714/1590
f 1613/716/1613 1586/715/1586 348/640/348
f 375/717/375 1611/718/1611 1588/712/1588
f 1613/716/1613 343/630/343 344/636/344
f 374/651/374 373/650/373 1609/713/1609
f 1611/718/1611 345/642/345 346/633/346
f 384/699/384 1602/721/1602 1617/719/1617
f 1586/715/1586 1609/713/1609 347/635/347
f 382/696/382 1600/724/1600 1615/720/1615
f 1602/721/1602 356/672/356 357/674/357
f 383/698/383 380/691/380 1598/722/1598
f 1600/724/1600 358/667/358 359/669/359
f 384/699/384 383/698/383 1619/723/1619
f 1619/723/1619 1598/722/1598 360/677/360
f 381/725/381 1617/3051/1617 1600/724/1600
f 1602/721/1602 1619/723/1619 355/663/355
f 379/702/379 1615/720/1615 1598/722/1598
f 1600/724/1600 1617/3051/1617 357/726/357
f 389/617/389 386/601/386 1568/727/1568
f 1615/720/1615 359/669/359 360/677/360
f 390/729/390 1572/734/1572 1623/730/1623
f 1568/727/1568 325/740/325 326/731/326
f 385/600/385 388/606/388 1570/732/1570
f 1572/734/1572 327/1344/327 328/735/328
f 389/617/389 1625/728/1625 1572/736/1572
f 1621/733/1621 1570/732/1570 329/737/329
f 387/613/387 1623/730/1623 1570/732/1570
f 1625/728/1625 326/731/326 327/739/327
f 386/601/386 385/600/385 1621/733/1621
f 1570/732/1570 1623/730/1623 328/735/328
f 511/626/511 516/607/516 1729/608/1729
f 1568/727/1568 1621/733/1621 330/738/330
f 400/741/400 1629/749/1629 1672/742/1672
f 1670/478/1670 1627/477/1627 439/744/439
f 399/746/399 398/754/398 1631/747/1631
f 1629/749/1629 441/756/441 442/750/442
f 401/743/401 1672/742/1672 1627/477/1627
f 1631/747/1631 443/760/443 444/752/444
f 399/753/399 1674/755/1674 1629/749/1629
f 1627/477/1627 1672/742/1672 442/750/442
f 398/754/398 397/476/397 1670/478/1670
f 1674/755/1674 444/825/444 441/756/441
f 407/757/407 1633/764/1633 1634/758/1634
f 1631/747/1631 1670/478/1670 440/745/440
f 405/761/405 1635/768/1635 1636/762/1636
f 1633/764/1633 401/743/401 402/751/402
f 404/765/404 403/769/403 1637/766/1637
f 1635/768/1635 399/753/399 400/741/400
f 403/769/403 408/759/408 1634/758/1634
f 1638/767/1638 1637/766/1637 397/476/397
f 406/763/406 1636/762/1636 1633/764/1633
f 1637/766/1637 1634/758/1634 402/751/402
f 405/770/405 404/765/404 1638/767/1638
f 1636/762/1636 400/741/400 401/743/401
f 409/772/409 414/782/414 1639/773/1639
f 1635/771/1635 1638/767/1638 398/754/398
f 412/775/412 1641/781/1641 1642/776/1642
f 1640/774/1640 1639/773/1639 408/759/408
f 411/778/411 410/784/410 1643/779/1643
f 1641/781/1641 406/763/406 407/757/407
f 413/777/413 1642/776/1642 1639/773/1639
f 1644/780/1644 1643/779/1643 404/765/404
f 411/783/411 1644/785/1644 1641/781/1641
f 1642/776/1642 407/757/407 408/759/408
f 410/784/410 409/772/409 1640/774/1640
f 1644/785/1644 405/761/405 406/763/406
f 419/786/419 1645/791/1645 1676/787/1676
f 1643/779/1643 1640/774/1640 403/769/403
f 418/789/418 417/408/417 1647/415/1647
f 1645/791/1645 445/799/445 446/1/446
f 416/792/416 415/796/415 1649/793/1649
f 1678/790/1678 1647/415/1647 447/124/447
f 420/788/420 1676/787/1676 1649/793/1649
f 1680/794/1680 1649/793/1649 449/797/449
f 418/789/418 1678/790/1678 1645/791/1645
f 1676/787/1676 446/1/446 449/797/449
f 417/798/417 416/792/416 1680/794/1680
f 1678/790/1678 448/795/448 445/799/445
f 421/59/421 426/808/426 1651/800/1651
f 1647/421/1647 1680/794/1680 450/419/450
f 424/63/424 1653/806/1653 1666/427/1666
f 1664/801/1664 1651/800/1651 433/802/433
f 422/67/422 1655/809/1655 1668/804/1668
f 1653/806/1653 435/811/435 436/807/436
f 425/428/425 1666/427/1666 1651/800/1651
f 1655/809/1655 437/812/437 438/810/438
f 424/63/424 423/90/423 1668/439/1668
f 1666/427/1666 436/807/436 433/802/433
f 422/67/422 421/59/421 1664/801/1664
f 1653/806/1653 1668/439/1668 438/441/438
f 431/80/431 1657/86/1657 1658/81/1658
f 1655/809/1655 1664/801/1664 434/803/434
f 429/83/429 1659/1594/1659 1660/84/1660
f 1657/86/1657 425/428/425 426/808/426
f 428/813/428 427/815/427 1661/814/1661
f 1660/84/1660 1659/1594/1659 423/90/423
f 427/815/427 432/443/432 1658/81/1658
f 1662/89/1662 1661/814/1661 421/59/421
f 430/85/430 1660/84/1660 1657/86/1657
f 1661/814/1661 1658/81/1658 426/808/426
f 429/816/429 428/813/428 1662/89/1662
f 1660/84/1660 424/63/424 425/428/425
f 1652/817/1652 1667/818/1667 437/812/437
f 1662/89/1662 422/67/422 423/805/423
f 1656/452/1656 1665/820/1665 435/811/435
f 1667/818/1667 1652/817/1652 415/796/415
f 436/807/436 1654/822/1654 1663/819/1663
f 1665/820/1665 1656/452/1656 417/408/417
f 437/812/437 1667/818/1667 1656/821/1656
f 1654/822/1654 419/786/419 420/788/420
f 435/811/435 1665/820/1665 1654/822/1654
f 1656/821/1656 1667/818/1667 416/792/416
f 1663/819/1663 1652/817/1652 434/803/434
f 1665/820/1665 418/789/418 419/786/419
f 443/760/443 440/745/440 1628/823/1628
f 1663/819/1663 420/788/420 415/796/415
f 444/825/444 1632/831/1632 1671/826/1671
f 1673/824/1673 1628/823/1628 391/827/391
f 439/744/439 442/750/442 1630/829/1630
f 1632/831/1632 393/1115/393 394/832/394
f 443/760/443 1673/824/1673 1632/833/1632
f 1669/830/1669 1630/829/1630 395/475/395
f 441/756/441 1671/826/1671 1630/829/1630
f 1673/824/1673 392/828/392 393/474/393
f 440/745/440 439/744/439 1669/830/1669
f 1630/829/1630 1671/826/1671 394/832/394
f 447/120/447 450/419/450 1650/834/1650
f 1628/823/1628 1669/830/1669 396/473/396
f 448/795/448 1648/838/1648 1675/836/1675
f 1677/835/1677 1650/834/1650 410/784/410
f 446/1/446 1646/840/1646 1679/837/1679
f 1648/838/1648 412/775/412 413/777/413
f 450/419/450 449/797/449 1679/837/1679
f 1679/837/1679 1646/840/1646 414/782/414
f 448/795/448 447/124/447 1677/839/1677
f 1650/834/1650 1679/837/1679 409/772/409
f 445/799/445 1675/836/1675 1646/840/1646
f 1677/839/1677 411/783/411 412/775/412
f 716/841/716 715/1082/715 1919/842/1919
f 1675/836/1675 413/777/413 414/782/414
f 461/479/461 460/494/460 1683/480/1683
f 1681/482/1681 456/495/456 451/483/451
f 458/485/458 1685/491/1685 1686/486/1686
f 1684/481/1684 1683/480/1683 454/488/454
f 462/490/462 461/479/461 1684/481/1684
f 1685/491/1685 452/501/452 453/492/453
f 459/493/459 1686/3049/1686 1683/480/1683
f 1681/482/1681 1684/481/1684 455/489/455
f 457/496/457 1682/484/1682 1685/491/1685
f 1683/480/1683 1686/3049/1686 453/497/453
f 467/498/467 1687/505/1687 1688/499/1688
f 1682/484/1682 451/483/451 452/501/452
f 465/502/465 1689/509/1689 1690/503/1690
f 1687/505/1687 461/479/461 462/490/462
f 464/506/464 463/510/463 1691/507/1691
f 1689/509/1689 459/493/459 460/494/460
f 463/510/463 468/500/468 1688/499/1688
f 1692/508/1692 1691/507/1691 457/496/457
f 466/504/466 1690/503/1690 1687/505/1687
f 1691/507/1691 1688/499/1688 462/490/462
f 465/511/465 464/506/464 1692/508/1692
f 1690/503/1690 460/494/460 461/479/461
f 469/513/469 474/523/474 1693/514/1693
f 1689/512/1689 1692/508/1692 458/485/458
f 472/516/472 1695/522/1695 1696/517/1696
f 1694/515/1694 1693/514/1693 468/500/468
f 471/519/471 470/525/470 1697/520/1697
f 1695/522/1695 466/504/466 467/498/467
f 473/518/473 1696/517/1696 1693/514/1693
f 1698/521/1698 1697/520/1697 464/506/464
f 471/524/471 1698/526/1698 1695/522/1695
f 1696/517/1696 467/498/467 468/500/468
f 470/525/470 469/513/469 1694/515/1694
f 1698/526/1698 465/502/465 466/504/466
f 479/527/479 1699/533/1699 1724/528/1724
f 1697/520/1697 1694/515/1694 463/510/463
f 477/530/477 1701/538/1701 1726/531/1726
f 1699/533/1699 499/545/499 500/534/500
f 476/535/476 475/540/475 1703/536/1703
f 1701/538/1701 501/594/501 502/539/502
f 475/540/475 480/529/480 1724/528/1724
f 1728/537/1728 1703/536/1703 503/541/503
f 478/532/478 1726/531/1726 1699/533/1699
f 1703/536/1703 1724/528/1724 500/534/500
f 477/543/477 476/535/476 1728/537/1728
f 1726/531/1726 502/539/502 499/545/499
f 481/546/481 486/560/486 1705/547/1705
f 1701/544/1701 1728/537/1728 504/542/504
f 484/550/484 1707/558/1707 1720/551/1720
f 1718/548/1718 1705/547/1705 493/553/493
f 482/555/482 1709/561/1709 1722/556/1722
f 1707/558/1707 495/565/495 496/559/496
f 485/552/485 1720/551/1720 1705/547/1705
f 1709/561/1709 497/569/497 498/562/498
f 484/550/484 483/577/483 1722/563/1722
f 1720/551/1720 496/559/496 493/553/493
f 482/555/482 481/546/481 1718/548/1718
f 1707/558/1707 1722/563/1722 498/564/498
f 491/566/491 1711/573/1711 1712/567/1712
f 1709/561/1709 1718/548/1718 494/554/494
f 489/570/489 1713/3050/1713 1714/571/1714
f 1711/573/1711 485/552/485 486/560/486
f 488/574/488 487/578/487 1715/575/1715
f 1714/571/1714 1713/3050/1713 483/577/483
f 487/578/487 492/568/492 1712/567/1712
f 1716/576/1716 1715/575/1715 481/546/481
f 490/572/490 1714/571/1714 1711/573/1711
f 1715/575/1715 1712/567/1712 486/560/486
f 489/579/489 488/574/488 1716/576/1716
f 1714/571/1714 484/550/484 485/552/485
f 1706/581/1706 1721/583/1721 497/569/497
f 1716/576/1716 482/555/482 483/557/483
f 1710/582/1710 1719/585/1719 495/565/495
f 1721/583/1721 1706/581/1706 475/540/475
f 496/559/496 1708/587/1708 1717/584/1717
f 1719/585/1719 1710/582/1710 477/530/477
f 1721/583/1721 1710/586/1710 498/562/498
f 1708/587/1708 479/527/479 480/529/480
f 495/565/495 1719/585/1719 1708/587/1708
f 1710/586/1710 1721/583/1721 476/535/476
f 1717/584/1717 1706/581/1706 494/554/494
f 1719/585/1719 478/532/478 479/527/479
f 501/549/501 504/542/504 1704/588/1704
f 1706/581/1706 1717/584/1717 480/529/480
f 502/539/502 1702/593/1702 1723/590/1723
f 1725/589/1725 1704/588/1704 470/525/470
f 503/541/503 500/534/500 1700/591/1700
f 1702/593/1702 472/516/472 473/518/473
f 504/542/504 503/541/503 1727/592/1727
f 1727/592/1727 1700/591/1700 474/523/474
f 501/594/501 1725/595/1725 1702/593/1702
f 1704/588/1704 1727/592/1727 469/513/469
f 499/545/499 1723/590/1723 1700/591/1700
f 1725/595/1725 471/524/471 472/516/472
f 804/490/804 1987/482/1987 1988/484/1988
f 1723/590/1723 473/518/473 474/523/474
f 514/596/514 1731/605/1731 1786/597/1786
f 1784/599/1784 1729/608/1729 565/600/565
f 513/602/513 512/611/512 1733/603/1733
f 1731/605/1731 567/613/567 568/606/568
f 516/607/516 515/598/515 1786/597/1786
f 1733/603/1733 569/617/569 570/609/570
f 513/610/513 1788/612/1788 1731/605/1731
f 1729/608/1729 1786/597/1786 568/606/568
f 512/611/512 511/626/511 1784/599/1784
f 1788/612/1788 570/729/570 567/613/567
f 522/614/522 521/627/521 1735/615/1735
f 1733/603/1733 1784/599/1784 566/601/566
f 519/618/519 1737/624/1737 1738/619/1738
f 1736/616/1736 1735/615/1735 515/598/515
f 518/621/518 517/625/517 1739/622/1739
f 1737/624/1737 513/610/513 514/596/514
f 517/625/517 522/614/522 1736/616/1736
f 1740/623/1740 1739/622/1739 511/626/511
f 520/620/520 1738/619/1738 1735/615/1735
f 1739/622/1739 1736/616/1736 516/607/516
f 518/621/518 1740/623/1740 1737/629/1737
f 1738/619/1738 514/596/514 515/598/515
f 523/844/523 528/854/528 1741/845/1741
f 1737/629/1737 1740/623/1740 512/611/512
f 526/847/526 1743/853/1743 1744/848/1744
f 1742/846/1742 1741/845/1741 522/614/522
f 524/850/524 1745/855/1745 1746/851/1746
f 1743/853/1743 520/620/520 521/627/521
f 528/854/528 527/849/527 1744/848/1744
f 1745/855/1745 518/621/518 519/628/519
f 525/856/525 1746/857/1746 1743/853/1743
f 1741/845/1741 1744/848/1744 521/627/521
f 524/850/524 523/844/523 1742/846/1742
f 1746/857/1746 519/618/519 520/620/520
f 534/644/534 533/660/533 1747/858/1747
f 1745/855/1745 1742/846/1742 517/625/517
f 531/647/531 1749/865/1749 1774/860/1774
f 1772/859/1772 1747/858/1747 553/861/553
f 530/652/530 529/657/529 1751/863/1751
f 1749/865/1749 555/881/555 556/866/556
f 529/657/529 534/644/534 1772/859/1772
f 1776/864/1776 1751/863/1751 557/867/557
f 532/649/532 1774/860/1774 1747/858/1747
f 1751/863/1751 1772/859/1772 554/862/554
f 530/652/530 1776/864/1776 1749/869/1749
f 1774/860/1774 556/866/556 553/861/553
f 535/663/535 540/677/540 1753/664/1753
f 1776/864/1776 558/868/558 555/870/555
f 538/667/538 1755/675/1755 1768/668/1768
f 1766/665/1766 1753/664/1753 547/670/547
f 536/672/536 1757/678/1757 1770/673/1770
f 1755/675/1755 549/682/549 550/676/550
f 539/669/539 1768/668/1768 1753/664/1753
f 1757/678/1757 551/686/551 552/679/552
f 538/667/538 537/726/537 1770/680/1770
f 1768/668/1768 550/676/550 547/670/547
f 536/672/536 535/663/535 1766/665/1766
f 1755/675/1755 1770/680/1770 552/681/552
f 545/683/545 1759/690/1759 1778/684/1778
f 1757/678/1757 1766/665/1766 548/671/548
f 543/687/543 1761/695/1761 1780/688/1780
f 1759/690/1759 559/702/559 560/691/560
f 542/692/542 541/697/541 1763/693/1763
f 1761/695/1761 561/725/561 562/696/562
f 541/697/541 546/685/546 1778/684/1778
f 1782/694/1782 1763/693/1763 563/698/563
f 544/689/544 1780/688/1780 1759/690/1759
f 1763/693/1763 1778/684/1778 560/691/560
f 543/700/543 542/692/542 1782/694/1782
f 1780/688/1780 562/696/562 559/702/559
f 1754/703/1754 1769/706/1769 551/686/551
f 1761/701/1761 1782/694/1782 564/699/564
f 1758/705/1758 1767/708/1767 549/682/549
f 1769/706/1769 1754/703/1754 529/657/529
f 550/676/550 1756/710/1756 1765/707/1765
f 1767/708/1767 1758/705/1758 531/647/531
f 551/686/551 1769/706/1769 1758/709/1758
f 1756/710/1756 533/660/533 534/644/534
f 549/682/549 1767/708/1767 1756/710/1756
f 1769/706/1769 530/652/530 531/662/531
f 1765/707/1765 1754/703/1754 548/671/548
f 1767/708/1767 532/649/532 533/660/533
f 558/868/558 1791/873/1791 1773/871/1773
f 1754/703/1754 1765/707/1765 534/644/534
f 556/866/556 1790/882/1790 1771/872/1771
f 1791/873/1791 573/883/573 575/874/575
f 557/867/557 554/862/554 1789/875/1789
f 1771/872/1771 1790/882/1790 572/877/572
f 558/868/558 557/867/557 1775/876/1775
f 1775/876/1775 1789/875/1789 571/879/571
f 555/881/555 1773/884/1773 1790/882/1790
f 1775/876/1775 576/880/576 573/883/573
f 554/862/554 553/861/553 1771/872/1771
f 1773/884/1773 575/887/575 572/877/572
f 564/699/564 1764/721/1764 1779/719/1779
f 1789/875/1789 1771/872/1771 574/878/574
f 562/696/562 1762/724/1762 1777/720/1777
f 1764/721/1764 536/672/536 537/674/537
f 563/698/563 560/691/560 1760/722/1760
f 1762/724/1762 538/667/538 539/669/539
f 564/699/564 563/698/563 1781/723/1781
f 1781/723/1781 1760/722/1760 540/677/540
f 561/725/561 1779/3051/1779 1762/724/1762
f 1764/721/1764 1781/723/1781 535/663/535
f 559/702/559 1777/720/1777 1760/722/1760
f 1762/724/1762 1779/3051/1779 537/726/537
f 569/617/569 566/601/566 1730/727/1730
f 1777/720/1777 539/669/539 540/677/540
f 570/729/570 1734/734/1734 1785/730/1785
f 1787/728/1787 1730/727/1730 505/740/505
f 565/600/565 568/606/568 1732/732/1732
f 1734/734/1734 507/1344/507 508/735/508
f 569/617/569 1787/728/1787 1734/736/1734
f 1783/733/1783 1732/732/1732 509/737/509
f 567/613/567 1785/730/1785 1732/732/1732
f 1787/728/1787 506/731/506 507/739/507
f 566/601/566 565/600/565 1783/733/1783
f 1785/730/1785 508/735/508 509/737/509
f 571/879/571 574/878/574 1792/885/1792
f 1730/727/1730 1783/733/1783 510/738/510
f 575/887/575 1793/890/1793 1750/888/1750
f 1748/886/1748 1792/885/1792 527/849/527
f 576/880/576 1794/891/1794 1752/889/1752
f 1793/890/1793 525/856/525 526/847/526
f 576/880/576 571/879/571 1748/886/1748
f 1794/891/1794 523/844/523 524/850/524
f 574/878/574 572/877/572 1750/888/1750
f 1794/891/1794 1748/886/1748 528/854/528
f 573/883/573 1752/889/1752 1793/892/1793
f 1792/885/1792 1750/888/1750 526/847/526
f 907/893/907 912/1284/912 2083/894/2083
f 1752/889/1752 524/850/524 525/852/525
f 587/896/587 586/910/586 1797/897/1797
f 1840/359/1840 1795/358/1795 625/899/625
f 584/901/584 1799/907/1799 1842/902/1842
f 1841/898/1841 1797/897/1797 626/904/626
f 588/906/588 587/896/587 1841/898/1841
f 1799/907/1799 627/915/627 630/908/630
f 585/909/585 1842/911/1842 1797/897/1797
f 1795/358/1795 1841/898/1841 629/905/629
f 583/357/583 1840/359/1840 1799/907/1799
f 1842/911/1842 630/3052/630 626/904/626
f 594/912/594 593/928/593 1801/913/1801
f 1840/359/1840 628/900/628 627/915/627
f 591/916/591 1803/924/1803 1853/917/1853
f 1852/914/1852 1801/913/1801 637/919/637
f 589/921/589 1805/926/1805 1854/922/1854
f 1803/924/1803 638/986/638 641/925/641
f 589/921/589 594/912/594 1852/914/1852
f 1805/926/1805 639/929/639 642/927/642
f 593/928/593 592/918/592 1853/917/1853
f 1805/926/1805 1852/914/1852 640/920/640
f 590/923/590 1854/922/1854 1803/930/1803
f 1801/913/1801 1853/917/1853 641/925/641
f 595/230/595 600/243/600 1807/231/1807
f 1854/922/1854 642/927/642 638/932/638
f 598/233/598 1809/247/1809 1822/234/1822
f 1820/232/1820 1807/231/1807 607/236/607
f 596/238/596 1811/244/1811 1824/239/1824
f 1809/247/1809 609/241/609 610/242/610
f 599/235/599 1822/234/1822 1807/231/1807
f 1811/244/1811 611/252/611 612/245/612
f 598/233/598 597/246/597 1824/248/1824
f 1807/231/1807 1822/234/1822 610/242/610
f 596/238/596 595/230/595 1820/232/1820
f 1809/247/1809 1824/248/1824 612/265/612
f 605/249/605 1813/256/1813 1814/250/1814
f 1811/244/1811 1820/232/1820 608/237/608
f 603/253/603 1815/260/1815 1816/254/1816
f 1813/256/1813 599/235/599 600/243/600
f 602/257/602 601/261/601 1817/258/1817
f 1815/260/1815 597/246/597 598/233/598
f 601/261/601 606/251/606 1814/250/1814
f 1818/259/1818 1817/258/1817 595/230/595
f 604/255/604 1816/254/1816 1813/256/1813
f 1817/258/1817 1814/250/1814 600/243/600
f 603/262/603 602/257/602 1818/259/1818
f 1816/254/1816 598/233/598 599/235/599
f 608/237/608 1843/267/1843 1823/264/1823
f 1818/259/1818 596/238/596 597/240/597
f 612/265/612 1845/270/1845 1821/266/1821
f 1843/267/1843 631/279/631 636/268/636
f 1844/269/1844 1819/273/1819 607/236/607
f 1845/270/1845 633/320/633 635/271/635
f 611/252/611 1823/264/1823 1845/272/1845
f 1819/273/1819 1844/269/1844 632/274/632
f 609/241/609 1821/266/1821 1844/269/1844
f 1823/264/1823 636/268/636 633/276/633
f 1819/273/1819 1843/267/1843 608/237/608
f 1844/269/1844 1821/266/1821 635/271/635
f 618/933/618 1806/939/1806 1827/934/1827
f 1843/267/1843 1819/273/1819 634/275/634
f 613/936/613 616/944/616 1804/937/1804
f 1806/939/1806 584/901/584 585/903/585
f 617/940/617 614/945/614 1802/941/1802
f 1825/938/1825 1804/937/1804 586/910/586
f 617/940/617 1829/942/1829 1806/939/1806
f 1829/942/1829 1802/941/1802 588/906/588
f 615/943/615 1827/946/1827 1804/937/1804
f 1829/942/1829 583/357/583 584/901/584
f 614/945/614 613/936/613 1825/938/1825
f 1827/946/1827 585/909/585 586/910/586
f 623/947/623 620/965/620 1796/948/1796
f 1802/941/1802 1825/938/1825 587/896/587
f 624/950/624 1800/958/1800 1833/951/1833
f 1835/949/1835 1796/948/1796 577/953/577
f 622/955/622 1798/962/1798 1831/956/1831
f 1800/958/1800 579/3053/579 580/959/580
f 624/960/624 623/947/623 1835/949/1835
f 1798/962/1798 581/966/581 582/963/582
f 621/952/621 1833/951/1833 1798/962/1798
f 1800/961/1800 1835/949/1835 578/954/578
f 620/965/620 619/957/619 1831/956/1831
f 1833/951/1833 580/959/580 581/966/581
f 628/900/628 1832/973/1832 1839/967/1839
f 1796/948/1796 1831/956/1831 582/963/582
f 626/904/626 630/3052/630 1836/968/1836
f 1839/967/1839 1832/973/1832 620/965/620
f 625/899/625 629/905/629 1834/970/1834
f 1836/968/1836 624/950/624 621/952/621
f 627/915/627 1839/967/1839 1836/972/1836
f 1834/970/1834 622/955/622 619/957/619
f 629/905/629 626/904/626 1838/969/1838
f 1836/972/1836 1839/967/1839 623/947/623
f 628/900/628 625/899/625 1837/971/1837
f 1838/969/1838 621/952/621 622/955/622
f 631/279/631 634/275/634 1846/974/1846
f 1832/973/1832 1837/971/1837 619/957/619
f 632/274/632 635/271/635 1847/976/1847
f 1808/975/1808 1846/974/1846 594/912/594
f 636/268/636 1848/979/1848 1812/978/1812
f 1810/977/1810 1847/976/1847 592/918/592
f 634/275/634 632/274/632 1810/977/1810
f 1848/979/1848 590/923/590 591/931/591
f 633/320/633 1812/980/1812 1847/976/1847
f 1846/974/1846 1810/977/1810 593/928/593
f 631/279/631 1808/975/1808 1848/979/1848
f 1812/980/1812 591/916/591 592/918/592
f 642/927/642 1830/984/1830 1850/981/1850
f 1808/975/1808 589/921/589 590/923/590
f 637/919/637 641/925/641 1828/982/1828
f 1830/984/1830 618/933/618 615/935/615
f 640/920/640 1826/987/1826 1851/985/1851
f 1849/983/1849 1828/982/1828 616/944/616
f 639/929/639 1851/985/1851 1830/984/1830
f 1851/985/1851 1826/987/1826 614/945/614
f 638/986/638 1850/988/1850 1828/982/1828
f 1851/985/1851 617/940/617 618/933/618
f 640/920/640 637/919/637 1849/983/1849
f 1850/988/1850 615/943/615 616/944/616
f 650/989/650 649/1002/649 1892/990/1892
f 1826/987/1826 1849/983/1849 613/936/613
f 654/992/654 653/1005/653 1894/993/1894
f 1859/991/1859 1892/990/1892 686/995/686
f 651/997/651 1896/1003/1896 1857/998/1857
f 1855/994/1855 1894/993/1894 688/1000/688
f 649/1002/649 654/992/654 1855/994/1855
f 1896/1003/1896 690/1045/690 687/1004/687
f 652/999/652 1857/998/1857 1894/993/1894
f 1892/990/1892 1855/994/1855 685/1001/685
f 650/989/650 1859/991/1859 1896/1006/1896
f 1857/998/1857 687/1004/687 688/1000/688
f 659/1008/659 1861/1024/1861 1886/1009/1886
f 1859/991/1859 689/996/689 690/1011/690
f 658/1012/658 657/1057/657 1863/1013/1863
f 1886/1009/1886 1861/1024/1861 679/1015/679
f 655/1017/655 1865/1022/1865 1890/1018/1890
f 1888/1014/1888 1863/1013/1863 681/1020/681
f 660/1010/660 1886/1009/1886 1865/1022/1865
f 1865/1022/1865 683/1025/683 684/1023/684
f 659/1008/659 658/1012/658 1888/1014/1888
f 1886/1009/1886 680/1016/680 683/1025/683
f 657/1026/657 656/1019/656 1890/1018/1890
f 1861/1024/1861 1888/1014/1888 682/1021/682
f 661/230/661 666/243/666 1867/231/1867
f 1863/1027/1863 1890/1018/1890 684/1023/684
f 664/233/664 1869/247/1869 1882/234/1882
f 1880/232/1880 1867/231/1867 673/236/673
f 662/238/662 1871/244/1871 1884/239/1884
f 1869/247/1869 675/241/675 676/242/676
f 665/235/665 1882/234/1882 1867/231/1867
f 1871/244/1871 677/252/677 678/245/678
f 664/233/664 663/246/663 1884/248/1884
f 1882/234/1882 676/242/676 673/236/673
f 662/238/662 661/230/661 1880/232/1880
f 1869/247/1869 1884/248/1884 678/265/678
f 671/249/671 1873/256/1873 1874/250/1874
f 1871/244/1871 1880/232/1880 674/237/674
f 669/253/669 1875/260/1875 1876/254/1876
f 1873/256/1873 665/235/665 666/243/666
f 668/257/668 667/261/667 1877/258/1877
f 1876/254/1876 1875/260/1875 663/246/663
f 667/261/667 672/251/672 1874/250/1874
f 1878/259/1878 1877/258/1877 661/230/661
f 670/255/670 1876/254/1876 1873/256/1873
f 1877/258/1877 1874/250/1874 666/243/666
f 669/262/669 668/257/668 1878/259/1878
f 1876/254/1876 664/233/664 665/235/665
f 1897/267/1897 1883/264/1883 677/252/677
f 1878/259/1878 662/238/662 663/240/663
f 1899/270/1899 1881/266/1881 675/241/675
f 1883/264/1883 1897/267/1897 691/279/691
f 676/242/676 1898/269/1898 1879/273/1879
f 1881/266/1881 1899/270/1899 693/320/693
f 677/252/677 1883/264/1883 1899/272/1899
f 1898/269/1898 692/274/692 694/275/694
f 675/241/675 1881/266/1881 1898/269/1898
f 1899/272/1899 1883/264/1883 696/268/696
f 1879/273/1879 1897/267/1897 674/237/674
f 1881/266/1881 695/271/695 692/274/692
f 684/1023/684 1866/1032/1866 1887/1029/1887
f 1879/273/1879 694/275/694 691/279/691
f 679/1015/679 682/1021/682 1864/1030/1864
f 1866/1032/1866 650/989/650 651/1007/651
f 680/1016/680 1862/1034/1862 1889/1033/1889
f 1885/1031/1885 1864/1030/1864 652/999/652
f 683/1025/683 1889/1033/1889 1866/1032/1866
f 1862/1034/1862 654/992/654 649/1002/649
f 682/1021/682 681/1020/681 1887/1035/1887
f 1889/1033/1889 649/1002/649 650/989/650
f 680/1016/680 679/1015/679 1885/1031/1885
f 1887/1035/1887 651/997/651 652/999/652
f 690/1011/690 689/996/689 1895/1036/1895
f 1862/1034/1862 1885/1031/1885 653/1005/653
f 687/1004/687 1893/1043/1893 1904/1038/1904
f 1905/1037/1905 1895/1036/1895 702/1039/702
f 686/995/686 685/1001/685 1891/1041/1891
f 1893/1043/1893 701/1049/701 698/1044/698
f 690/1045/690 1905/1048/1905 1893/1043/1893
f 1903/1042/1903 1891/1041/1891 700/1046/700
f 688/1000/688 1904/1038/1904 1891/1041/1891
f 1905/1048/1905 699/1061/699 701/1049/701
f 689/996/689 686/995/686 1903/1042/1903
f 1904/1038/1904 698/1044/698 700/1046/700
f 694/275/694 1900/1053/1900 1868/1050/1868
f 1895/1036/1895 1903/1042/1903 697/1047/697
f 692/274/692 695/271/695 1901/1051/1901
f 1900/1053/1900 660/1010/660 655/1017/655
f 693/276/693 696/268/696 1902/1054/1902
f 1870/1052/1870 1901/1051/1901 658/1012/658
f 692/274/692 1870/1052/1870 1900/1053/1900
f 1872/1055/1872 1902/1054/1902 656/1019/656
f 695/271/695 693/320/693 1872/1056/1872
f 1870/1052/1870 659/1008/659 660/1010/660
f 691/279/691 1868/1050/1868 1902/1054/1902
f 1901/1051/1901 1872/1056/1872 657/1057/657
f 702/1039/702 697/1047/697 1856/1058/1856
f 1868/1050/1868 655/1017/655 656/1019/656
f 698/1044/698 1858/1063/1858 1906/1060/1906
f 1908/1059/1908 1856/1058/1856 643/282/643
f 699/1061/699 1860/1064/1860 1907/1062/1907
f 1858/1063/1858 647/291/647 648/289/648
f 697/1047/697 700/1046/700 1906/1060/1906
f 1860/1064/1860 645/3047/645 646/286/646
f 701/1049/701 1907/1062/1907 1858/1063/1858
f 1856/1058/1856 1906/1060/1906 648/289/648
f 699/1040/699 702/1039/702 1908/1059/1908
f 1907/1062/1907 646/286/646 647/291/647
f 749/182/749 1945/188/1945 1984/183/1984
f 1860/1065/1860 1908/1059/1908 644/283/644
f 709/1066/709 1944/1072/1944 1911/1067/1911
f 1910/843/1910 1919/842/1919 710/1069/710
f 710/1069/710 713/1074/713 1942/1070/1942
f 1944/1072/1944 744/1084/744 740/1073/740
f 713/1074/713 714/1079/714 1909/1075/1909
f 1913/1071/1913 1942/1070/1942 742/1076/742
f 711/1078/711 1943/1092/1943 1909/1075/1909
f 1942/1070/1942 1909/1075/1909 739/1080/739
f 709/1066/709 710/1069/710 1913/1071/1913
f 1909/1075/1909 1943/1092/1943 743/1081/743
f 715/1082/715 720/1093/720 1912/1083/1912
f 1913/1071/1913 741/1077/741 744/1084/744
f 718/1085/718 1914/1090/1914 1915/1086/1915
f 1919/842/1919 1912/1083/1912 713/1074/713
f 716/841/716 1910/843/1910 1917/1088/1917
f 1914/1090/1914 711/1078/711 714/1079/714
f 712/1091/712 1911/1094/1911 1943/1092/1943
f 1910/843/1910 709/1066/709 712/1068/712
f 720/1093/720 719/1087/719 1915/1086/1915
f 1911/1094/1911 740/1112/740 743/1081/743
f 717/1095/717 1917/1098/1917 1914/1090/1914
f 1912/1083/1912 1915/1086/1915 714/1079/714
f 721/59/721 726/72/726 1921/1096/1921
f 1917/1098/1917 712/1091/712 711/1078/711
f 724/63/724 1923/1101/1923 1936/427/1936
f 1934/1097/1934 1921/1096/1921 733/1099/733
f 722/67/722 1925/1102/1925 1938/804/1938
f 1923/1101/1923 735/1103/735 736/807/736
f 725/65/725 1936/427/1936 1921/1096/1921
f 1925/1102/1925 737/1104/737 738/810/738
f 724/63/724 723/90/723 1938/439/1938
f 1936/427/1936 736/807/736 733/1099/733
f 722/67/722 721/59/721 1934/1097/1934
f 1923/1101/1923 1938/439/1938 738/441/738
f 731/80/731 1927/86/1927 1928/81/1928
f 1925/1102/1925 1934/1097/1934 734/1100/734
f 729/83/729 1929/1594/1929 1930/84/1930
f 1927/86/1927 725/65/725 726/72/726
f 728/87/728 727/91/727 1931/88/1931
f 1930/84/1930 1929/1594/1929 723/90/723
f 727/91/727 732/82/732 1928/81/1928
f 1932/89/1932 1931/88/1931 721/59/721
f 730/85/730 1930/84/1930 1927/86/1927
f 1931/88/1931 1928/81/1928 726/72/726
f 729/92/729 728/87/728 1932/89/1932
f 1930/84/1930 724/63/724 725/65/725
f 1922/1105/1922 1937/1107/1937 737/1104/737
f 1932/89/1932 722/67/722 723/69/723
f 1926/1106/1926 1935/1109/1935 735/1103/735
f 1937/1107/1937 1922/1105/1922 715/1082/715
f 736/807/736 1924/1111/1924 1933/1108/1933
f 1926/1106/1926 717/1095/717 718/1085/718
f 737/1104/737 1937/1107/1937 1926/1110/1926
f 1924/1111/1924 719/1087/719 720/1093/720
f 735/1103/735 1935/1109/1935 1924/1111/1924
f 1937/1107/1937 716/841/716 717/1089/717
f 1933/1108/1933 1922/1105/1922 734/1100/734
f 1935/1109/1935 718/1085/718 719/1087/719
f 740/1112/740 1940/3054/1940 1918/1113/1918
f 1922/1105/1922 1933/1108/1933 720/1093/720
f 741/1077/741 1941/1118/1941 1920/1114/1920
f 1918/1113/1918 1940/3054/1940 705/1115/705
f 739/1080/739 743/1081/743 1918/1113/1918
f 1941/1118/1941 703/466/703 704/467/704
f 742/1076/742 739/1080/739 1939/1117/1939
f 1939/1117/1939 1918/1113/1918 706/1116/706
f 741/1077/741 742/1076/742 1916/1119/1916
f 1916/1119/1916 1939/1117/1939 707/475/707
f 744/1084/744 1920/1114/1920 1940/1120/1940
f 1916/1119/1916 708/473/708 703/466/703
f 1171/1121/1171 2327/1560/2327 2353/1122/2353
f 1920/1114/1920 704/467/704 705/474/705
f 748/185/748 747/215/747 1946/186/1946
f 1945/188/1945 787/200/787 790/189/790
f 746/190/746 745/195/745 1947/191/1947
f 1985/187/1985 1946/186/1946 788/193/788
f 750/184/750 1984/183/1984 1947/191/1947
f 1947/191/1947 789/196/789 792/197/792
f 748/185/748 1985/187/1985 1945/188/1945
f 1984/183/1984 790/189/790 789/196/789
f 747/198/747 746/190/746 1986/192/1986
f 1985/187/1985 791/194/791 787/200/787
f 756/201/756 1948/208/1948 1949/202/1949
f 1946/199/1946 1986/192/1986 792/197/792
f 754/205/754 1950/212/1950 1951/206/1951
f 1948/208/1948 750/184/750 745/195/745
f 753/209/753 752/214/752 1952/210/1952
f 1950/212/1950 748/185/748 749/182/749
f 755/207/755 1951/206/1951 1948/208/1948
f 1953/211/1953 1952/210/1952 746/190/746
f 754/205/754 753/225/753 1953/213/1953
f 1951/206/1951 749/182/749 750/184/750
f 752/214/752 751/203/751 1949/202/1949
f 1950/212/1950 1953/213/1953 747/215/747
f 761/1124/761 1954/1130/1954 1955/1125/1955
f 1952/210/1952 1949/202/1949 745/195/745
f 760/1127/760 759/1156/759 1956/1128/1956
f 1954/1130/1954 755/207/755 756/201/756
f 758/1131/758 757/1134/757 1958/1132/1958
f 1957/1129/1957 1956/1128/1956 753/225/753
f 762/1126/762 1955/1125/1955 1958/1132/1958
f 1959/1133/1959 1958/1132/1958 751/203/751
f 760/1127/760 1957/1129/1957 1954/1130/1954
f 1955/1125/1955 756/201/756 751/203/751
f 759/1135/759 758/1131/758 1959/1133/1959
f 1957/1129/1957 754/205/754 755/207/755
f 763/230/763 768/243/768 1960/1137/1960
f 1956/1136/1956 1959/1133/1959 752/214/752
f 766/233/766 1962/1143/1962 1975/1139/1975
f 1973/1138/1973 1960/1137/1960 775/1140/775
f 764/238/764 1964/1145/1964 1977/1142/1977
f 1962/1143/1962 777/1149/777 778/1144/778
f 767/235/767 1975/1139/1975 1960/1137/1960
f 1964/1145/1964 779/1150/779 780/1146/780
f 766/233/766 765/246/765 1977/1147/1977
f 1975/1139/1975 778/1144/778 775/1140/775
f 764/238/764 763/230/763 1973/1138/1973
f 1962/1143/1962 1977/1147/1977 780/1148/780
f 773/249/773 1966/256/1966 1967/250/1967
f 1964/1145/1964 1973/1138/1973 776/1141/776
f 771/253/771 1968/260/1968 1969/254/1969
f 1966/256/1966 767/235/767 768/243/768
f 770/257/770 769/261/769 1970/258/1970
f 1969/254/1969 1968/260/1968 765/246/765
f 769/261/769 774/251/774 1967/250/1967
f 1971/259/1971 1970/258/1970 763/230/763
f 772/255/772 1969/254/1969 1966/256/1966
f 1970/258/1970 1967/250/1967 768/243/768
f 771/262/771 770/257/770 1971/259/1971
f 1969/254/1969 766/233/766 767/235/767
f 1961/1151/1961 1976/1153/1976 779/1150/779
f 1971/259/1971 764/238/764 765/240/765
f 1965/1152/1965 1974/1155/1974 777/1149/777
f 1976/1153/1976 1961/1151/1961 757/1134/757
f 778/1144/778 1963/1158/1963 1972/1154/1972
f 1974/1155/1974 1965/1152/1965 759/1156/759
f 779/1150/779 1976/1153/1976 1965/1157/1965
f 1963/1158/1963 761/1124/761 762/1126/762
f 777/1149/777 1974/1155/1974 1963/1158/1963
f 1976/1153/1976 758/1131/758 759/1135/759
f 1972/1154/1972 1961/1151/1961 776/1141/776
f 1974/1155/1974 760/1127/760 761/1124/761
f 788/204/788 792/197/792 1980/1159/1980
f 1961/1151/1961 1972/1154/1972 762/1126/762
f 791/194/791 1979/1168/1979 1981/1161/1981
f 1982/1160/1982 1980/1159/1980 786/1162/786
f 790/189/790 1978/1166/1978 1983/1163/1983
f 1981/1161/1981 1979/1168/1979 784/1164/784
f 789/196/789 1983/1163/1983 1980/1159/1980
f 1978/1166/1978 782/1172/782 785/338/785
f 791/194/791 788/193/788 1982/1167/1982
f 1983/1163/1983 785/338/785 786/1162/786
f 787/200/787 1981/1161/1981 1978/1166/1978
f 1979/1168/1979 1982/1167/1982 783/1169/783
f 1104/992/1104 1103/1005/1103 2290/1170/2290
f 1981/1161/1981 781/1165/781 782/1172/782
f 803/479/803 802/494/802 1989/480/1989
f 1987/482/1987 798/495/798 793/483/793
f 801/487/801 800/485/800 1991/491/1991
f 1990/481/1990 1989/480/1989 796/488/796
f 803/479/803 1990/481/1990 1987/482/1987
f 1991/491/1991 794/501/794 795/492/795
f 801/493/801 1992/3049/1992 1989/480/1989
f 1987/482/1987 1990/481/1990 797/489/797
f 800/485/800 799/496/799 1988/484/1988
f 1989/480/1989 1992/3049/1992 795/497/795
f 809/498/809 1993/505/1993 1994/499/1994
f 1988/484/1988 793/483/793 794/501/794
f 807/502/807 1995/509/1995 1996/503/1996
f 1993/505/1993 803/479/803 804/490/804
f 806/506/806 805/510/805 1997/507/1997
f 1995/509/1995 801/493/801 802/494/802
f 805/510/805 810/500/810 1994/499/1994
f 1998/508/1998 1997/507/1997 799/496/799
f 808/504/808 1996/503/1996 1993/505/1993
f 1997/507/1997 1994/499/1994 804/490/804
f 807/511/807 806/506/806 1998/508/1998
f 1996/503/1996 802/494/802 803/479/803
f 811/513/811 816/523/816 1999/514/1999
f 1995/512/1995 1998/508/1998 800/485/800
f 814/516/814 2001/522/2001 2002/517/2002
f 2000/515/2000 1999/514/1999 810/500/810
f 813/519/813 812/525/812 2003/520/2003
f 2001/522/2001 808/504/808 809/498/809
f 815/518/815 2002/517/2002 1999/514/1999
f 2004/521/2004 2003/520/2003 806/506/806
f 813/524/813 2004/526/2004 2001/522/2001
f 2002/517/2002 809/498/809 810/500/810
f 812/525/812 811/513/811 2000/515/2000
f 2004/526/2004 807/502/807 808/504/808
f 821/527/821 2005/533/2005 2030/528/2030
f 2003/520/2003 2000/515/2000 805/510/805
f 819/530/819 2007/538/2007 2032/531/2032
f 2005/533/2005 841/545/841 842/534/842
f 818/535/818 817/540/817 2009/536/2009
f 2007/538/2007 843/594/843 844/539/844
f 817/540/817 822/529/822 2030/528/2030
f 2034/537/2034 2009/536/2009 845/541/845
f 820/532/820 2032/531/2032 2005/533/2005
f 2009/536/2009 2030/528/2030 842/534/842
f 819/543/819 818/535/818 2034/537/2034
f 2032/531/2032 844/539/844 841/545/841
f 823/546/823 828/560/828 2011/547/2011
f 2007/544/2007 2034/537/2034 846/542/846
f 826/550/826 2013/558/2013 2026/551/2026
f 2024/548/2024 2011/547/2011 835/553/835
f 824/555/824 2015/561/2015 2028/556/2028
f 2013/558/2013 837/565/837 838/559/838
f 827/552/827 2026/551/2026 2011/547/2011
f 2028/556/2028 2015/561/2015 839/569/839
f 826/550/826 825/577/825 2028/563/2028
f 2026/551/2026 838/559/838 835/553/835
f 824/555/824 823/546/823 2024/548/2024
f 2013/558/2013 2028/563/2028 840/564/840
f 833/566/833 2017/573/2017 2018/567/2018
f 2015/561/2015 2024/548/2024 836/554/836
f 831/570/831 2019/3050/2019 2020/571/2020
f 2017/573/2017 827/552/827 828/560/828
f 830/574/830 829/578/829 2021/575/2021
f 2020/571/2020 2019/3050/2019 825/577/825
f 829/578/829 834/568/834 2018/567/2018
f 2022/576/2022 2021/575/2021 823/546/823
f 832/572/832 2020/571/2020 2017/573/2017
f 2021/575/2021 2018/567/2018 828/560/828
f 831/579/831 830/574/830 2022/576/2022
f 2020/571/2020 826/550/826 827/552/827
f 2012/581/2012 2027/583/2027 839/569/839
f 2019/580/2019 2022/576/2022 824/555/824
f 2016/582/2016 2025/585/2025 837/565/837
f 2027/583/2027 2012/581/2012 817/540/817
f 838/559/838 2014/587/2014 2023/584/2023
f 2025/585/2025 2016/582/2016 819/530/819
f 2027/583/2027 2016/586/2016 840/562/840
f 2014/587/2014 821/527/821 822/529/822
f 837/565/837 2025/585/2025 2014/587/2014
f 2016/586/2016 2027/583/2027 818/535/818
f 2023/584/2023 2012/581/2012 836/554/836
f 2025/585/2025 820/532/820 821/527/821
f 843/549/843 846/542/846 2010/588/2010
f 2012/581/2012 2023/584/2023 822/529/822
f 844/539/844 2008/593/2008 2029/590/2029
f 2031/589/2031 2010/588/2010 812/525/812
f 845/541/845 842/534/842 2006/591/2006
f 2008/593/2008 814/516/814 815/518/815
f 846/542/846 845/541/845 2033/592/2033
f 2033/592/2033 2006/591/2006 816/523/816
f 843/594/843 2031/595/2031 2008/593/2008
f 2010/588/2010 2033/592/2033 811/513/811
f 841/545/841 2029/590/2029 2006/591/2006
f 2031/595/2031 813/524/813 814/516/814
f 857/1173/857 2035/1179/2035 2074/1174/2074
f 2029/590/2029 815/518/815 816/523/816
f 856/1176/856 855/1273/855 2037/1177/2037
f 2035/1179/2035 889/1191/889 892/1180/892
f 854/1181/854 853/1186/853 2039/1182/2039
f 2075/1178/2075 2037/1177/2037 890/1184/890
f 858/1175/858 2074/1174/2074 2039/1182/2039
f 2076/1183/2076 2039/1182/2039 891/1187/891
f 856/1176/856 2075/1178/2075 2035/1179/2035
f 2039/1182/2039 2074/1174/2074 892/1180/892
f 855/1189/855 854/1181/854 2076/1183/2076
f 2075/1178/2075 893/1185/893 889/1191/889
f 859/546/859 864/560/864 2041/1192/2041
f 2037/1190/2037 2076/1183/2076 894/1188/894
f 862/550/862 2043/1199/2043 2056/1195/2056
f 2054/1193/2054 2041/1192/2041 871/1196/871
f 860/555/860 2045/1201/2045 2058/1198/2058
f 2043/1199/2043 873/1205/873 874/1200/874
f 863/552/863 2056/1195/2056 2041/1192/2041
f 2045/1201/2045 875/1206/875 876/1202/876
f 862/550/862 861/577/861 2058/1203/2058
f 2056/1195/2056 874/1200/874 871/1196/871
f 860/555/860 859/546/859 2054/1193/2054
f 2043/1199/2043 2058/1203/2058 876/1204/876
f 869/566/869 2047/573/2047 2048/567/2048
f 2045/1201/2045 2054/1193/2054 872/1197/872
f 867/570/867 2049/3050/2049 2050/571/2050
f 2047/573/2047 863/552/863 864/560/864
f 866/574/866 865/578/865 2051/575/2051
f 2050/571/2050 2049/3050/2049 861/577/861
f 865/578/865 870/568/870 2048/567/2048
f 2052/576/2052 2051/575/2051 859/546/859
f 868/572/868 2050/571/2050 2047/573/2047
f 2051/575/2051 2048/567/2048 864/560/864
f 867/579/867 866/574/866 2052/576/2052
f 2050/571/2050 862/550/862 863/552/863
f 2077/1207/2077 2057/1209/2057 875/1206/875
f 2052/576/2052 860/555/860 861/557/861
f 2079/1208/2079 2055/1213/2055 873/1205/873
f 2057/1209/2057 2077/1207/2077 895/1210/895
f 874/1200/874 2078/1217/2078 2053/1212/2053
f 2055/1213/2055 2079/1208/2079 897/1214/897
f 875/1206/875 2057/1209/2057 2079/1216/2079
f 2078/1217/2078 896/1220/896 898/1218/898
f 873/1205/873 2055/1213/2055 2078/1217/2078
f 2079/1216/2079 2057/1209/2057 900/1211/900
f 2053/1212/2053 2077/1207/2077 872/1197/872
f 2055/1213/2055 899/1215/899 896/1220/896
f 882/1221/882 2067/1226/2067 2061/1222/2061
f 2053/1212/2053 898/1218/898 895/1210/895
f 880/1223/880 2066/1231/2066 2059/1224/2059
f 2067/1226/2067 885/1235/885 887/1227/887
f 881/1228/881 878/1236/878 2065/1229/2065
f 2066/1231/2066 884/1238/884 886/1232/886
f 882/1221/882 881/1228/881 2063/1230/2063
f 2063/1230/2063 2065/1229/2065 883/1233/883
f 879/594/879 2061/1237/2061 2066/1231/2066
f 2067/1226/2067 2063/1230/2063 888/1234/888
f 878/1236/878 877/1225/877 2059/1224/2059
f 2061/1237/2061 887/1241/887 884/1238/884
f 883/1233/883 886/1232/886 2068/1239/2068
f 2065/1229/2065 2059/1224/2059 886/1232/886
f 887/1241/887 2069/1618/2069 2038/1242/2038
f 2422/1243/2422 851/1256/851 852/1244/852
f 885/1235/885 888/1234/888 2070/1246/2070
f 2420/1248/2420 2423/3055/2423 849/1249/849
f 888/1234/888 883/1233/883 2036/1240/2036
f 2424/1251/2424 847/1254/847 848/1252/848
f 884/1238/884 2038/1242/2038 2068/1239/2068
f 2419/1245/2419 852/1244/852 847/1254/847
f 885/1235/885 2040/1247/2040 2069/1255/2069
f 2422/1243/2422 2420/1248/2420 850/1250/850
f 894/1188/894 2064/1261/2064 2072/1257/2072
f 2423/1258/2423 2421/1253/2421 848/1252/848
f 893/1185/893 2062/1264/2062 2071/1260/2071
f 2064/1261/2064 882/1221/882 879/549/879
f 891/1187/891 892/1180/892 2060/1262/2060
f 2062/1264/2062 880/1223/880 877/1225/877
f 894/1188/894 891/1187/891 2073/1263/2073
f 2073/1263/2073 2060/1262/2060 878/1236/878
f 890/1184/890 2072/1265/2072 2062/1264/2062
f 2064/1261/2064 2073/1263/2073 881/1228/881
f 892/1180/892 889/1191/889 2071/1260/2071
f 2072/1265/2072 879/594/879 880/1223/880
f 898/1218/898 2080/1268/2080 2042/1266/2042
f 2060/1262/2060 2071/1260/2071 877/1225/877
f 899/1215/899 2081/1271/2081 2044/1267/2044
f 2080/1268/2080 858/1175/858 853/1186/853
f 897/1219/897 900/1211/900 2082/1269/2082
f 2081/1271/2081 856/1176/856 857/1173/857
f 896/1220/896 2044/1267/2044 2080/1268/2080
f 2046/1270/2046 2082/1269/2082 854/1181/854
f 899/1215/899 897/1214/897 2046/1272/2046
f 2044/1267/2044 857/1173/857 858/1175/858
f 900/1211/900 895/1210/895 2042/1266/2042
f 2081/1271/2081 2046/1272/2046 855/1273/855
f 1043/1173/1043 2203/1179/2203 2242/1174/2242
f 2082/1269/2082 2042/1266/2042 853/1186/853
f 910/1274/910 2085/1282/2085 2128/1275/2128
f 2126/895/2126 2083/894/2083 949/1277/949
f 909/1279/909 908/1287/908 2087/1280/2087
f 2085/1282/2085 951/1289/951 952/1283/952
f 911/1276/911 2128/1275/2128 2083/894/2083
f 2087/1280/2087 953/1293/953 954/1285/954
f 909/1286/909 2130/1288/2130 2085/1282/2085
f 2128/1275/2128 952/1283/952 949/1277/949
f 908/1287/908 907/893/907 2126/895/2126
f 2130/1288/2130 954/1340/954 951/1289/951
f 918/1290/918 917/1307/917 2089/1291/2089
f 2087/1280/2087 2126/895/2126 950/1278/950
f 915/1294/915 2091/1302/2091 2134/1295/2134
f 2132/1292/2132 2089/1291/2089 955/1297/955
f 914/1299/914 913/1304/913 2093/1300/2093
f 2091/1302/2091 957/1352/957 958/1303/958
f 913/1304/913 918/1290/918 2132/1292/2132
f 2136/1301/2136 2093/1300/2093 959/1305/959
f 916/1296/916 2134/1295/2134 2089/1291/2089
f 2093/1300/2093 2132/1292/2132 956/1298/956
f 914/1299/914 2136/1301/2136 2091/1308/2091
f 2134/1295/2134 958/1303/958 955/1297/955
f 921/1310/921 920/1324/920 2142/1311/2142
f 2136/1301/2136 960/1306/960 957/1313/957
f 923/1314/923 2113/1322/2113 2138/1315/2138
f 2115/1312/2115 2142/1311/2142 966/1317/966
f 921/1319/921 2115/3056/2115 2140/1320/2140
f 2113/1322/2113 961/1330/961 962/1323/962
f 920/1324/920 919/1328/919 2117/1325/2117
f 2140/1320/2140 2115/3056/2115 963/1326/963
f 919/1328/919 924/1316/924 2138/1315/2138
f 2142/1311/2142 2117/1325/2117 965/1329/965
f 922/1321/922 2140/1320/2140 2113/1322/2113
f 2117/1325/2117 2138/1315/2138 962/1323/962
f 925/663/925 930/677/930 2095/664/2095
f 2140/1320/2140 964/1327/964 961/1330/961
f 928/667/928 2097/675/2097 2110/668/2110
f 2108/665/2108 2095/664/2095 937/670/937
f 926/672/926 2099/678/2099 2112/673/2112
f 2097/675/2097 939/682/939 940/676/940
f 929/669/929 2110/668/2110 2095/664/2095
f 2099/678/2099 941/686/941 942/679/942
f 928/667/928 927/726/927 2112/680/2112
f 2110/668/2110 940/676/940 937/670/937
f 926/672/926 925/663/925 2108/665/2108
f 2097/675/2097 2112/680/2112 942/681/942
f 935/683/935 2101/690/2101 2120/684/2120
f 2099/678/2099 2108/665/2108 938/671/938
f 933/687/933 2103/695/2103 2122/688/2122
f 2101/690/2101 943/702/943 944/691/944
f 932/692/932 931/697/931 2105/693/2105
f 2103/695/2103 945/725/945 946/696/946
f 931/697/931 936/685/936 2120/684/2120
f 2124/694/2124 2105/693/2105 947/698/947
f 934/689/934 2122/688/2122 2101/690/2101
f 2105/693/2105 2120/684/2120 944/691/944
f 933/700/933 932/692/932 2124/694/2124
f 2122/688/2122 946/696/946 943/702/943
f 2096/1331/2096 2111/1333/2111 941/686/941
f 2103/701/2103 2124/694/2124 948/699/948
f 2100/1332/2100 2109/1335/2109 939/682/939
f 2111/1333/2111 2096/1331/2096 919/1328/919
f 940/676/940 2098/1337/2098 2107/1334/2107
f 2100/1332/2100 921/1319/921 922/1321/922
f 941/686/941 2111/1333/2111 2100/1336/2100
f 2098/1337/2098 923/1314/923 924/1316/924
f 939/682/939 2109/1335/2109 2098/1337/2098
f 2111/1333/2111 920/1324/920 921/1310/921
f 2107/1334/2107 2096/1331/2096 938/671/938
f 2109/1335/2109 922/1321/922 923/1314/923
f 948/699/948 2106/721/2106 2121/719/2121
f 2096/1331/2096 2107/1334/2107 924/1316/924
f 946/696/946 2104/724/2104 2119/720/2119
f 2106/721/2106 926/672/926 927/674/927
f 947/698/947 944/691/944 2102/722/2102
f 2104/724/2104 928/667/928 929/669/929
f 948/699/948 947/698/947 2123/723/2123
f 2123/723/2123 2102/722/2102 930/677/930
f 945/725/945 2121/3051/2121 2104/724/2104
f 2106/721/2106 2123/723/2123 925/663/925
f 943/702/943 2119/720/2119 2102/722/2102
f 2104/724/2104 2121/3051/2121 927/726/927
f 953/1293/953 950/1278/950 2084/1338/2084
f 2119/720/2119 929/669/929 930/677/930
f 954/1340/954 2088/3057/2088 2127/1341/2127
f 2084/1338/2084 901/740/901 902/731/902
f 949/1277/949 952/1283/952 2086/1342/2086
f 2127/1341/2127 2088/3057/2088 903/1344/903
f 953/1293/953 2129/1339/2129 2088/1345/2088
f 2125/1343/2125 2086/1342/2086 905/737/905
f 952/1283/952 951/1289/951 2127/1341/2127
f 2129/1339/2129 902/731/902 903/739/903
f 949/1277/949 2125/1343/2125 2084/1338/2084
f 2086/1342/2086 2127/1341/2127 904/735/904
f 957/1313/957 960/1306/960 2094/1346/2094
f 2125/1343/2125 906/738/906 901/740/901
f 958/1303/958 2092/1351/2092 2131/1348/2131
f 2133/1347/2133 2094/1346/2094 908/1287/908
f 959/1305/959 956/1298/956 2090/1349/2090
f 2092/1351/2092 910/1274/910 911/1276/911
f 960/1306/960 959/1305/959 2135/1350/2135
f 2135/1350/2135 2090/1349/2090 912/1284/912
f 957/1352/957 2133/1353/2133 2092/1351/2092
f 2094/1346/2094 2135/1350/2135 907/893/907
f 955/1297/955 2131/1348/2131 2090/1349/2090
f 2133/1353/2133 909/1286/909 910/1274/910
f 964/1327/964 2116/1356/2116 2137/1354/2137
f 2131/1348/2131 911/1276/911 912/1284/912
f 962/1323/962 2114/1359/2114 2141/1355/2141
f 2116/1356/2116 916/1296/916 917/1307/917
f 965/1329/965 2141/1355/2141 2118/1357/2118
f 2141/1355/2141 2114/1359/2114 918/1290/918
f 964/1327/964 963/1326/963 2139/1358/2139
f 2141/1355/2141 913/1304/913 914/1299/914
f 961/1330/961 2137/1354/2137 2114/1359/2114
f 2139/1358/2139 915/1294/915 916/1296/916
f 963/1318/963 966/1317/966 2118/1357/2118
f 2114/1359/2114 2137/1354/2137 917/1307/917
f 973/1361/973 978/1374/978 2143/1362/2143
f 2118/1357/2118 914/1299/914 915/1309/915
f 976/1364/976 2145/1372/2145 2200/1365/2200
f 2198/1363/2198 2143/1362/2143 1027/1367/1027
f 975/1369/975 974/1378/974 2147/1370/2147
f 2145/1372/2145 1029/1380/1029 1030/1373/1030
f 977/1366/977 2200/1365/2200 2143/1362/2143
f 2202/1371/2202 2147/1370/2147 1031/1375/1031
f 975/1377/975 2202/1379/2202 2145/1372/2145
f 2200/1365/2200 1030/1373/1030 1027/1367/1027
f 974/1378/974 973/1361/973 2198/1363/2198
f 2202/1379/2202 1032/1468/1032 1029/1380/1029
f 983/1381/983 2149/1387/2149 2150/1382/2150
f 2147/1370/2147 2198/1363/2198 1028/1368/1028
f 982/1384/982 981/1407/981 2151/1385/2151
f 2149/1387/2149 977/1366/977 978/1374/978
f 980/1388/980 979/1391/979 2153/1389/2153
f 2151/1385/2151 975/1377/975 976/1364/976
f 984/1383/984 2150/1382/2150 2153/1389/2153
f 2154/1390/2154 2153/1389/2153 973/1361/973
f 982/1384/982 2152/1386/2152 2149/1387/2149
f 2153/1389/2153 2150/1382/2150 978/1374/978
f 981/1392/981 980/1388/980 2154/1390/2154
f 2152/1386/2152 976/1364/976 977/1366/977
f 985/1394/985 990/1403/990 2155/1395/2155
f 2151/1393/2151 2154/1390/2154 974/1378/974
f 989/1397/989 988/1405/988 2157/1398/2157
f 2155/1395/2155 984/1383/984 979/1391/979
f 986/1400/986 2159/1406/2159 2160/1401/2160
f 2157/1398/2157 982/1384/982 983/1381/983
f 990/1403/990 989/1397/989 2158/1399/2158
f 2160/1401/2160 2159/1406/2159 980/1388/980
f 987/1404/987 2160/3058/2160 2157/1398/2157
f 2158/1399/2158 983/1381/983 984/1383/984
f 985/1394/985 2156/1396/2156 2159/1406/2159
f 2157/1398/2157 2160/3058/2160 981/1407/981
f 996/1408/996 995/660/995 2161/1409/2161
f 2159/1406/2159 2156/1396/2156 979/1391/979
f 993/647/993 2163/1416/2163 2188/1411/2188
f 2186/1410/2186 2161/1409/2161 1015/1412/1015
f 991/657/991 2165/1418/2165 2190/1414/2190
f 2163/1416/2163 1017/1459/1017 1018/1417/1018
f 991/657/991 996/1408/996 2186/1410/2186
f 2165/1418/2165 1019/1420/1019 1020/1419/1020
f 995/660/995 994/649/994 2188/1411/2188
f 2165/1418/2165 2186/1410/2186 1016/1413/1016
f 992/1415/992 2190/1414/2190 2163/1421/2163
f 2161/1409/2161 2188/1411/2188 1018/1417/1018
f 1002/677/1002 2167/1427/2167 2180/665/2180
f 2190/1414/2190 1020/1419/1020 1017/1424/1017
f 1001/1425/1001 1000/1432/1000 2169/1426/2169
f 2167/1427/2167 1009/1434/1009 1010/1428/1010
f 998/672/998 2171/1431/2171 2184/1429/2184
f 2182/668/2182 2169/1426/2169 1011/682/1011
f 1001/1425/1001 2182/668/2182 2167/1427/2167
f 2171/1431/2171 1013/686/1013 1014/679/1014
f 1000/1432/1000 999/1465/999 2184/1433/2184
f 2167/1427/2167 2182/668/2182 1012/676/1012
f 997/1423/997 2180/665/2180 2171/1431/2171
f 2169/1426/2169 2184/1433/2184 1014/1435/1014
f 1007/683/1007 2173/1440/2173 2192/1436/2192
f 2180/665/2180 1010/1428/1010 1013/686/1013
f 1005/687/1005 2175/695/2175 2194/1438/2194
f 2173/1440/2173 1021/1449/1021 1022/691/1022
f 1004/1441/1004 1003/1445/1003 2177/1442/2177
f 2175/695/2175 1023/1464/1023 1024/1444/1024
f 1003/1445/1003 1008/1437/1008 2192/1436/2192
f 2196/1443/2196 2177/1442/2177 1025/698/1025
f 1006/1439/1006 2194/1438/2194 2173/1440/2173
f 2177/1442/2177 2192/1436/2192 1022/691/1022
f 1005/1447/1005 1004/1441/1004 2196/1443/2196
f 2194/1438/2194 1024/1444/1024 1021/1449/1021
f 1010/1428/1010 2168/1450/2168 2183/706/2183
f 2175/1448/2175 2196/1443/2196 1026/1446/1026
f 1014/1435/1014 2172/1452/2172 2181/708/2181
f 2168/1450/2168 991/657/991 992/1415/992
f 2170/1451/2170 2179/707/2179 1009/1434/1009
f 2172/1452/2172 993/647/993 994/649/994
f 1013/686/1013 2183/706/2183 2172/709/2172
f 2179/707/2179 2170/1451/2170 995/660/995
f 2181/708/2181 2170/1451/2170 1012/676/1012
f 2183/706/2183 992/1415/992 993/1422/993
f 1009/1434/1009 2179/707/2179 2168/1450/2168
f 2170/1451/2170 2181/708/2181 994/649/994
f 1020/1419/1020 2166/1456/2166 2187/1453/2187
f 2168/1450/2168 2179/707/2179 996/1408/996
f 1015/1412/1015 1018/1417/1018 2164/1454/2164
f 2166/1456/2166 986/1400/986 987/1402/987
f 1019/1420/1019 1016/1413/1016 2162/1457/2162
f 2185/1455/2185 2164/1454/2164 988/1405/988
f 1019/1420/1019 2189/1458/2189 2166/1456/2166
f 2189/1458/2189 2162/1457/2162 990/1403/990
f 1017/1459/1017 2187/1460/2187 2164/1454/2164
f 2189/1458/2189 985/1394/985 986/1400/986
f 1016/1413/1016 1015/1412/1015 2185/1455/2185
f 2187/1460/2187 987/1404/987 988/1405/988
f 1023/704/1023 1026/1446/1026 2178/721/2178
f 2162/1457/2162 2185/1455/2185 989/1397/989
f 1024/1444/1024 2176/1463/2176 2191/1461/2191
f 2178/721/2178 998/672/998 999/1430/999
f 1025/698/1025 1022/691/1022 2174/722/2174
f 2176/1463/2176 1000/1432/1000 1001/1425/1001
f 1026/1446/1026 1025/698/1025 2195/1462/2195
f 2195/1462/2195 2174/722/2174 1002/677/1002
f 1023/1464/1023 2193/3059/2193 2176/1463/2176
f 2178/721/2178 2195/1462/2195 997/1423/997
f 1021/1449/1021 2191/1461/2191 2174/722/2174
f 2176/1463/2176 2193/3059/2193 999/1465/999
f 1031/1375/1031 1028/1368/1028 2144/1466/2144
f 2191/1461/2191 1001/1425/1001 1002/677/1002
f 1032/1468/1032 2148/1473/2148 2199/1469/2199
f 2201/1467/2201 2144/1466/2144 967/1470/967
f 1030/1373/1030 2146/1475/2146 2197/1472/2197
f 2148/1473/2148 969/1344/969 970/735/970
f 1032/1376/1032 1031/1375/1031 2201/1467/2201
f 2146/1475/2146 971/1477/971 972/1476/972
f 1029/1380/1029 2199/1469/2199 2146/1475/2146
f 2148/1474/2148 2201/1467/2201 968/1471/968
f 1028/1368/1028 1027/1367/1027 2197/1472/2197
f 2199/1469/2199 970/735/970 971/1477/971
f 4/120/4 1/17/1 1326/16/1326
f 2144/1466/2144 2197/1472/2197 972/1476/972
f 1042/1176/1042 1041/1273/1041 2205/1177/2205
f 2203/1179/2203 1075/1191/1075 1078/1180/1078
f 1040/1181/1040 1039/1186/1039 2207/1182/2207
f 2205/1177/2205 1076/1184/1076 1079/1185/1079
f 1039/1186/1039 1044/1175/1044 2242/1174/2242
f 2244/1183/2244 2207/1182/2207 1077/1187/1077
f 1042/1176/1042 2243/1178/2243 2203/1179/2203
f 2207/1182/2207 2242/1174/2242 1078/1180/1078
f 1041/1189/1041 1040/1181/1040 2244/1183/2244
f 2243/1178/2243 1079/1185/1079 1075/1191/1075
f 1045/546/1045 1050/560/1050 2209/1192/2209
f 2205/1190/2205 2244/1183/2244 1080/1188/1080
f 1048/550/1048 2211/1199/2211 2224/1195/2224
f 2222/1193/2222 2209/1192/2209 1057/1196/1057
f 1046/555/1046 2213/1201/2213 2226/1198/2226
f 2211/1199/2211 1059/1205/1059 1060/1200/1060
f 1049/552/1049 2224/1195/2224 2209/1192/2209
f 2213/1201/2213 1061/1206/1061 1062/1202/1062
f 1048/550/1048 1047/577/1047 2226/1203/2226
f 2224/1195/2224 1060/1200/1060 1057/1196/1057
f 1046/555/1046 1045/546/1045 2222/1193/2222
f 2211/1199/2211 2226/1203/2226 1062/1204/1062
f 1055/566/1055 2215/573/2215 2216/567/2216
f 2213/1201/2213 2222/1193/2222 1058/1197/1058
f 1053/570/1053 2217/3050/2217 2218/571/2218
f 2215/573/2215 1049/552/1049 1050/560/1050
f 1052/574/1052 1051/578/1051 2219/575/2219
f 2218/571/2218 2217/3050/2217 1047/577/1047
f 1051/578/1051 1056/568/1056 2216/567/2216
f 2220/576/2220 2219/575/2219 1045/546/1045
f 1054/572/1054 2218/571/2218 2215/573/2215
f 2219/575/2219 2216/567/2216 1050/560/1050
f 1053/579/1053 1052/574/1052 2220/576/2220
f 2218/571/2218 1048/550/1048 1049/552/1049
f 2245/1207/2245 2225/1209/2225 1061/1206/1061
f 2220/576/2220 1046/555/1046 1047/557/1047
f 2247/1208/2247 2223/1213/2223 1059/1205/1059
f 2225/1209/2225 2245/1207/2245 1081/1210/1081
f 1060/1200/1060 2246/1217/2246 2221/1212/2221
f 2223/1213/2223 2247/1208/2247 1083/1214/1083
f 1061/1206/1061 2225/1209/2225 2247/1216/2247
f 2246/1217/2246 1082/1220/1082 1084/1218/1084
f 1059/1205/1059 2223/1213/2223 2246/1217/2246
f 2247/1216/2247 2225/1209/2225 1086/1211/1086
f 2221/1212/2221 2245/1207/2245 1058/1197/1058
f 2223/1213/2223 1085/1215/1085 1082/1220/1082
f 1068/1221/1068 2235/1480/2235 2229/1478/2229
f 2245/1207/2245 2221/1212/2221 1084/1218/1084
f 1066/1223/1066 2234/1484/2234 2227/1479/2227
f 2235/1480/2235 1071/1488/1071 1073/1481/1073
f 1067/1228/1067 1064/1236/1064 2233/1482/2233
f 2234/1484/2234 1070/1490/1070 1072/1485/1072
f 1068/1221/1068 1067/1228/1067 2231/1483/2231
f 2231/1483/2231 2233/1482/2233 1069/1486/1069
f 1065/594/1065 2229/1489/2229 2234/1484/2234
f 2235/1480/2235 2231/1483/2231 1074/1487/1074
f 1064/1236/1064 1063/1225/1063 2227/1479/2227
f 2229/1489/2229 1073/1493/1073 1070/1490/1070
f 1069/1486/1069 1072/1485/1072 2236/1491/2236
f 2233/1482/2233 2227/1479/2227 1072/1485/1072
f 1073/1493/1073 2237/1617/2237 2252/1494/2252
f 2251/1492/2251 2236/1491/2236 1090/1495/1090
f 1074/1487/1074 2238/1500/2238 2253/1497/2253
f 2252/1494/2252 2237/1617/2237 1091/1498/1091
f 1074/1487/1074 1069/1486/1069 2251/1492/2251
f 2238/1500/2238 1092/1502/1092 1089/1501/1089
f 1072/1485/1072 1070/1490/1070 2252/1494/2252
f 2251/1492/2251 1087/1496/1087 1092/1502/1092
f 1071/1488/1071 2253/1497/2253 2237/1503/2237
f 2236/1491/2236 2252/1494/2252 1088/1499/1088
f 1076/1194/1076 1080/1188/1080 2232/1261/2232
f 2253/1497/2253 1089/1501/1089 1091/1504/1091
f 1079/1185/1079 2230/1264/2230 2239/1260/2239
f 2240/1257/2240 2232/1261/2232 1068/1221/1068
f 1077/1187/1077 1078/1180/1078 2228/1262/2228
f 2230/1264/2230 1066/1223/1066 1063/1225/1063
f 1080/1188/1080 1077/1187/1077 2241/1263/2241
f 2241/1263/2241 2228/1262/2228 1064/1236/1064
f 1076/1184/1076 2240/1265/2240 2230/1264/2230
f 2232/1261/2232 2241/1263/2241 1067/1228/1067
f 1075/1191/1075 2239/1260/2239 2228/1262/2228
f 2240/1265/2240 1065/594/1065 1066/1223/1066
f 1081/1210/1081 1084/1218/1084 2248/1268/2248
f 2239/1260/2239 1063/1225/1063 1064/1236/1064
f 1085/1215/1085 2249/1271/2249 2212/1267/2212
f 2210/1266/2210 2248/1268/2248 1044/1175/1044
f 1083/1219/1083 1086/1211/1086 2250/1269/2250
f 2249/1271/2249 1042/1176/1042 1043/1173/1043
f 1082/1220/1082 2212/1267/2212 2248/1268/2248
f 2214/1270/2214 2250/1269/2250 1040/1181/1040
f 1085/1215/1085 1083/1214/1083 2214/1272/2214
f 2212/1267/2212 1043/1173/1043 1044/1175/1044
f 1086/1211/1086 1081/1210/1081 2210/1266/2210
f 2249/1271/2249 2214/1272/2214 1041/1273/1041
f 1091/1504/1091 1089/1501/1089 2208/1505/2208
f 2250/1269/2250 2210/1266/2210 1039/1186/1039
f 1090/1495/1090 1088/1499/1088 2206/1507/2206
f 2255/1506/2255 2208/1505/2208 1034/1252/1034
f 1087/1496/1087 2204/1245/2204 2256/1508/2256
f 2254/1243/2254 2206/1507/2206 1036/1250/1036
f 1092/1502/1092 2256/1508/2256 2208/1505/2208
f 2204/1245/2204 1038/1244/1038 1033/1254/1033
f 1088/1499/1088 1091/1498/1091 2255/1509/2255
f 2256/1508/2256 1033/1254/1033 1034/1252/1034
f 1090/1495/1090 2254/1243/2254 2204/1245/2204
f 2206/1507/2206 2255/1509/2255 1035/1249/1035
f 1223/1173/1223 2365/1179/2365 2404/1174/2404
f 2254/1243/2254 1037/1256/1037 1038/1244/1038
f 1101/997/1101 2292/1514/2292 2259/1510/2259
f 2257/1171/2257 2290/1170/2290 1132/1511/1132
f 1099/1002/1099 1104/992/1104 2257/1171/2257
f 2292/1514/2292 1134/1531/1134 1131/1515/1131
f 1103/1005/1103 1102/999/1102 2259/1510/2259
f 2288/1513/2288 2257/1171/2257 1129/1512/1129
f 1100/989/1100 2261/1518/2261 2292/1517/2292
f 2290/1170/2290 2259/1510/2259 1131/1515/1131
f 1099/1002/1099 2288/1513/2288 2261/1518/2261
f 2261/1518/2261 1133/1520/1133 1134/1519/1134
f 1110/1010/1110 1109/1008/1109 2263/1024/2263
f 2288/1513/2288 1130/1516/1130 1133/1520/1133
f 1108/1012/1108 1107/1057/1107 2265/1013/2265
f 2294/1009/2294 2263/1024/2263 1135/1015/1135
f 1105/1017/1105 2267/1022/2267 2298/1018/2298
f 2296/1014/2296 2265/1013/2265 1137/1020/1137
f 1110/1010/1110 2294/1009/2294 2267/1022/2267
f 2267/1022/2267 1139/1025/1139 1140/1023/1140
f 1109/1008/1109 1108/1012/1108 2296/1014/2296
f 2294/1009/2294 1136/1016/1136 1139/1025/1139
f 1106/1019/1106 2298/1018/2298 2265/1027/2265
f 2263/1024/2263 2296/1014/2296 1138/1021/1138
f 1111/230/1111 1116/243/1116 2269/231/2269
f 2298/1018/2298 1140/1023/1140 1137/1028/1137
f 1114/233/1114 2271/247/2271 2284/234/2284
f 2269/231/2269 1123/236/1123 1124/237/1124
f 1113/240/1113 1112/238/1112 2273/244/2273
f 2271/247/2271 1125/241/1125 1126/242/1126
f 1115/235/1115 2284/234/2284 2269/231/2269
f 2286/239/2286 2273/244/2273 1127/252/1127
f 1114/233/1114 1113/246/1113 2286/248/2286
f 2284/234/2284 1126/242/1126 1123/236/1123
f 1112/238/1112 1111/230/1111 2282/232/2282
f 2271/247/2271 2286/248/2286 1128/265/1128
f 1121/249/1121 2275/256/2275 2276/250/2276
f 2273/244/2273 2282/232/2282 1124/237/1124
f 1119/253/1119 2277/260/2277 2278/254/2278
f 2275/256/2275 1115/235/1115 1116/243/1116
f 1118/257/1118 1117/261/1117 2279/258/2279
f 2278/254/2278 2277/260/2277 1113/246/1113
f 1117/261/1117 1122/251/1122 2276/250/2276
f 2280/259/2280 2279/258/2279 1111/230/1111
f 1120/255/1120 2278/254/2278 2275/256/2275
f 2279/258/2279 2276/250/2276 1116/243/1116
f 1119/262/1119 1118/257/1118 2280/259/2280
f 2278/254/2278 1114/233/1114 1115/235/1115
f 1124/237/1124 2299/267/2299 2285/264/2285
f 2277/263/2277 2280/259/2280 1112/238/1112
f 2301/270/2301 2283/266/2283 1125/241/1125
f 2299/267/2299 1141/279/1141 1146/268/1146
f 1126/242/1126 2300/269/2300 2281/273/2281
f 2283/266/2283 2301/270/2301 1143/320/1143
f 2285/264/2285 2301/272/2301 1128/245/1128
f 2300/269/2300 1142/274/1142 1144/275/1144
f 2283/266/2283 2300/269/2300 1126/242/1126
f 2301/272/2301 2285/264/2285 1146/268/1146
f 1123/236/1123 2281/273/2281 2299/267/2299
f 2300/269/2300 2283/266/2283 1145/271/1145
f 1130/1516/1130 2314/1529/2314 2291/1521/2291
f 2281/273/2281 1144/275/1144 1141/279/1141
f 1133/1520/1133 2291/1521/2291 2316/1522/2316
f 2291/1521/2291 2314/1529/2314 1156/1523/1156
f 1132/1511/1132 1131/1515/1131 2289/1525/2289
f 2291/1521/2291 1155/1524/1155 1158/1527/1158
f 1130/1516/1130 1129/1512/1129 2287/1528/2287
f 2289/1525/2289 1154/1534/1154 1157/1530/1157
f 1134/1531/1134 2316/1533/2316 2289/1525/2289
f 2314/1529/2314 2287/1528/2287 1153/1532/1153
f 1129/1512/1129 1132/1511/1132 2315/1526/2315
f 2316/1533/2316 1158/1551/1158 1154/1534/1154
f 1140/1023/1140 2268/1032/2268 2295/1029/2295
f 2287/1528/2287 2315/1526/2315 1157/1530/1157
f 1135/1015/1135 1138/1021/1138 2266/1030/2266
f 2268/1032/2268 1100/989/1100 1101/1007/1101
f 1136/1016/1136 2264/1034/2264 2297/1033/2297
f 2293/1031/2293 2266/1030/2266 1102/999/1102
f 1139/1025/1139 2297/1033/2297 2268/1032/2268
f 2264/1034/2264 1104/992/1104 1099/1002/1099
f 1138/1021/1138 1137/1020/1137 2295/1035/2295
f 2297/1033/2297 1099/1002/1099 1100/989/1100
f 1136/1016/1136 1135/1015/1135 2293/1031/2293
f 2295/1035/2295 1101/997/1101 1102/999/1102
f 1144/275/1144 2302/1053/2302 2270/1050/2270
f 2264/1034/2264 2293/1031/2293 1103/1005/1103
f 1142/274/1142 1145/271/1145 2303/1051/2303
f 2302/1053/2302 1110/1010/1110 1105/1017/1105
f 1143/276/1143 1146/268/1146 2304/1054/2304
f 2272/1052/2272 2303/1051/2303 1108/1012/1108
f 1144/275/1144 1142/274/1142 2272/1052/2272
f 2304/1054/2304 1106/1019/1106 1107/1026/1107
f 1145/271/1145 1143/320/1143 2274/1056/2274
f 2302/1053/2302 2272/1052/2272 1109/1008/1109
f 1141/279/1141 2270/1050/2270 2304/1054/2304
f 2303/1051/2303 2274/1056/2274 1107/1057/1107
f 1148/1535/1148 2260/1541/2260 2308/1536/2308
f 2270/1050/2270 1105/1017/1105 1106/1019/1106
f 1149/1538/1149 2262/1544/2262 2309/1539/2309
f 2260/1541/2260 1097/291/1097 1098/289/1098
f 1147/1542/1147 1150/1537/1150 2308/1536/2308
f 2262/1544/2262 1095/3047/1095 1096/286/1096
f 1151/1540/1151 2309/1539/2309 2260/1541/2260
f 2258/1543/2258 2308/1536/2308 1098/289/1098
f 1149/1545/1149 1152/1548/1152 2310/1546/2310
f 2309/1539/2309 1096/286/1096 1097/291/1097
f 1152/1548/1152 1147/1542/1147 2258/1543/2258
f 2262/1547/2262 2310/1546/2310 1094/283/1094
f 1153/1532/1153 1157/1530/1157 2306/1549/2306
f 2310/1546/2310 2258/1543/2258 1093/282/1093
f 1158/1551/1158 2307/1554/2307 2312/1552/2312
f 2311/1550/2311 2306/1549/2306 1148/1535/1148
f 1156/1523/1156 1153/1532/1153 2311/1550/2311
f 2307/1554/2307 1149/1538/1149 1151/1540/1151
f 1154/1534/1154 2312/1552/2312 2306/1549/2306
f 2305/1553/2305 2311/1550/2311 1150/1537/1150
f 1155/1524/1155 2313/1556/2313 2307/1555/2307
f 2312/1552/2312 1151/1540/1151 1148/1535/1148
f 1155/1524/1155 1156/1523/1156 2305/1553/2305
f 2307/1555/2307 2313/1556/2313 1152/1548/1152
f 2313/1556/2313 2305/1553/2305 1147/1542/1147
f 1165/1557/1165 2352/1565/2352 2319/1558/2319
f 2327/1560/2327 1206/1581/1206 1201/1561/1201
f 1166/1562/1166 1169/1567/1169 2350/1563/2350
f 2352/1565/2352 1200/1576/1200 1196/1566/1196
f 1169/1567/1169 1170/1571/1170 2317/1568/2317
f 2321/1564/2321 2350/1563/2350 1198/1569/1198
f 1170/1571/1170 1167/1587/1167 2351/1572/2351
f 2350/1563/2350 2317/1568/2317 1195/1573/1195
f 1166/1562/1166 2321/1564/2321 2352/1565/2352
f 2317/1568/2317 2351/1572/2351 1199/1574/1199
f 1171/1121/1171 1176/1589/1176 2354/1575/2354
f 2321/1564/2321 1197/1570/1197 1200/1576/1200
f 1175/1577/1175 1174/1592/1174 2355/1578/2355
f 2327/1560/2327 2354/1575/2354 1202/1580/1202
f 1172/1123/1172 2353/1122/2353 2325/1582/2325
f 2323/1579/2323 2355/1578/2355 1203/1584/1203
f 1168/1586/1168 2319/1590/2319 2351/1572/2351
f 2353/1122/2353 1201/1561/1201 1205/1588/1205
f 1176/1589/1176 1175/1577/1175 2323/1579/2323
f 2319/1590/2319 1196/1595/1196 1199/1574/1199
f 1173/1591/1173 2325/1593/2325 2355/1578/2355
f 2354/1575/2354 2323/1579/2323 1204/1585/1204
f 1177/59/1177 1182/72/1182 2329/60/2329
f 2325/1593/2325 1205/1602/1205 1203/1584/1203
f 1180/63/1180 2331/70/2331 2344/64/2344
f 2342/61/2342 2329/60/2329 1189/76/1189
f 1178/67/1178 2333/77/2333 2346/68/2346
f 2344/64/2344 2331/70/2331 1191/79/1191
f 1182/72/1182 1181/65/1181 2344/64/2344
f 2333/77/2333 1193/73/1193 1194/74/1194
f 1180/63/1180 1179/90/1179 2346/75/2346
f 2329/60/2329 2344/64/2344 1192/71/1192
f 1178/67/1178 1177/59/1177 2342/61/2342
f 2331/70/2331 2346/75/2346 1194/78/1194
f 1187/80/1187 2335/86/2335 2336/81/2336
f 2342/61/2342 1190/66/1190 1193/73/1193
f 1185/83/1185 2337/1594/2337 2338/84/2338
f 2335/86/2335 1181/65/1181 1182/72/1182
f 1184/87/1184 1183/91/1183 2339/88/2339
f 2337/1594/2337 1179/90/1179 1180/63/1180
f 1183/91/1183 1188/82/1188 2336/81/2336
f 2340/89/2340 2339/88/2339 1177/59/1177
f 1186/85/1186 2338/84/2338 2335/86/2335
f 2339/88/2339 2336/81/2336 1182/72/1182
f 1185/92/1185 1184/87/1184 2340/89/2340
f 2338/84/2338 1180/63/1180 1181/65/1181
f 1190/66/1190 2359/96/2359 2345/94/2345
f 2340/89/2340 1178/67/1178 1179/69/1179
f 1194/78/1194 2361/95/2361 2343/99/2343
f 2359/96/2359 1207/108/1207 1212/97/1212
f 2360/102/2360 2341/98/2341 1189/76/1189
f 2361/95/2361 1209/100/1209 1211/101/1211
f 1193/73/1193 2345/94/2345 2361/104/2361
f 2341/98/2341 2360/102/2360 1208/106/1208
f 2343/99/2343 2360/102/2360 1192/71/1192
f 2345/94/2345 1212/97/1212 1209/105/1209
f 2341/98/2341 2359/96/2359 1190/66/1190
f 2360/102/2360 2343/99/2343 1211/101/1211
f 1196/1595/1196 2348/3060/2348 2326/1596/2326
f 2359/96/2359 2341/98/2341 1210/103/1210
f 1197/1570/1197 2349/1599/2349 2328/1597/2328
f 2326/1596/2326 2348/3060/2348 1161/1115/1161
f 1195/1573/1195 1199/1574/1199 2326/1596/2326
f 2349/1599/2349 1159/466/1159 1160/467/1160
f 1198/1569/1198 1195/1573/1195 2347/1598/2347
f 2347/1598/2347 2326/1596/2326 1162/1116/1162
f 1198/1569/1198 2324/1600/2324 2349/1599/2349
f 2324/1600/2324 2347/1598/2347 1163/475/1163
f 1200/1576/1200 2328/1597/2328 2348/1601/2348
f 2324/1600/2324 1164/473/1164 1159/466/1159
f 1205/1602/1205 2357/1606/2357 2322/1603/2322
f 2348/1601/2348 2328/1597/2328 1160/467/1160
f 1202/1580/1202 1204/1585/1204 2356/1604/2356
f 2357/1606/2357 1168/1586/1168 1167/1587/1167
f 1201/1561/1201 2318/1608/2318 2357/1607/2357
f 2320/1605/2320 2356/1604/2356 1170/1571/1170
f 1204/1585/1204 1203/1584/1203 2322/1603/2322
f 2318/1608/2318 1165/1557/1165 1168/1559/1168
f 1206/1581/1206 1202/1580/1202 2320/1605/2320
f 2322/1603/2322 1167/1587/1167 1170/1571/1170
f 1206/1581/1206 2358/1609/2358 2318/1608/2318
f 2358/1609/2358 2320/1605/2320 1169/1567/1169
f 1210/103/1210 2362/1613/2362 2330/1610/2330
f 2318/1608/2318 2358/1609/2358 1166/1562/1166
f 1208/106/1208 1211/101/1211 2363/1611/2363
f 2362/1613/2362 1176/1589/1176 1171/1121/1171
f 1212/97/1212 2364/1615/2364 2334/1614/2334
f 2332/1612/2332 2363/1611/2363 1174/1592/1174
f 1210/103/1210 1208/106/1208 2332/1612/2332
f 2364/1615/2364 1172/1123/1172 1173/1583/1173
f 1209/100/1209 2334/1616/2334 2363/1611/2363
f 2362/1613/2362 2332/1612/2332 1175/1577/1175
f 1207/108/1207 2330/1610/2330 2364/1615/2364
f 2334/1616/2334 1173/1591/1173 1174/1592/1174
f 282/490/282 1519/482/1519 1520/484/1520
f 2330/1610/2330 1171/1121/1171 1172/1123/1172
f 1222/1176/1222 1221/1273/1221 2367/1177/2367
f 2365/1179/2365 1255/1191/1255 1258/1180/1258
f 1220/1181/1220 1219/1186/1219 2369/1182/2369
f 2367/1177/2367 1256/1184/1256 1259/1185/1259
f 1219/1186/1219 1224/1175/1224 2404/1174/2404
f 2406/1183/2406 2369/1182/2369 1257/1187/1257
f 1222/1176/1222 2405/1178/2405 2365/1179/2365
f 2369/1182/2369 2404/1174/2404 1258/1180/1258
f 1221/1189/1221 1220/1181/1220 2406/1183/2406
f 2405/1178/2405 1259/1185/1259 1255/1191/1255
f 1225/546/1225 1230/560/1230 2371/1192/2371
f 2367/1190/2367 2406/1183/2406 1260/1188/1260
f 1228/550/1228 2373/1199/2373 2386/1195/2386
f 2384/1193/2384 2371/1192/2371 1237/1196/1237
f 1226/555/1226 2375/1201/2375 2388/1198/2388
f 2373/1199/2373 1239/1205/1239 1240/1200/1240
f 1229/552/1229 2386/1195/2386 2371/1192/2371
f 2375/1201/2375 1241/1206/1241 1242/1202/1242
f 1228/550/1228 1227/577/1227 2388/1203/2388
f 2386/1195/2386 1240/1200/1240 1237/1196/1237
f 1226/555/1226 1225/546/1225 2384/1193/2384
f 2373/1199/2373 2388/1203/2388 1242/1204/1242
f 1235/566/1235 2377/573/2377 2378/567/2378
f 2375/1201/2375 2384/1193/2384 1238/1197/1238
f 1233/570/1233 2379/3050/2379 2380/571/2380
f 2377/573/2377 1229/552/1229 1230/560/1230
f 1232/574/1232 1231/578/1231 2381/575/2381
f 2380/571/2380 2379/3050/2379 1227/577/1227
f 1231/578/1231 1236/568/1236 2378/567/2378
f 2382/576/2382 2381/575/2381 1225/546/1225
f 1234/572/1234 2380/571/2380 2377/573/2377
f 2381/575/2381 2378/567/2378 1230/560/1230
f 1233/579/1233 1232/574/1232 2382/576/2382
f 2380/571/2380 1228/550/1228 1229/552/1229
f 2407/1207/2407 2387/1209/2387 1241/1206/1241
f 2382/576/2382 1226/555/1226 1227/557/1227
f 2409/1208/2409 2385/1213/2385 1239/1205/1239
f 2387/1209/2387 2407/1207/2407 1261/1210/1261
f 1240/1200/1240 2408/1217/2408 2383/1212/2383
f 2385/1213/2385 2409/1208/2409 1263/1214/1263
f 1241/1206/1241 2387/1209/2387 2409/1216/2409
f 2408/1217/2408 1262/1220/1262 1264/1218/1264
f 1239/1205/1239 2385/1213/2385 2408/1217/2408
f 2409/1216/2409 2387/1209/2387 1266/1211/1266
f 2383/1212/2383 2407/1207/2407 1238/1197/1238
f 2385/1213/2385 1265/1215/1265 1262/1220/1262
f 1245/549/1245 1248/1221/1248 2397/1480/2397
f 2407/1207/2407 2383/1212/2383 1264/1218/1264
f 1246/1223/1246 2396/1484/2396 2389/1479/2389
f 2391/1478/2391 2397/1480/2397 1251/1488/1251
f 1247/1228/1247 1244/1236/1244 2395/1482/2395
f 2396/1484/2396 1250/1490/1250 1252/1485/1252
f 1248/1221/1248 1247/1228/1247 2393/1483/2393
f 2393/1483/2393 2395/1482/2395 1249/1486/1249
f 1245/594/1245 2391/1489/2391 2396/1484/2396
f 2397/1480/2397 2393/1483/2393 1254/1487/1254
f 1243/1225/1243 2389/1479/2389 2395/1482/2395
f 2391/1489/2391 1253/1493/1253 1250/1490/1250
f 1249/1486/1249 1252/1485/1252 2398/1491/2398
f 2395/1482/2395 2389/1479/2389 1252/1485/1252
f 1250/1490/1250 1253/1493/1253 2399/1617/2399
f 2413/1492/2413 2398/1491/2398 1270/1495/1270
f 1254/1487/1254 2400/1500/2400 2415/1497/2415
f 2399/1617/2399 1271/1498/1271 1268/1499/1268
f 1254/1487/1254 1249/1486/1249 2413/1492/2413
f 2400/1500/2400 1272/1502/1272 1269/1501/1269
f 1252/1485/1252 1250/1490/1250 2414/1494/2414
f 2400/1500/2400 2413/1492/2413 1267/1496/1267
f 1253/1481/1253 1251/1488/1251 2415/1497/2415
f 2398/1491/2398 2414/1494/2414 1268/1499/1268
f 1256/1194/1256 1260/1188/1260 2394/1261/2394
f 2415/1497/2415 1269/1501/1269 1271/1504/1271
f 1259/1185/1259 2392/1264/2392 2401/1260/2401
f 2402/1257/2402 2394/1261/2394 1248/1221/1248
f 1257/1187/1257 1258/1180/1258 2390/1262/2390
f 2392/1264/2392 1246/1223/1246 1243/1225/1243
f 1260/1188/1260 1257/1187/1257 2403/1263/2403
f 2403/1263/2403 2390/1262/2390 1244/1236/1244
f 1256/1184/1256 2402/1265/2402 2392/1264/2392
f 2394/1261/2394 2403/1263/2403 1247/1228/1247
f 1255/1191/1255 2401/1260/2401 2390/1262/2390
f 2402/1265/2402 1245/594/1245 1246/1223/1246
f 1261/1210/1261 1264/1218/1264 2410/1268/2410
f 2401/1260/2401 1243/1225/1243 1244/1236/1244
f 1265/1215/1265 2411/1271/2411 2374/1267/2374
f 2372/1266/2372 2410/1268/2410 1224/1175/1224
f 1263/1219/1263 1266/1211/1266 2412/1269/2412
f 2411/1271/2411 1222/1176/1222 1223/1173/1223
f 1262/1220/1262 2374/1267/2374 2410/1268/2410
f 2376/1270/2376 2412/1269/2412 1220/1181/1220
f 1265/1215/1265 1263/1214/1263 2376/1272/2376
f 2374/1267/2374 1223/1173/1223 1224/1175/1224
f 1266/1211/1266 1261/1210/1261 2372/1266/2372
f 2411/1271/2411 2376/1272/2376 1221/1273/1221
f 1269/1501/1269 2370/1505/2370 2417/1506/2417
f 2412/1269/2412 2372/1266/2372 1219/1186/1219
f 1270/1495/1270 1268/1499/1268 2368/1507/2368
f 2370/1505/2370 1214/1252/1214 1215/1259/1215
f 1272/1502/1272 1267/1496/1267 2366/1245/2366
f 2416/1243/2416 2368/1507/2368 1216/1250/1216
f 1272/1502/1272 2418/1508/2418 2370/1505/2370
f 2366/1245/2366 1218/1244/1218 1213/1254/1213
f 1271/1498/1271 2417/1509/2417 2368/1507/2368
f 2418/1508/2418 1213/1254/1213 1214/1252/1214
f 1267/1496/1267 1270/1495/1270 2416/1243/2416
f 2417/1509/2417 1215/1249/1215 1216/1250/1216
f 79/303/79 84/175/84 1339/174/1339
f 2366/1245/2366 2416/1243/2416 1217/1256/1217
f 331/626/331 336/607/336 1567/608/1567
f 2040/1247/2040 2421/1253/2421 2423/1258/2423
f 2038/1242/2038 2420/1248/2420 2422/1243/2422
f 2070/1246/2070 2036/1240/2036 2419/1245/2419
f 2040/1247/2040 2070/1246/2070 2424/1251/2424
f 2069/1618/2069 2423/3055/2423 2420/1248/2420
f 2036/1240/2036 2068/1239/2068 2422/1243/2422
f 2425/1619/2425 2428/1624/2428 2430/1620/2430
f 2431/1622/2431 2428/1624/2428 2425/1619/2425
f 2428/1624/2428 2429/3061/2429 2443/1625/2443
f 2433/1626/2433 2429/3061/2429 2428/1624/2428
f 2432/1627/2432 2431/1622/2431 2427/1623/2427
f 2434/1629/2434 2433/1626/2433 2431/1622/2431
f 2436/1630/2436 2435/1633/2435 2433/1631/2433
f 2435/1633/2435 2438/1637/2438 2429/1634/2429
f 2579/1635/2579 2437/1636/2437 2435/1633/2435
f 2437/1636/2437 2439/1701/2439 2438/1637/2438
f 2429/1634/2429 2438/1637/2438 2440/1638/2440
f 2438/1637/2438 2439/1701/2439 2441/1640/2441
f 2440/1638/2440 2441/1640/2441 2490/1641/2490
f 2440/1638/2440 2442/1642/2442 2444/1643/2444
f 2443/1625/2443 2444/3062/2444 2446/1644/2446
f 2445/1645/2445 2444/2938/2444 2442/1646/2442
f 2448/1648/2448 2446/1653/2446 2444/1649/2444
f 2426/1621/2426 2430/1620/2430 2446/1644/2446
f 2449/1652/2449 2447/1651/2447 2446/1653/2446
f 2449/1652/2449 2448/1648/2448 2450/1654/2450
f 2448/1648/2448 2445/1650/2445 2451/1656/2451
f 2456/1657/2456 2453/1659/2453 2450/1658/2450
f 2453/1659/2453 2455/1663/2455 2452/1660/2452
f 2457/1661/2457 2454/1662/2454 2453/1659/2453
f 2454/1662/2454 2581/1815/2581 2455/1663/2455
f 2458/1664/2458 2456/1657/2456 2451/1656/2451
f 2459/1666/2459 2457/1661/2457 2456/1657/2456
f 2463/1667/2463 2459/1666/2459 2458/1664/2458
f 2461/1668/2461 2458/1664/2458 2460/1665/2460
f 2464/1670/2464 2461/1668/2461 2462/1669/2462
f 2465/1672/2465 2463/1667/2463 2461/1668/2461
f 2469/1673/2469 2465/1672/2465 2464/1670/2464
f 2467/1674/2467 2464/1670/2464 2466/1671/2466
f 2468/1676/2468 2471/1680/2471 2470/1677/2470
f 2467/1678/2467 2470/1677/2470 2473/1679/2473
f 2471/1680/2471 2475/1684/2475 2472/1681/2472
f 2470/1677/2470 2472/1681/2472 2474/1682/2474
f 2478/1683/2478 2476/1686/2476 2475/1684/2475
f 2480/1685/2480 2477/1692/2477 2476/1686/2476
f 2479/1687/2479 2478/1683/2478 2471/1680/2471
f 2481/1688/2481 2480/1685/2480 2478/1683/2478
f 2485/1689/2485 2482/1691/2482 2480/1690/2480
f 2482/1691/2482 2484/1725/2484 2477/1692/2477
f 2486/1693/2486 2483/1695/2483 2482/1691/2482
f 2502/1694/2502 2484/1725/2484 2482/1691/2482
f 2488/1696/2488 2486/2939/2486 2485/1697/2485
f 2487/1698/2487 2485/1697/2485 2481/1699/2481
f 2439/1701/2439 2488/1696/2488 2487/1698/2487
f 2441/1640/2441 2487/1698/2487 2489/1700/2489
f 2490/1702/2490 2489/1705/2489 2491/1703/2491
f 2489/1705/2489 2481/3063/2481 2479/1706/2479
f 2492/1704/2492 2491/1703/2491 2466/1671/2466
f 2491/1703/2491 2479/1706/2479 2468/1708/2468
f 2442/1646/2442 2490/1702/2490 2492/1704/2492
f 2493/1647/2493 2492/1704/2492 2462/1707/2462
f 2445/1645/2445 2493/1647/2493 2460/1709/2460
f 2494/1711/2494 2488/1696/2488 2439/1701/2439
f 2496/1712/2496 2486/2939/2486 2488/1696/2488
f 2495/1713/2495 2494/1711/2494 2437/1636/2437
f 2497/1714/2497 2496/1712/2496 2494/1711/2494
f 2499/1715/2499 2498/1717/2498 2496/1716/2496
f 2498/1717/2498 2483/1695/2483 2486/1693/2486
f 2501/1718/2501 2500/1719/2500 2498/1717/2498
f 2500/1719/2500 2502/1694/2502 2483/1695/2483
f 2504/1720/2504 2503/1721/2503 2500/1719/2500
f 2503/1721/2503 2506/1724/2506 2502/1694/2502
f 2512/1722/2512 2505/1723/2505 2503/1721/2503
f 2505/1723/2505 2507/2940/2507 2506/1724/2506
f 2506/1724/2506 2508/1727/2508 2484/1725/2484
f 2506/1724/2506 2507/2940/2507 2509/1726/2509
f 2508/1727/2508 2509/1726/2509 2511/1728/2511
f 2508/1727/2508 2510/1729/2510 2477/1692/2477
f 2499/1730/2499 2515/1732/2515 2513/1731/2513
f 2515/1732/2515 2517/1735/2517 2514/1733/2514
f 2497/1714/2497 2516/1734/2516 2515/1732/2515
f 2516/1734/2516 2518/1737/2518 2517/1735/2517
f 2517/1735/2517 2519/1738/2519 2522/1736/2522
f 2518/1737/2518 2520/1739/2520 2519/1738/2519
f 2520/1739/2520 2524/1743/2524 2521/1740/2521
f 2519/1738/2519 2521/1740/2521 2523/1741/2523
f 2527/1742/2527 2525/1746/2525 2524/1743/2524
f 2529/1745/2529 2526/1751/2526 2525/1746/2525
f 2528/1747/2528 2527/1742/2527 2520/1744/2520
f 2530/1749/2530 2529/1745/2529 2527/1742/2527
f 2531/1750/2531 2534/1755/2534 2526/1751/2526
f 2532/1752/2532 2531/1750/2531 2529/1745/2529
f 2576/1753/2576 2533/1754/2533 2531/1750/2531
f 2533/1754/2533 2535/1757/2535 2534/1755/2534
f 2533/1754/2533 2538/1758/2538 2536/1756/2536
f 2538/1758/2538 2540/1761/2540 2537/1759/2537
f 2576/1753/2576 2539/1760/2539 2538/1758/2538
f 2539/1760/2539 2541/1764/2541 2540/1761/2540
f 2542/1762/2542 2545/1767/2545 2537/1759/2537
f 2543/1763/2543 2542/1762/2542 2540/1761/2540
f 2568/1765/2568 2544/1766/2544 2542/1762/2542
f 2544/1766/2544 2546/1769/2546 2545/1767/2545
f 2549/1768/2549 2547/1771/2547 2546/1769/2546
f 2549/1768/2549 2551/2899/2551 2548/1770/2548
f 2550/1772/2550 2549/1768/2549 2544/1766/2544
f 2552/1773/2552 2551/2899/2551 2549/1768/2549
f 2551/1774/2551 2553/1780/2553 2556/1775/2556
f 2554/1777/2554 2553/1780/2553 2551/1774/2551
f 2558/1779/2558 2555/3064/2555 2553/1780/2553
f 2553/1780/2553 2555/3064/2555 2557/1781/2557
f 2559/1782/2559 2558/1779/2558 2554/1777/2554
f 2560/1784/2560 2559/1782/2559 2561/1783/2561
f 2562/1785/2562 2561/1783/2561 2563/1786/2563
f 2561/1783/2561 2554/1777/2554 2552/1778/2552
f 2563/1788/2563 2552/1773/2552 2550/1772/2550
f 2564/1787/2564 2563/1788/2563 2565/1789/2565
f 2566/1790/2566 2565/1789/2565 2567/1791/2567
f 2565/1789/2565 2550/1772/2550 2568/1765/2568
f 2567/1793/2567 2568/3065/2568 2543/1794/2543
f 2569/1792/2569 2567/1793/2567 2570/1795/2570
f 2571/1796/2571 2570/1795/2570 2572/1797/2572
f 2570/1795/2570 2543/1794/2543 2541/1798/2541
f 2541/1799/2541 2539/1802/2539 2574/1800/2574
f 2572/1801/2572 2574/1800/2574 2432/1627/2432
f 2539/1802/2539 2576/3066/2576 2575/1803/2575
f 2574/1800/2574 2575/1803/2575 2434/1804/2434
f 2575/1803/2575 2576/3067/2576 2532/1805/2532
f 2434/1807/2434 2575/1803/2575 2577/1806/2577
f 2577/1806/2577 2532/1805/2532 2530/1749/2530
f 2436/1808/2436 2577/1806/2577 2578/1809/2578
f 2578/1809/2578 2530/1749/2530 2528/1810/2528
f 2579/1635/2579 2578/1809/2578 2580/1811/2580
f 2580/1811/2580 2528/1810/2528 2518/1748/2518
f 2495/1812/2495 2580/1811/2580 2516/1813/2516
f 2455/1663/2455 2582/1816/2582 2585/1814/2585
f 2581/1815/2581 2583/1817/2583 2582/1816/2582
f 2583/1817/2583 2621/1860/2621 2584/1818/2584
f 2582/1816/2582 2584/1818/2584 2586/1819/2586
f 2585/1820/2585 2586/2914/2586 2588/1821/2588
f 2452/1655/2452 2585/1820/2585 2587/1822/2587
f 2587/1822/2587 2588/1821/2588 2590/1823/2590
f 2449/1652/2449 2587/1822/2587 2589/1824/2589
f 2588/1825/2588 2593/1828/2593 2591/1826/2591
f 2593/1828/2593 2595/1831/2595 2592/1829/2592
f 2586/1819/2586 2594/1830/2594 2593/1828/2593
f 2594/1830/2594 2596/1833/2596 2595/1831/2595
f 2595/1831/2595 2597/1834/2597 2600/1832/2600
f 2596/1833/2596 2598/1835/2598 2597/1834/2597
f 2598/1835/2598 2613/1853/2613 2599/1836/2599
f 2597/1834/2597 2599/1836/2599 2601/1837/2601
f 2599/1838/2599 2604/1841/2604 2602/1839/2602
f 2604/1841/2604 2606/1845/2606 2603/1842/2603
f 2613/1843/2613 2605/1844/2605 2604/1841/2604
f 2605/1844/2605 2607/1847/2607 2606/1845/2606
f 2610/1846/2610 2608/3068/2608 2607/1847/2607
f 2609/1848/2609 2608/3068/2608 2610/1846/2610
f 2611/1849/2611 2610/1846/2610 2612/1850/2612
f 2612/1850/2612 2610/1846/2610 2605/1844/2605
f 2615/1852/2615 2612/1850/2612 2613/1853/2613
f 2614/1854/2614 2612/1850/2612 2615/1852/2615
f 2616/1855/2616 2615/1852/2615 2617/1856/2617
f 2617/1856/2617 2615/1852/2615 2598/1835/2598
f 2619/1858/2619 2617/1856/2617 2596/1833/2596
f 2620/1859/2620 2618/1857/2618 2617/1856/2617
f 2621/1860/2621 2620/1859/2620 2619/1858/2619
f 2584/1818/2584 2619/1858/2619 2594/1830/2594
f 2627/1861/2627 2623/1869/2623 2622/1862/2622
f 2623/1864/2623 2642/1887/2642 2624/1865/2624
f 2628/1866/2628 2627/1861/2627 2625/1863/2625
f 2628/1866/2628 2630/2935/2630 2629/1868/2629
f 2629/1868/2629 2631/1872/2631 2623/1869/2623
f 2629/1868/2629 2630/2088/2630 2633/1870/2633
f 2631/1872/2631 2629/1868/2629 2632/1871/2632
f 2632/1871/2632 2633/1870/2633 2807/1874/2807
f 2635/1873/2635 2632/1871/2632 2634/1875/2634
f 2635/1877/2635 2637/1881/2637 2640/1878/2640
f 2636/1880/2636 2638/1882/2638 2637/1881/2637
f 2638/1882/2638 2653/1905/2653 2639/1883/2639
f 2637/1881/2637 2639/1883/2639 2641/1884/2641
f 2640/1885/2640 2641/1884/2641 2643/1886/2643
f 2631/1888/2631 2640/1885/2640 2642/1887/2642
f 2642/1887/2642 2643/1886/2643 2644/1889/2644
f 2645/1890/2645 2643/1894/2643 2641/1891/2641
f 2647/1893/2647 2644/1889/2644 2643/1894/2643
f 2684/1895/2684 2647/1893/2647 2645/1890/2645
f 2646/1896/2646 2645/1890/2645 2648/1892/2648
f 2648/1898/2648 2641/1884/2641 2639/1899/2639
f 2649/1901/2649 2648/1898/2648 2650/1900/2650
f 2654/1903/2654 2651/1902/2651 2650/1900/2650
f 2652/1904/2652 2650/1900/2650 2639/1899/2639
f 2655/1906/2655 2652/1904/2652 2653/1905/2653
f 2656/1908/2656 2654/1903/2654 2652/1904/2652
f 2660/1909/2660 2656/1908/2656 2655/1906/2655
f 2658/1910/2658 2655/1906/2655 2657/1907/2657
f 2661/1912/2661 2658/1915/2658 2659/1911/2659
f 2662/1914/2662 2660/1924/2660 2658/1915/2658
f 2666/1916/2666 2662/1914/2662 2661/1912/2661
f 2664/1917/2664 2661/1912/2661 2663/1913/2663
f 2667/1919/2667 2669/1921/2669 2662/1914/2662
f 2668/1920/2668 2670/1922/2670 2669/1921/2669
f 2670/1922/2670 2672/1926/2672 2671/1923/2671
f 2669/1921/2669 2671/1923/2671 2660/1924/2660
f 2671/1925/2671 2673/1927/2673 2656/1908/2656
f 2672/1926/2672 2674/1928/2674 2673/1927/2673
f 2674/1928/2674 2676/1930/2676 2675/1929/2675
f 2673/1927/2673 2675/1929/2675 2654/1903/2654
f 2675/1929/2675 2677/1931/2677 2651/1902/2651
f 2676/1930/2676 2678/1932/2678 2677/1931/2677
f 2678/1932/2678 2680/1936/2680 2679/1933/2679
f 2679/1933/2679 2649/1901/2649 2651/1902/2651
f 2681/1934/2681 2646/1939/2646 2649/1901/2649
f 2682/1935/2682 2681/1934/2681 2679/1933/2679
f 2685/1937/2685 2683/1938/2683 2681/1934/2681
f 2683/1938/2683 2684/1941/2684 2646/1939/2646
f 2686/1940/2686 2689/1945/2689 2684/1941/2684
f 2687/1942/2687 2686/1940/2686 2683/1938/2683
f 2687/1942/2687 2715/1966/2715 2688/1943/2688
f 2686/1940/2686 2688/1943/2688 2690/1944/2690
f 2689/1946/2689 2691/1952/2691 2647/1947/2647
f 2692/1949/2692 2691/1952/2691 2689/1946/2689
f 2694/1951/2694 2693/1953/2693 2691/1952/2691
f 2693/1953/2693 2644/1889/2644 2647/1947/2647
f 2695/1954/2695 2694/3069/2694 2692/1955/2692
f 2696/1957/2696 2695/1954/2695 2697/1956/2697
f 2698/1958/2698 2697/1956/2697 2699/1959/2699
f 2697/1956/2697 2692/1955/2692 2690/1950/2690
f 2688/1943/2688 2701/1962/2701 2699/1961/2699
f 2701/1962/2701 2703/1965/2703 2700/1963/2700
f 2702/1964/2702 2704/3070/2704 2703/1965/2703
f 2715/1966/2715 2702/1964/2702 2701/1962/2701
f 2703/1967/2703 2705/1972/2705 2708/1968/2708
f 2706/1969/2706 2705/1972/2705 2703/1967/2703
f 2714/1971/2714 2707/1973/2707 2705/1972/2705
f 2707/1973/2707 2709/1977/2709 2708/1968/2708
f 2710/1974/2710 2698/1980/2698 2700/1963/2700
f 2711/1976/2711 2710/1974/2710 2708/1975/2708
f 2713/1978/2713 2712/1979/2712 2710/1974/2710
f 2712/1979/2712 2696/3071/2696 2698/1980/2698
f 2663/1913/2663 2719/1985/2719 2717/1981/2717
f 2665/1918/2665 2717/1981/2717 2720/1982/2720
f 2717/1981/2717 2718/2941/2718 2721/1984/2721
f 2719/1985/2719 2817/2104/2817 2718/1986/2718
f 2724/1987/2724 2716/1983/2716 2720/1982/2720
f 2722/1988/2722 2720/1982/2720 2721/1984/2721
f 2725/1990/2725 2723/3072/2723 2721/1984/2721
f 2726/1992/2726 2725/1990/2725 2727/1991/2727
f 2727/1991/2727 2721/1984/2721 2718/1994/2718
f 2729/1993/2729 2727/1991/2727 2728/1995/2728
f 2732/1997/2732 2730/1996/2730 2731/1998/2731
f 2731/1998/2731 2730/1996/2730 2728/2000/2728
f 2733/2002/2733 2732/1997/2732 2734/1999/2734
f 2734/1999/2734 2731/1998/2731 2810/2004/2810
f 2736/2003/2736 2734/1999/2734 2735/2005/2735
f 2739/2007/2739 2733/2002/2733 2736/2003/2736
f 2738/2008/2738 2736/2003/2736 2737/2006/2737
f 2742/2010/2742 2739/2007/2739 2738/2008/2738
f 2741/2011/2741 2738/2008/2738 2740/2009/2740
f 2746/2013/2746 2744/2017/2744 2743/2014/2743
f 2748/2016/2748 2745/2022/2745 2744/2017/2744
f 2749/2018/2749 2748/2016/2748 2746/2013/2746
f 2747/2019/2747 2746/2013/2746 2740/2015/2740
f 2749/2018/2749 2751/2023/2751 2750/2020/2750
f 2748/2016/2748 2750/2020/2750 2753/2021/2753
f 2751/2023/2751 2804/2031/2804 2752/2024/2752
f 2750/2020/2750 2752/2024/2752 2754/2025/2754
f 2757/2026/2757 2755/2028/2755 2754/2025/2754
f 2759/2027/2759 2756/2034/2756 2755/2028/2755
f 2760/2029/2760 2759/2027/2759 2757/2026/2757
f 2758/2030/2758 2757/2026/2757 2752/2024/2752
f 2762/2032/2762 2761/2033/2761 2759/2027/2759
f 2761/2033/2761 2764/2037/2764 2756/2034/2756
f 2798/2035/2798 2763/2036/2763 2761/2033/2761
f 2763/2036/2763 2765/2039/2765 2764/2037/2764
f 2768/2038/2768 2766/2041/2766 2765/2039/2765
f 2770/2040/2770 2767/2046/2767 2766/2041/2766
f 2771/2042/2771 2770/2040/2770 2768/2038/2768
f 2769/2043/2769 2768/2038/2768 2763/2036/2763
f 2773/2044/2773 2772/2045/2772 2770/2040/2770
f 2772/2045/2772 2775/2049/2775 2767/2046/2767
f 2788/2047/2788 2774/2048/2774 2772/2045/2772
f 2774/2048/2774 2776/3073/2776 2775/2049/2775
f 2779/2050/2779 2777/2054/2777 2776/2051/2776
f 2779/2050/2779 2781/2936/2781 2778/2053/2778
f 2782/2055/2782 2781/2936/2781 2779/2050/2779
f 2780/2056/2780 2779/2050/2779 2774/2052/2774
f 2783/2058/2783 2782/2055/2782 2780/2056/2780
f 2784/2060/2784 2783/2058/2783 2785/2059/2785
f 2786/2061/2786 2785/2059/2785 2787/2062/2787
f 2785/2059/2785 2780/2056/2780 2788/2057/2788
f 2787/2064/2787 2788/2047/2788 2773/2044/2773
f 2789/2066/2789 2787/2064/2787 2790/2065/2790
f 2791/2067/2791 2790/2065/2790 2792/2068/2792
f 2790/2065/2790 2773/2044/2773 2771/2042/2771
f 2793/2069/2793 2792/2068/2792 2794/2070/2794
f 2792/2068/2792 2771/2042/2771 2769/2043/2769
f 2795/2071/2795 2794/2070/2794 2796/2072/2796
f 2794/2070/2794 2769/2043/2769 2798/2035/2798
f 2797/2074/2797 2796/2077/2796 2799/2075/2799
f 2796/2077/2796 2798/3074/2798 2762/2078/2762
f 2800/2076/2800 2799/2075/2799 2801/2079/2801
f 2799/2075/2799 2762/2078/2762 2760/2080/2760
f 2801/2079/2801 2760/2029/2760 2758/2081/2758
f 2801/2079/2801 2802/2082/2802 2628/2083/2628
f 2758/2081/2758 2804/2031/2804 2803/2084/2803
f 2802/2082/2802 2803/2084/2803 2630/2085/2630
f 2804/2031/2804 2751/2023/2751 2805/2086/2805
f 2803/2087/2803 2805/2086/2805 2633/1870/2633
f 2751/2023/2751 2749/2018/2749 2806/2089/2806
f 2805/2086/2805 2806/2089/2806 2807/1874/2807
f 2806/2089/2806 2749/2018/2749 2747/2090/2747
f 2807/1874/2807 2806/2089/2806 2808/2091/2808
f 2808/2091/2808 2747/2090/2747 2737/2006/2737
f 2809/2092/2809 2808/2091/2808 2735/2005/2735
f 2810/2093/2810 2812/2097/2812 2811/2094/2811
f 2809/2095/2809 2811/2094/2811 2634/2096/2634
f 2812/2097/2812 2814/2100/2814 2813/2098/2813
f 2811/2094/2811 2813/2098/2813 2636/1880/2636
f 2813/2098/2813 2815/2101/2815 2638/2099/2638
f 2814/2100/2814 2816/2102/2816 2815/2101/2815
f 2816/2102/2816 2659/2937/2659 2657/1907/2657
f 2815/2101/2815 2657/1907/2657 2653/1905/2653
f 2816/2103/2816 2814/2106/2814 2817/2104/2817
f 2659/2105/2659 2816/2103/2816 2719/1985/2719
f 2814/2106/2814 2812/2107/2812 2818/2001/2818
f 2817/2104/2817 2818/2001/2818 2728/2000/2728
f 2812/2107/2812 2810/2942/2810 2731/1998/2731
f 2819/2108/2819 2823/2118/2823 2826/2109/2826
f 2820/2111/2820 2833/2124/2833 2822/2112/2822
f 2825/2114/2825 2823/2118/2823 2819/2108/2819
f 2819/2113/2819 2822/2112/2822 2924/2116/2924
f 2824/2117/2824 2827/3075/2827 2826/2109/2826
f 2939/2119/2939 2824/2117/2824 2823/2118/2823
f 2826/2109/2826 2827/3075/2827 2829/2120/2829
f 2820/2110/2820 2826/2109/2826 2828/2121/2828
f 2820/2111/2820 2830/2122/2830 2831/2123/2831
f 2833/2124/2833 2831/2123/2831 2832/2125/2832
f 2833/2124/2833 2834/2126/2834 2835/2127/2835
f 2836/2128/2836 2835/2127/2835 2837/2129/2837
f 2822/2112/2822 2835/2127/2835 2836/2128/2836
f 2839/2130/2839 2837/2129/2837 2838/2131/2838
f 2842/2133/2842 2836/2128/2836 2839/2130/2839
f 2841/2134/2841 2839/2130/2839 2840/2132/2840
f 2845/2136/2845 2842/2231/2842 2841/2137/2841
f 2844/2138/2844 2841/2137/2841 2843/2139/2843
f 2848/2141/2848 2845/2136/2845 2844/2138/2844
f 2847/2142/2847 2844/2138/2844 2846/2140/2846
f 2851/2144/2851 2848/2141/2848 2847/2142/2847
f 2850/2145/2850 2847/2142/2847 2849/2143/2849
f 2854/2147/2854 2851/2144/2851 2850/2145/2850
f 2853/2148/2853 2850/2145/2850 2852/2146/2852
f 2854/2150/2854 2853/3045/2853 2856/2151/2856
f 2856/2151/2856 2853/3045/2853 2855/2153/2855
f 2857/2152/2857 2856/2151/2856 2859/2155/2859
f 2859/2155/2859 2856/2151/2856 2858/2154/2858
f 2860/2158/2860 2863/2162/2863 2862/2159/2862
f 2859/2160/2859 2862/2159/2862 2865/2161/2865
f 2863/2162/2863 2889/3076/2889 2864/2163/2864
f 2862/2159/2862 2864/2163/2864 2866/2164/2866
f 2864/2163/2864 2869/2167/2869 2867/2165/2867
f 2869/2167/2869 2871/2171/2871 2868/2168/2868
f 2889/2169/2889 2870/2170/2870 2869/2167/2869
f 2870/2170/2870 2872/2191/2872 2871/2171/2871
f 2872/2172/2872 2874/2177/2874 2873/2173/2873
f 2871/2174/2871 2873/2173/2873 2876/2175/2876
f 2874/2177/2874 2878/2181/2878 2875/2178/2875
f 2873/2173/2873 2875/2178/2875 2877/2179/2877
f 2881/2180/2881 2879/2183/2879 2878/2181/2878
f 2881/2180/2881 2883/3077/2883 2880/2182/2880
f 2884/2184/2884 2883/3077/2883 2881/2180/2881
f 2882/2185/2882 2881/2180/2881 2874/2177/2874
f 2885/2186/2885 2884/2184/2884 2882/2187/2882
f 2886/2189/2886 2885/2186/2885 2887/2188/2887
f 2888/2190/2888 2887/2188/2887 2870/2170/2870
f 2887/2188/2887 2882/2187/2882 2872/2191/2872
f 2892/2192/2892 2886/2189/2886 2888/2190/2888
f 2890/2193/2890 2888/2190/2888 2889/2169/2889
f 2893/2194/2893 2892/2192/2892 2890/2193/2890
f 2891/2195/2891 2890/2193/2890 2863/2162/2863
f 2891/2196/2891 2896/2199/2896 2894/2197/2894
f 2896/2199/2896 2897/2202/2897 2895/2200/2895
f 2858/2201/2858 2855/2149/2855 2897/2202/2897
f 2860/2157/2860 2858/2201/2858 2896/2199/2896
f 2855/2149/2855 2852/2146/2852 2898/2203/2898
f 2897/2202/2897 2898/2203/2898 2900/2204/2900
f 2852/2146/2852 2849/2143/2849 2899/2205/2899
f 2898/2203/2898 2899/2205/2899 2901/2206/2901
f 2899/2205/2899 2904/2208/2904 2902/2207/2902
f 2904/2208/2904 2905/2210/2905 2903/2209/2903
f 2846/2140/2846 2843/2139/2843 2905/2210/2905
f 2849/2143/2849 2846/2140/2846 2904/2208/2904
f 2843/2135/2843 2840/2132/2840 2906/2211/2906
f 2905/2212/2905 2906/2211/2906 2908/2213/2908
f 2840/2132/2840 2838/2131/2838 2907/2215/2907
f 2906/2211/2906 2907/2215/2907 2909/2216/2909
f 2910/2217/2910 2912/2219/2912 2857/2152/2857
f 2911/2218/2911 2913/2220/2913 2912/2219/2912
f 2913/2220/2913 2915/3078/2915 2914/2221/2914
f 2912/2219/2912 2914/2221/2914 2854/2150/2854
f 2915/2222/2915 2917/2225/2917 2916/2223/2916
f 2914/2224/2914 2916/2223/2916 2851/2144/2851
f 2917/2225/2917 2919/2227/2919 2918/2226/2918
f 2916/2223/2916 2918/2226/2918 2848/2141/2848
f 2919/2227/2919 2921/2229/2921 2920/2228/2920
f 2918/2226/2918 2920/2228/2920 2845/2136/2845
f 2921/2229/2921 2923/2234/2923 2922/2230/2922
f 2920/2228/2920 2922/2230/2922 2842/2231/2842
f 2922/2230/2922 2924/2116/2924 2836/2128/2836
f 2923/2232/2923 2821/2115/2821 2924/2116/2924
f 2925/2233/2925 2825/2114/2825 2821/2115/2821
f 2927/2235/2927 2925/2237/2925 2923/2234/2923
f 2929/2236/2929 2926/2244/2926 2925/2237/2925
f 2926/2238/2926 2939/2119/2939 2825/2114/2825
f 2930/2239/2930 2929/2236/2929 2927/2235/2927
f 2928/2240/2928 2927/2235/2927 2921/2229/2921
f 2932/2242/2932 2931/2246/2931 2929/2236/2929
f 2929/2236/2929 2931/2246/2931 2934/2243/2934
f 2932/2242/2932 2951/2263/2951 2933/2245/2933
f 2931/2246/2931 2933/2245/2933 2935/2247/2935
f 2926/2238/2926 2934/2243/2934 2936/2248/2936
f 2934/2243/2934 2935/2257/2935 2937/2249/2937
f 2936/2248/2936 2937/2249/2937 2940/2250/2940
f 2939/2119/2939 2936/2248/2936 2938/2251/2938
f 2937/2249/2937 2943/2253/2943 2941/2252/2941
f 2943/2253/2943 2945/2256/2945 2942/2254/2942
f 2944/2255/2944 2946/3079/2946 2945/2256/2945
f 2935/2257/2935 2944/2255/2944 2943/2253/2943
f 2949/2258/2949 2947/2262/2947 2946/2259/2946
f 2950/2261/2950 2948/2266/2948 2947/2262/2947
f 2951/2263/2951 2950/2261/2950 2949/2258/2949
f 2933/2245/2933 2949/2258/2949 2944/2260/2944
f 2955/2264/2955 2952/2265/2952 2950/2261/2950
f 2952/2265/2952 2954/2268/2954 2948/2266/2948
f 2953/2267/2953 2975/2293/2975 2954/2268/2954
f 2956/2269/2956 2953/2267/2953 2952/2265/2952
f 2957/2270/2957 2955/2264/2955 2951/2263/2951
f 2958/2271/2958 2956/2269/2956 2955/2264/2955
f 2960/2272/2960 2958/2271/2958 2957/2270/2957
f 2957/2270/2957 2932/2242/2932 2930/2239/2930
f 2960/2272/2960 2959/2273/2959 2961/2274/2961
f 2959/2273/2959 2930/2239/2930 2928/2240/2928
f 2962/2275/2962 2961/2274/2961 2917/2225/2917
f 2961/2274/2961 2928/2240/2928 2919/2241/2919
f 2963/2276/2963 2962/2280/2962 2915/2277/2915
f 2963/2276/2963 2965/2282/2965 2960/2279/2960
f 2964/2281/2964 2966/2284/2966 2965/2282/2965
f 2911/2218/2911 2964/2281/2964 2963/2276/2963
f 2968/2283/2968 2967/2287/2967 2965/2282/2965
f 2965/2282/2965 2967/2287/2967 2958/2285/2958
f 2968/2283/2968 2970/3080/2970 2969/2286/2969
f 2967/2287/2967 2969/2286/2969 2956/2288/2956
f 2969/2286/2969 2971/2290/2971 2953/2267/2953
f 2970/2289/2970 2972/2291/2972 2971/2290/2971
f 2972/2291/2972 2974/2295/2974 2973/2292/2973
f 2971/2290/2971 2973/2292/2973 2975/2293/2975
f 2978/2294/2978 2976/2298/2976 2974/2295/2974
f 2980/2297/2980 2977/2302/2977 2976/2298/2976
f 2981/2299/2981 2980/2297/2980 2978/2294/2978
f 2979/2300/2979 2978/2294/2978 2972/2296/2972
f 2982/2301/2982 2985/2306/2985 2977/2302/2977
f 2983/2303/2983 2982/2301/2982 2980/2297/2980
f 2998/2304/2998 2984/2305/2984 2982/2301/2982
f 2984/2305/2984 2986/2308/2986 2985/2306/2985
f 2989/2307/2989 2987/2310/2987 2986/2308/2986
f 2989/2307/2989 2991/3081/2991 2988/2309/2988
f 2992/2311/2992 2991/3081/2991 2989/2307/2989
f 2990/2312/2990 2989/2307/2989 2984/2305/2984
f 2993/2314/2993 2992/2311/2992 2990/2312/2990
f 2994/2316/2994 2993/2314/2993 2995/2315/2995
f 2996/2317/2996 2995/2315/2995 2997/2318/2997
f 2995/2315/2995 2990/2312/2990 2998/2313/2998
f 2997/2320/2997 2998/2304/2998 2983/2303/2983
f 2999/2322/2999 2997/2320/2997 3000/2321/3000
f 3001/2323/3001 3000/2321/3000 3002/2324/3002
f 3000/2321/3000 2983/2303/2983 2981/2299/2981
f 3002/2326/3002 2981/3082/2981 2979/2327/2979
f 3003/2329/3003 3002/2326/3002 3004/2328/3004
f 3005/2330/3005 3004/2328/3004 2968/2331/2968
f 3004/2328/3004 2979/2327/2979 2970/2332/2970
f 3006/1619/3006 3009/2337/3009 3011/2333/3011
f 3012/2335/3012 3009/2337/3009 3006/1619/3006
f 3009/2337/3009 3010/1634/3010 3024/2338/3024
f 3014/2339/3014 3010/1634/3010 3009/2337/3009
f 3013/1627/3013 3012/2335/3012 3008/2336/3008
f 3015/1807/3015 3014/2339/3014 3012/2335/3012
f 3017/2340/3017 3016/1633/3016 3014/2339/3014
f 3016/1633/3016 3019/1637/3019 3010/1634/3010
f 3160/2341/3160 3018/2342/3018 3016/1633/3016
f 3018/2342/3018 3020/2370/3020 3019/1637/3019
f 3019/1637/3019 3021/1638/3021 3024/2338/3024
f 3019/1637/3019 3020/2370/3020 3022/1640/3022
f 3021/1638/3021 3022/1640/3022 3071/1641/3071
f 3021/1638/3021 3023/1646/3023 3025/2343/3025
f 3024/2338/3024 3025/2343/3025 3027/2344/3027
f 3026/2345/3026 3025/2343/3025 3023/1646/3023
f 3029/2346/3029 3027/2344/3027 3025/2343/3025
f 3007/2334/3007 3011/2333/3011 3027/2344/3027
f 3030/2348/3030 3028/2347/3028 3027/2344/3027
f 3030/2348/3030 3029/2346/3029 3031/2349/3031
f 3029/2346/3029 3026/2345/3026 3032/1710/3032
f 3037/2350/3037 3034/2351/3034 3031/2349/3031
f 3034/2351/3034 3036/2354/3036 3033/1660/3033
f 3038/2352/3038 3035/2353/3035 3034/2351/3034
f 3035/2353/3035 3162/1815/3162 3036/2354/3036
f 3039/1664/3039 3037/2350/3037 3032/1710/3032
f 3040/2355/3040 3038/2352/3038 3037/2350/3037
f 3044/1667/3044 3040/2355/3040 3039/1664/3039
f 3042/1668/3042 3039/1664/3039 3041/1665/3041
f 3045/1670/3045 3042/1668/3042 3043/1669/3043
f 3046/2357/3046 3044/1667/3044 3042/1668/3042
f 3050/1673/3050 3046/2357/3046 3045/1670/3045
f 3048/2358/3048 3045/1670/3045 3047/2356/3047
f 3049/2359/3049 3052/1680/3052 3051/1677/3051
f 3048/2358/3048 3051/1677/3051 3054/1679/3054
f 3052/1680/3052 3056/1684/3056 3053/1681/3053
f 3051/1677/3051 3053/1681/3053 3055/1682/3055
f 3059/2360/3059 3057/2362/3057 3056/1684/3056
f 3061/2361/3061 3058/1692/3058 3057/2362/3057
f 3060/1706/3060 3059/2360/3059 3052/1680/3052
f 3062/1688/3062 3061/2361/3061 3059/2360/3059
f 3066/2363/3066 3063/2365/3063 3061/2361/3061
f 3065/2364/3065 3058/1692/3058 3061/2361/3061
f 3067/2366/3067 3064/2367/3064 3063/2365/3063
f 3064/2367/3064 3083/1694/3083 3065/2364/3065
f 3069/1696/3069 3067/2366/3067 3066/2363/3066
f 3068/2368/3068 3066/2363/3066 3062/1688/3062
f 3020/2370/3020 3069/1696/3069 3068/2368/3068
f 3022/1640/3022 3068/2368/3068 3070/2369/3070
f 3071/1641/3071 3070/2369/3070 3072/2371/3072
f 3070/2369/3070 3062/1688/3062 3060/1706/3060
f 3073/1704/3073 3072/2371/3072 3047/2356/3047
f 3072/2371/3072 3060/1706/3060 3049/2359/3049
f 3023/1646/3023 3071/1641/3071 3073/1704/3073
f 3074/1647/3074 3073/1704/3073 3043/1669/3043
f 3026/2345/3026 3074/1647/3074 3041/1665/3041
f 3018/2342/3018 3075/2372/3075 3069/1696/3069
f 3075/2372/3075 3077/1712/3077 3067/2366/3067
f 3076/1812/3076 3075/2372/3075 3018/2342/3018
f 3078/1714/3078 3077/1712/3077 3075/2372/3075
f 3080/1730/3080 3079/2374/3079 3077/1712/3077
f 3077/1712/3077 3079/2374/3079 3064/2367/3064
f 3082/2373/3082 3081/1719/3081 3079/2374/3079
f 3079/2374/3079 3081/1719/3081 3083/1694/3083
f 3085/1720/3085 3084/2375/3084 3081/1719/3081
f 3084/2375/3084 3087/1724/3087 3083/1694/3083
f 3093/2376/3093 3086/1723/3086 3084/2375/3084
f 3086/1723/3086 3088/2940/3088 3087/1724/3087
f 3087/1724/3087 3089/2378/3089 3065/2364/3065
f 3087/1724/3087 3088/2940/3088 3090/2377/3090
f 3089/2378/3089 3090/2377/3090 3092/1728/3092
f 3089/2378/3089 3091/2379/3091 3058/1692/3058
f 3080/1730/3080 3096/2380/3096 3094/1731/3094
f 3096/2380/3096 3098/2383/3098 3095/2381/3095
f 3078/1714/3078 3097/2382/3097 3096/2380/3096
f 3097/2382/3097 3099/1737/3099 3098/2383/3098
f 3098/2383/3098 3100/1738/3100 3103/1736/3103
f 3099/1737/3099 3101/2384/3101 3100/1738/3100
f 3101/2384/3101 3105/1743/3105 3102/1740/3102
f 3100/1738/3100 3102/1740/3102 3104/2385/3104
f 3108/1742/3108 3106/1746/3106 3105/1743/3105
f 3110/2386/3110 3107/1751/3107 3106/1746/3106
f 3109/1810/3109 3108/1742/3108 3101/2384/3101
f 3111/1749/3111 3110/2386/3110 3108/1742/3108
f 3112/2387/3112 3115/1755/3115 3107/1751/3107
f 3113/2388/3113 3112/2387/3112 3110/2386/3110
f 3157/2389/3157 3114/1754/3114 3112/2387/3112
f 3114/1754/3114 3116/2390/3116 3115/1755/3115
f 3119/1758/3119 3117/2392/3117 3116/2390/3116
f 3119/1758/3119 3121/2394/3121 3118/2391/3118
f 3157/2389/3157 3120/2393/3120 3119/1758/3119
f 3120/2393/3120 3122/1799/3122 3121/2394/3121
f 3123/2395/3123 3126/2398/3126 3118/2391/3118
f 3124/2396/3124 3123/2395/3123 3121/2394/3121
f 3149/1765/3149 3125/2397/3125 3123/2395/3123
f 3125/2397/3125 3127/2400/3127 3126/2398/3126
f 3130/2399/3130 3128/2402/3128 3127/2400/3127
f 3132/2401/3132 3129/2404/3129 3128/2402/3128
f 3131/2403/3131 3130/2399/3130 3125/2397/3125
f 3133/1773/3133 3132/2401/3132 3130/2399/3130
f 3134/1780/3134 3137/1775/3137 3129/2404/3129
f 3135/2405/3135 3134/1780/3134 3132/2401/3132
f 3139/1779/3139 3136/3064/3136 3134/1780/3134
f 3134/1780/3134 3136/3064/3136 3138/1781/3138
f 3140/2406/3140 3139/1779/3139 3135/2405/3135
f 3141/1784/3141 3140/2406/3140 3142/2407/3142
f 3143/2408/3143 3142/2407/3142 3144/1788/3144
f 3142/2407/3142 3135/2405/3135 3133/1773/3133
f 3144/1788/3144 3133/1773/3133 3131/2403/3131
f 3145/2409/3145 3144/1788/3144 3146/1789/3146
f 3147/2410/3147 3146/1789/3146 3148/2411/3148
f 3146/1789/3146 3131/2403/3131 3149/1765/3149
f 3148/2411/3148 3149/1765/3149 3124/2396/3124
f 3152/1796/3152 3150/1792/3150 3148/2411/3148
f 3154/1628/3154 3152/1796/3152 3151/2412/3151
f 3151/2412/3151 3124/2396/3124 3122/1799/3122
f 3122/1799/3122 3120/2393/3120 3155/1800/3155
f 3153/2413/3153 3155/1800/3155 3013/1627/3013
f 3120/2393/3120 3157/2389/3157 3156/2414/3156
f 3155/1800/3155 3156/2414/3156 3015/1807/3015
f 3156/2414/3156 3157/2389/3157 3113/2388/3113
f 3015/1807/3015 3156/2414/3156 3158/2415/3158
f 3158/2415/3158 3113/2388/3113 3111/1749/3111
f 3017/2340/3017 3158/2415/3158 3159/2416/3159
f 3159/2416/3159 3111/1749/3111 3109/1810/3109
f 3160/2341/3160 3159/2416/3159 3161/1811/3161
f 3161/1811/3161 3109/1810/3109 3099/1737/3099
f 3076/1812/3076 3161/1811/3161 3097/2382/3097
f 3036/2354/3036 3163/2418/3163 3166/2417/3166
f 3164/1817/3164 3163/2418/3163 3036/2354/3036
f 3202/1860/3202 3165/2439/3165 3163/2418/3163
f 3163/2418/3163 3165/2439/3165 3167/1819/3167
f 3166/2417/3166 3167/1819/3167 3169/2419/3169
f 3033/1660/3033 3166/2417/3166 3168/2420/3168
f 3168/2420/3168 3169/2419/3169 3171/1827/3171
f 3030/2348/3030 3168/2420/3168 3170/1824/3170
f 3169/2419/3169 3174/2422/3174 3172/2421/3172
f 3174/2422/3174 3176/1831/3176 3173/1829/3173
f 3167/1819/3167 3175/2423/3175 3174/2422/3174
f 3175/2423/3175 3177/2425/3177 3176/1831/3176
f 3176/1831/3176 3178/2426/3178 3181/2424/3181
f 3177/2425/3177 3179/1835/3179 3178/2426/3178
f 3179/1835/3179 3194/2430/3194 3180/2427/3180
f 3178/2426/3178 3180/2427/3180 3182/2428/3182
f 3180/2427/3180 3185/2429/3185 3183/1839/3183
f 3185/2429/3185 3187/1845/3187 3184/1842/3184
f 3194/2430/3194 3186/2431/3186 3185/2429/3185
f 3186/2431/3186 3188/2433/3188 3187/1845/3187
f 3191/2432/3191 3189/3083/3189 3188/2433/3188
f 3190/2434/3190 3189/3083/3189 3191/2432/3191
f 3192/1849/3192 3191/2432/3191 3193/2435/3193
f 3193/2435/3193 3191/2432/3191 3186/2431/3186
f 3196/2437/3196 3193/2435/3193 3194/2430/3194
f 3195/2436/3195 3193/2435/3193 3196/2437/3196
f 3197/1855/3197 3196/2437/3196 3198/1856/3198
f 3198/1856/3198 3196/2437/3196 3179/1835/3179
f 3200/2438/3200 3198/1856/3198 3177/2425/3177
f 3199/1857/3199 3198/1856/3198 3200/2438/3200
f 3201/1859/3201 3200/2438/3200 3165/2439/3165
f 3165/2439/3165 3200/2438/3200 3175/2423/3175
f 3207/2440/3207 3239/2487/3239 3204/2441/3204
f 3205/2443/3205 3210/2448/3210 3208/2444/3208
f 3208/2445/3208 3211/2453/3211 3206/2446/3206
f 3206/2446/3206 3226/2471/3226 3207/2447/3207
f 3210/2448/3210 3335/2630/3335 3209/2449/3209
f 3212/2450/3212 3211/2453/3211 3208/2445/3208
f 3215/2452/3215 3213/2454/3213 3211/2453/3211
f 3213/2454/3213 3214/2456/3214 3206/2446/3206
f 3216/2455/3216 3219/2462/3219 3214/2456/3214
f 3217/2458/3217 3216/2455/3216 3213/2457/3213
f 3324/2460/3324 3218/2461/3218 3216/2455/3216
f 3218/2461/3218 3220/2464/3220 3219/2462/3219
f 3219/2462/3219 3221/2465/3221 3224/2463/3224
f 3220/2464/3220 3222/2554/3222 3221/2465/3221
f 3221/2465/3221 3222/2554/3222 3268/2466/3268
f 3221/2465/3221 3223/2467/3223 3225/2468/3225
f 3224/2469/3224 3225/3084/3225 3227/2470/3227
f 3214/2456/3214 3224/2469/3224 3226/2471/3226
f 3226/2471/3226 3227/2470/3227 3228/2472/3228
f 3225/2468/3225 3230/2477/3230 3229/2473/3229
f 3227/2474/3227 3229/2473/3229 3232/2475/3232
f 3230/2477/3230 3263/2517/3263 3231/2478/3231
f 3229/2473/3229 3231/2478/3231 3233/2479/3233
f 3235/2480/3235 3234/2481/3234 3232/2475/3232
f 3234/2481/3234 3237/2485/3237 3228/2482/3228
f 3262/2483/3262 3236/2484/3236 3234/2481/3234
f 3236/2484/3236 3238/2493/3238 3237/2485/3237
f 3238/2486/3238 3240/2490/3240 3239/2487/3239
f 3237/2488/3237 3239/2487/3239 3207/2440/3207
f 3239/2487/3239 3240/2490/3240 3241/2489/3241
f 3240/2490/3240 3242/2494/3242 3245/2491/3245
f 3238/2493/3238 3243/2495/3243 3242/2494/3242
f 3243/2495/3243 3258/2513/3258 3244/2496/3244
f 3242/2494/3242 3244/2496/3244 3246/2497/3246
f 3244/2498/3244 3249/2501/3249 3247/2499/3247
f 3249/2501/3249 3251/2505/3251 3248/2502/3248
f 3258/2503/3258 3250/2504/3250 3249/2501/3249
f 3250/2504/3250 3252/3085/3252 3251/2505/3251
f 3253/2506/3253 3252/3085/3252 3250/2504/3250
f 3254/2508/3254 3253/2506/3253 3255/2507/3255
f 3256/2509/3256 3255/2507/3255 3257/2510/3257
f 3257/2510/3257 3255/2507/3255 3250/2504/3250
f 3260/2512/3260 3257/2932/3257 3258/2513/3258
f 3259/2514/3259 3257/2932/3257 3260/2512/3260
f 3261/2515/3261 3260/2512/3260 3236/2484/3236
f 3260/2512/3260 3243/2495/3243 3238/2493/3238
f 3230/2477/3230 3266/2518/3266 3264/2516/3264
f 3266/2518/3266 3267/2520/3267 3265/2519/3265
f 3225/2468/3225 3223/2467/3223 3266/2518/3266
f 3223/2467/3223 3268/2466/3268 3267/2520/3267
f 3267/2520/3267 3269/2522/3269 3272/2521/3272
f 3268/2466/3268 3270/2523/3270 3269/2522/3269
f 3270/2523/3270 3295/2529/3295 3271/2524/3271
f 3269/2522/3269 3271/2524/3271 3273/2525/3273
f 3271/2524/3271 3276/2527/3276 3274/2526/3274
f 3276/2527/3276 3278/2531/3278 3275/2528/3275
f 3295/2529/3295 3277/2530/3277 3276/2527/3276
f 3277/2530/3277 3279/2547/3279 3278/2531/3278
f 3278/2532/3278 3280/2536/3280 3283/2533/3283
f 3279/2535/3279 3281/2537/3281 3280/2536/3280
f 3281/2537/3281 3285/2541/3285 3282/2538/3282
f 3280/2536/3280 3282/2538/3282 3284/2539/3284
f 3288/2540/3288 3286/2544/3286 3285/2541/3285
f 3289/2543/3289 3287/2566/3287 3286/2544/3286
f 3291/2545/3291 3289/2543/3289 3288/2540/3288
f 3290/2546/3290 3288/2540/3288 3281/2542/3281
f 3292/2548/3292 3290/2546/3290 3279/2547/3279
f 3293/2549/3293 3291/2545/3291 3290/2546/3290
f 3296/2550/3296 3293/2549/3293 3292/2548/3292
f 3294/2551/3294 3292/2548/3292 3277/2530/3277
f 3297/2552/3297 3294/2551/3294 3295/2529/3295
f 3298/2553/3298 3296/2550/3296 3294/2551/3294
f 3298/2553/3298 3297/2552/3297 3222/2554/3222
f 3222/2554/3222 3297/2552/3297 3270/2523/3270
f 3299/2555/3299 3298/2553/3298 3220/2464/3220
f 3301/2556/3301 3296/2550/3296 3298/2553/3298
f 3300/2557/3300 3299/2555/3299 3218/2461/3218
f 3302/2558/3302 3301/2556/3301 3299/2555/3299
f 3303/2559/3303 3293/2549/3293 3296/2550/3296
f 3304/2560/3304 3303/2559/3303 3301/2556/3301
f 3306/2561/3306 3305/2562/3305 3303/2559/3303
f 3303/2559/3303 3305/2562/3305 3291/2545/3291
f 3305/2562/3305 3307/2565/3307 3289/2543/3289
f 3308/2563/3308 3307/2565/3307 3305/2562/3305
f 3310/2564/3310 3309/2933/3309 3307/2565/3307
f 3307/2565/3307 3309/2933/3309 3287/2566/3287
f 3311/2567/3311 3310/3086/3310 3308/2568/3308
f 3312/2570/3312 3311/2567/3311 3313/2569/3313
f 3314/2571/3314 3313/2569/3313 3315/2572/3315
f 3313/2569/3313 3308/2568/3308 3306/2574/3306
f 3315/2572/3315 3306/2561/3306 3304/2560/3304
f 3316/2576/3316 3315/2572/3315 3317/2575/3317
f 3318/2577/3318 3317/2575/3317 3319/2578/3319
f 3317/2575/3317 3304/2560/3304 3302/2558/3302
f 3319/2578/3319 3302/2558/3302 3300/2557/3300
f 3320/2579/3320 3319/2578/3319 3321/2580/3321
f 3322/2581/3322 3321/2580/3321 3323/2582/3323
f 3321/2580/3321 3300/2557/3300 3324/2460/3324
f 3323/2582/3323 3324/2460/3324 3217/2458/3217
f 3325/2583/3325 3323/2582/3323 3326/2584/3326
f 3327/2585/3327 3326/2584/3326 3328/2586/3328
f 3326/2584/3326 3217/2458/3217 3215/2459/3215
f 3328/2586/3328 3215/2459/3215 3212/2588/3212
f 3329/2587/3329 3328/2586/3328 3330/2589/3330
f 3331/2590/3331 3330/2589/3330 3332/2591/3332
f 3330/2589/3330 3212/2588/3212 3209/2593/3209
f 3335/2594/3335 3334/2597/3334 3332/2595/3332
f 3334/2597/3334 3337/2600/3337 3333/2592/3333
f 3361/2598/3361 3336/2599/3336 3334/2597/3334
f 3336/2599/3336 3338/2601/3338 3337/2600/3337
f 3338/2601/3338 3336/2606/3336 3341/2602/3341
f 3339/2603/3339 3341/2602/3341 3343/2604/3343
f 3336/2606/3336 3361/2598/3361 3342/2607/3342
f 3341/2602/3341 3342/2607/3342 3344/2608/3344
f 3343/2609/3343 3344/2620/3344 3346/2610/3346
f 3340/2612/3340 3343/2609/3343 3345/2611/3345
f 3345/2611/3345 3346/2610/3346 3350/2614/3350
f 3345/2611/3345 3347/2615/3347 3349/2616/3349
f 3346/2610/3346 3353/2618/3353 3351/2617/3351
f 3353/2618/3353 3355/2622/3355 3352/2619/3352
f 3344/2620/3344 3354/2621/3354 3353/2618/3353
f 3354/2621/3354 3356/3087/3356 3355/2622/3355
f 3359/2623/3359 3357/2627/3357 3356/2624/3356
f 3360/2626/3360 3358/3088/3358 3357/2627/3357
f 3361/2598/3361 3360/2626/3360 3359/2623/3359
f 3342/2607/3342 3359/2623/3359 3354/2625/3354
f 3358/2628/3358 3360/2629/3360 3210/2448/3210
f 3360/2629/3360 3361/2598/3361 3335/2630/3335
f 3366/2631/3366 3398/2679/3398 3363/2632/3363
f 3364/2634/3364 3369/2639/3369 3367/2635/3367
f 3367/2636/3367 3370/2644/3370 3365/2637/3365
f 3365/2637/3365 3385/2661/3385 3366/2638/3366
f 3369/2639/3369 3504/2834/3504 3368/2640/3368
f 3371/2641/3371 3370/2644/3370 3367/2636/3367
f 3374/2643/3374 3372/2645/3372 3370/2644/3370
f 3372/2645/3372 3373/2662/3373 3365/2637/3365
f 3375/2646/3375 3378/2653/3378 3373/2647/3373
f 3376/2649/3376 3375/2646/3375 3372/2648/3372
f 3494/2651/3494 3377/2652/3377 3375/2646/3375
f 3377/2652/3377 3379/2655/3379 3378/2653/3378
f 3378/2653/3378 3380/2656/3380 3383/2654/3383
f 3379/2655/3379 3381/2657/3381 3380/2656/3380
f 3381/2657/3381 3437/2722/3437 3382/2658/3382
f 3380/2656/3380 3382/2658/3382 3384/2659/3384
f 3383/2654/3383 3384/3089/3384 3386/2660/3386
f 3373/2662/3373 3383/2654/3383 3385/2661/3385
f 3385/2661/3385 3386/2660/3386 3387/2663/3387
f 3384/2659/3384 3389/2668/3389 3388/2664/3388
f 3386/2665/3386 3388/2664/3388 3391/2666/3391
f 3389/2668/3389 3432/2717/3432 3390/2669/3390
f 3388/2664/3388 3390/2669/3390 3392/2670/3392
f 3394/2671/3394 3393/2674/3393 3391/2672/3391
f 3393/2674/3393 3396/2677/3396 3387/2663/3387
f 3431/2675/3431 3395/2676/3395 3393/2674/3393
f 3395/2676/3395 3397/2686/3397 3396/2677/3396
f 3397/2678/3397 3399/2970/3399 3398/2679/3398
f 3396/2680/3396 3398/2679/3398 3366/2631/3366
f 3398/2679/3398 3399/2970/3399 3400/2682/3400
f 3399/2683/3399 3401/2687/3401 3404/2684/3404
f 3397/2686/3397 3402/2688/3402 3401/2687/3401
f 3402/2688/3402 3428/2694/3428 3403/2689/3403
f 3401/2687/3401 3403/2689/3403 3405/2690/3405
f 3403/2689/3403 3408/2692/3408 3406/2691/3406
f 3408/2692/3408 3410/2696/3410 3407/2693/3407
f 3428/2694/3428 3409/2695/3409 3408/2692/3408
f 3409/2695/3409 3411/2699/3411 3410/2696/3410
f 3410/2697/3410 3412/2700/3412 3415/2698/3415
f 3411/2699/3411 3413/2701/3413 3412/2700/3412
f 3413/2701/3413 3417/3090/3417 3414/2702/3414
f 3412/2700/3412 3414/2702/3414 3416/2703/3416
f 3418/2704/3418 3417/3090/3417 3413/2701/3413
f 3419/2706/3419 3418/2704/3418 3420/2705/3420
f 3421/2707/3421 3420/2705/3420 3422/2708/3422
f 3422/2708/3422 3420/2705/3420 3413/2701/3413
f 3424/2710/3424 3422/2934/3422 3411/2699/3411
f 3423/2709/3423 3422/2934/3422 3424/2710/3424
f 3425/2711/3425 3424/2710/3424 3426/2712/3426
f 3426/2712/3426 3424/2710/3424 3409/2695/3409
f 3427/2713/3427 3426/2712/3426 3429/2714/3429
f 3429/2714/3429 3426/2712/3426 3428/2694/3428
f 3430/2715/3430 3429/2714/3429 3395/2676/3395
f 3395/2676/3395 3429/2714/3429 3402/2688/3402
f 3435/2716/3435 3433/2719/3433 3432/2717/3432
f 3435/2716/3435 3436/2720/3436 3434/2718/3434
f 3382/2658/3382 3435/2716/3435 3389/2668/3389
f 3382/2658/3382 3437/2722/3437 3436/2720/3436
f 3436/2720/3436 3438/2723/3438 3441/2721/3441
f 3437/2722/3437 3439/2724/3439 3438/2723/3438
f 3439/2724/3439 3465/2730/3465 3440/2725/3440
f 3438/2723/3438 3440/2725/3440 3442/2726/3442
f 3440/2725/3440 3445/2728/3445 3443/2727/3443
f 3445/2728/3445 3447/2732/3447 3444/2729/3444
f 3465/2730/3465 3446/2731/3446 3445/2728/3445
f 3446/2731/3446 3448/2748/3448 3447/2732/3447
f 3447/2733/3447 3449/2737/3449 3452/2734/3452
f 3448/2736/3448 3450/2738/3450 3449/2737/3449
f 3450/2738/3450 3454/2742/3454 3451/2739/3451
f 3449/2737/3449 3451/2739/3451 3453/2740/3453
f 3457/2741/3457 3455/2745/3455 3454/2742/3454
f 3458/2744/3458 3456/2943/3456 3455/2745/3455
f 3460/2746/3460 3458/2744/3458 3457/2741/3457
f 3459/2747/3459 3457/2741/3457 3450/2743/3450
f 3461/2749/3461 3459/2747/3459 3448/2748/3448
f 3462/2750/3462 3460/2746/3460 3459/2747/3459
f 3462/2750/3462 3461/2749/3461 3463/2751/3463
f 3463/2751/3463 3461/2749/3461 3446/2731/3446
f 3464/2752/3464 3463/2751/3463 3466/2753/3466
f 3466/2753/3466 3463/2751/3463 3465/2730/3465
f 3467/2754/3467 3466/2753/3466 3381/2657/3381
f 3381/2657/3381 3466/2753/3466 3439/2724/3439
f 3468/2755/3468 3467/2754/3467 3379/2655/3379
f 3470/2756/3470 3464/2752/3464 3467/2754/3467
f 3469/2757/3469 3468/2755/3468 3377/2652/3377
f 3471/2758/3471 3470/2756/3470 3468/2755/3468
f 3473/2759/3473 3472/2760/3472 3470/2756/3470
f 3472/2760/3472 3462/2750/3462 3464/2752/3464
f 3475/2761/3475 3474/2762/3474 3472/2760/3472
f 3474/2762/3474 3460/2746/3460 3462/2750/3462
f 3476/2763/3476 3458/2744/3458 3460/2746/3460
f 3477/2764/3477 3476/2763/3476 3474/2762/3474
f 3479/2765/3479 3478/2766/3478 3476/2763/3476
f 3478/2766/3478 3456/2943/3456 3458/2744/3458
f 3480/2767/3480 3479/3017/3479 3477/2768/3477
f 3481/2770/3481 3480/2767/3480 3482/2769/3482
f 3483/2771/3483 3482/2769/3482 3484/2772/3484
f 3482/2769/3482 3477/2768/3477 3475/2774/3475
f 3484/2775/3484 3475/3091/3475 3473/2776/3473
f 3485/2773/3485 3484/2775/3484 3486/2777/3486
f 3486/2777/3486 3473/2776/3473 3471/2779/3471
f 3488/2778/3488 3486/2777/3486 3487/2780/3487
f 3489/2781/3489 3487/2780/3487 3492/2782/3492
f 3490/2783/3490 3492/2782/3492 3493/2784/3493
f 3487/2780/3487 3471/2779/3471 3469/2757/3469
f 3492/2782/3492 3469/2757/3469 3494/2786/3494
f 3493/2787/3493 3494/2651/3494 3376/2649/3376
f 3491/2789/3491 3493/2787/3493 3495/2788/3495
f 3496/2790/3496 3495/2788/3495 3497/2791/3497
f 3495/2788/3495 3376/2649/3376 3374/2650/3374
f 3497/2791/3497 3374/2650/3374 3371/2793/3371
f 3498/2792/3498 3497/2791/3497 3499/2794/3499
f 3500/2795/3500 3499/2794/3499 3501/2796/3501
f 3499/2794/3499 3371/2793/3371 3368/2642/3368
f 3504/2798/3504 3503/2801/3503 3501/2799/3501
f 3503/2801/3503 3506/2805/3506 3502/2802/3502
f 3530/2803/3530 3505/2804/3505 3503/2801/3503
f 3505/2804/3505 3507/2806/3507 3506/2805/3506
f 3507/2806/3507 3505/2811/3505 3510/2807/3510
f 3508/2808/3508 3510/2807/3510 3512/2809/3512
f 3505/2811/3505 3530/2832/3530 3511/2812/3511
f 3510/2807/3510 3511/2812/3511 3513/2813/3513
f 3512/2814/3512 3513/2813/3513 3515/2815/3515
f 3512/2814/3512 3514/2816/3514 3517/2817/3517
f 3514/2816/3514 3515/2815/3515 3519/2819/3519
f 3514/2816/3514 3516/2820/3516 3518/2821/3518
f 3515/2815/3515 3522/2823/3522 3520/2822/3520
f 3522/2823/3522 3524/2826/3524 3521/2824/3521
f 3513/2813/3513 3523/2825/3523 3522/2823/3522
f 3523/2825/3523 3525/3043/3525 3524/2826/3524
f 3528/2827/3528 3526/2831/3526 3525/2828/3525
f 3529/2830/3529 3527/2833/3527 3526/2831/3526
f 3530/2832/3530 3529/2830/3529 3528/2827/3528
f 3511/2812/3511 3528/2827/3528 3523/2829/3523
f 3527/2833/3527 3529/2830/3529 3369/2639/3369
f 3529/2830/3529 3530/2832/3530 3504/2834/3504
f 3531/2835/3531 3534/2838/3534 3536/1620/3536
f 3537/2335/3537 3534/2838/3534 3531/2835/3531
f 3534/2838/3534 3535/2843/3535 3549/2839/3549
f 3539/1626/3539 3535/2843/3535 3534/2838/3534
f 3538/2840/3538 3537/2335/3537 3533/2837/3533
f 3540/2841/3540 3539/1626/3539 3537/2335/3537
f 3542/2340/3542 3541/2842/3541 3539/1626/3539
f 3541/2842/3541 3544/2845/3544 3535/2843/3535
f 3685/2844/3685 3543/1636/3543 3541/2842/3541
f 3543/1636/3543 3545/2370/3545 3544/2845/3544
f 3535/2843/3535 3544/2845/3544 3546/2846/3546
f 3544/2845/3544 3545/2370/3545 3547/1640/3547
f 3546/2846/3546 3547/1640/3547 3596/2847/3596
f 3546/2846/3546 3548/2848/3548 3550/1643/3550
f 3549/2839/3549 3550/1643/3550 3552/2849/3552
f 3551/2850/3551 3550/1643/3550 3548/2848/3548
f 3554/2851/3554 3552/2849/3552 3550/1643/3550
f 3532/2836/3532 3536/1620/3536 3552/2849/3552
f 3555/1652/3555 3553/1651/3553 3552/2849/3552
f 3555/1652/3555 3554/2851/3554 3556/1658/3556
f 3554/2851/3554 3551/2850/3551 3557/1656/3557
f 3562/1657/3562 3559/1659/3559 3556/1658/3556
f 3559/1659/3559 3561/2854/3561 3558/2852/3558
f 3563/1661/3563 3560/2853/3560 3559/1659/3559
f 3560/2853/3560 3687/1815/3687 3561/2854/3561
f 3564/1664/3564 3562/1657/3562 3557/1656/3557
f 3565/2355/3565 3563/1661/3563 3562/1657/3562
f 3569/2855/3569 3565/2355/3565 3564/1664/3564
f 3567/2856/3567 3564/1664/3564 3566/1709/3566
f 3570/1670/3570 3567/2856/3567 3568/1669/3568
f 3571/1672/3571 3569/2855/3569 3567/2856/3567
f 3575/2857/3575 3571/1672/3571 3570/1670/3570
f 3573/2858/3573 3570/1670/3570 3572/1671/3572
f 3574/2859/3574 3577/2860/3577 3576/1677/3576
f 3573/2858/3573 3576/1677/3576 3579/1679/3579
f 3577/2860/3577 3581/2862/3581 3578/2861/3578
f 3576/1677/3576 3578/2861/3578 3580/1682/3580
f 3584/2360/3584 3582/1686/3582 3581/2862/3581
f 3586/2361/3586 3583/2877/3583 3582/1686/3582
f 3585/2863/3585 3584/2360/3584 3577/2860/3577
f 3587/2864/3587 3586/2361/3586 3584/2360/3584
f 3591/2865/3591 3588/2866/3588 3586/2361/3586
f 3590/1725/3590 3583/2877/3583 3586/2361/3586
f 3592/1693/3592 3589/2867/3589 3588/2866/3588
f 3608/1694/3608 3590/1725/3590 3588/2866/3588
f 3594/2868/3594 3592/1693/3592 3591/2865/3591
f 3593/2869/3593 3591/2865/3591 3587/2864/3587
f 3545/2370/3545 3594/2868/3594 3593/2869/3593
f 3547/1640/3547 3593/2869/3593 3595/2870/3595
f 3596/2847/3596 3595/2870/3595 3597/2371/3597
f 3595/2870/3595 3587/2864/3587 3585/2863/3585
f 3598/1704/3598 3597/2371/3597 3572/1671/3572
f 3597/2371/3597 3585/2863/3585 3574/2859/3574
f 3548/2848/3548 3596/2847/3596 3598/1704/3598
f 3599/1647/3599 3598/1704/3598 3568/1669/3568
f 3551/2850/3551 3599/1647/3599 3566/1709/3566
f 3600/2372/3600 3594/2868/3594 3545/2370/3545
f 3602/1712/3602 3592/1693/3592 3594/2868/3594
f 3601/1713/3601 3600/2372/3600 3543/1636/3543
f 3603/2871/3603 3602/1712/3602 3600/2372/3600
f 3605/1715/3605 3604/2872/3604 3602/1712/3602
f 3604/2872/3604 3589/2867/3589 3592/1693/3592
f 3607/1718/3607 3606/2873/3606 3604/2872/3604
f 3606/2873/3606 3608/1694/3608 3589/2867/3589
f 3610/1720/3610 3609/2874/3609 3606/2873/3606
f 3609/2874/3609 3612/1724/3612 3608/1694/3608
f 3618/1722/3618 3611/1723/3611 3609/2874/3609
f 3611/1723/3611 3613/3092/3613 3612/1724/3612
f 3612/1724/3612 3614/2876/3614 3590/1725/3590
f 3612/1724/3612 3613/3092/3613 3615/2875/3615
f 3614/2876/3614 3615/2875/3615 3617/1728/3617
f 3614/2876/3614 3616/1729/3616 3583/2877/3583
f 3605/1715/3605 3621/2878/3621 3619/1731/3619
f 3621/2878/3621 3623/1735/3623 3620/2879/3620
f 3603/2871/3603 3622/2382/3622 3621/2878/3621
f 3622/2382/3622 3624/1748/3624 3623/1735/3623
f 3623/1735/3623 3625/2881/3625 3628/2880/3628
f 3624/1748/3624 3626/2882/3626 3625/2881/3625
f 3626/2882/3626 3630/1743/3630 3627/1740/3627
f 3625/2881/3625 3627/1740/3627 3629/1741/3629
f 3633/1742/3633 3631/2884/3631 3630/1743/3630
f 3635/2883/3635 3632/2888/3632 3631/2884/3631
f 3634/2885/3634 3633/1742/3633 3626/2882/3626
f 3636/2886/3636 3635/2883/3635 3633/1742/3633
f 3637/2887/3637 3640/2892/3640 3632/2888/3632
f 3638/2889/3638 3637/2887/3637 3635/2883/3635
f 3682/2890/3682 3639/2891/3639 3637/2887/3637
f 3639/2891/3639 3641/2893/3641 3640/2892/3640
f 3639/2891/3639 3644/1758/3644 3642/1756/3642
f 3644/1758/3644 3646/1761/3646 3643/2391/3643
f 3682/2890/3682 3645/2894/3645 3644/1758/3644
f 3645/2894/3645 3647/1764/3647 3646/1761/3646
f 3648/2895/3648 3651/1767/3651 3643/2391/3643
f 3649/2896/3649 3648/2895/3648 3646/1761/3646
f 3674/1765/3674 3650/1766/3650 3648/2895/3648
f 3650/1766/3650 3652/2898/3652 3651/1767/3651
f 3655/2897/3655 3653/2900/3653 3652/2898/3652
f 3657/2899/3657 3654/1776/3654 3653/2900/3653
f 3656/2403/3656 3655/2897/3655 3650/1766/3650
f 3658/1778/3658 3657/2899/3657 3655/2897/3655
f 3659/1780/3659 3662/1775/3662 3654/1776/3654
f 3660/2901/3660 3659/1780/3659 3657/2899/3657
f 3664/1779/3664 3661/3064/3661 3659/1780/3659
f 3659/1780/3659 3661/3064/3661 3663/1781/3663
f 3665/1782/3665 3664/1779/3664 3660/2901/3660
f 3666/1784/3666 3665/1782/3665 3667/2902/3667
f 3668/2903/3668 3667/2902/3667 3669/1788/3669
f 3667/2902/3667 3660/2901/3660 3658/1778/3658
f 3669/1788/3669 3658/1778/3658 3656/2403/3656
f 3670/2904/3670 3669/1788/3669 3671/1789/3671
f 3672/2905/3672 3671/1789/3671 3673/2906/3673
f 3671/1789/3671 3656/2403/3656 3674/1765/3674
f 3673/2906/3673 3674/1765/3674 3649/2896/3649
f 3675/2907/3675 3673/2906/3673 3676/2908/3676
f 3677/2909/3677 3676/2908/3676 3678/2413/3678
f 3676/2908/3676 3649/2896/3649 3647/1764/3647
f 3647/1764/3647 3645/2894/3645 3680/1800/3680
f 3678/2413/3678 3680/1800/3680 3538/2840/3538
f 3645/2894/3645 3682/2890/3682 3681/2910/3681
f 3680/1800/3680 3681/2910/3681 3540/2841/3540
f 3681/2910/3681 3682/2890/3682 3638/2889/3638
f 3540/2841/3540 3681/2910/3681 3683/2911/3683
f 3683/2911/3683 3638/2889/3638 3636/2886/3636
f 3542/2340/3542 3683/2911/3683 3684/1809/3684
f 3684/1809/3684 3636/2886/3636 3634/2885/3634
f 3685/2844/3685 3684/1809/3684 3686/1811/3686
f 3686/1811/3686 3634/2885/3634 3624/1748/3624
f 3601/1713/3601 3686/1811/3686 3622/2382/3622
f 3561/2854/3561 3688/1816/3688 3691/1820/3691
f 3687/1815/3687 3689/2912/3689 3688/1816/3688
f 3689/2912/3689 3727/2931/3727 3690/2913/3690
f 3688/1816/3688 3690/2913/3690 3692/2914/3692
f 3691/1820/3691 3692/2914/3692 3694/1825/3694
f 3558/2852/3558 3691/1820/3691 3693/2420/3693
f 3693/2420/3693 3694/1825/3694 3696/2915/3696
f 3555/1652/3555 3693/2420/3693 3695/1824/3695
f 3694/1825/3694 3699/1828/3699 3697/2916/3697
f 3699/1828/3699 3701/2917/3701 3698/1829/3698
f 3692/2914/3692 3700/2423/3700 3699/1828/3699
f 3700/2423/3700 3702/1833/3702 3701/2917/3701
f 3701/2917/3701 3703/2918/3703 3706/1832/3706
f 3702/1833/3702 3704/2919/3704 3703/2918/3703
f 3704/2919/3704 3719/2923/3719 3705/1838/3705
f 3703/2918/3703 3705/1838/3705 3707/2920/3707
f 3705/1838/3705 3710/2922/3710 3708/2921/3708
f 3710/2922/3710 3712/2924/3712 3709/1842/3709
f 3719/2923/3719 3711/2431/3711 3710/2922/3710
f 3711/2431/3711 3713/2925/3713 3712/2924/3712
f 3716/1846/3716 3714/3093/3714 3713/2925/3713
f 3715/1848/3715 3714/3093/3714 3716/1846/3716
f 3717/2926/3717 3716/1846/3716 3718/2927/3718
f 3718/2927/3718 3716/1846/3716 3711/2431/3711
f 3721/2929/3721 3718/2927/3718 3719/2923/3719
f 3720/2928/3720 3718/2927/3718 3721/2929/3721
f 3722/1855/3722 3721/2929/3721 3723/1856/3723
f 3723/1856/3723 3721/2929/3721 3704/2919/3704
f 3725/1858/3725 3723/1856/3723 3702/1833/3702
f 3724/2930/3724 3723/1856/3723 3725/1858/3725
f 3727/2931/3727 3726/1859/3726 3725/1858/3725
f 3690/2913/3690 3725/1858/3725 3700/2423/3700
f 3732/2440/3732 3764/2487/3764 3729/2441/3729
f 3730/2443/3730 3735/2448/3735 3733/2444/3733
f 3733/2445/3733 3736/2453/3736 3731/2446/3731
f 3731/2446/3731 3751/2471/3751 3732/2447/3732
f 3735/2448/3735 3860/2630/3860 3734/2449/3734
f 3737/2450/3737 3736/2453/3736 3733/2445/3733
f 3740/2452/3740 3738/2454/3738 3736/2453/3736
f 3738/2454/3738 3739/2456/3739 3731/2446/3731
f 3741/2455/3741 3744/2462/3744 3739/2456/3739
f 3742/2458/3742 3741/2455/3741 3738/2457/3738
f 3849/2460/3849 3743/2461/3743 3741/2455/3741
f 3743/2461/3743 3745/2464/3745 3744/2462/3744
f 3744/2462/3744 3746/2465/3746 3749/2463/3749
f 3745/2464/3745 3747/2554/3747 3746/2465/3746
f 3746/2465/3746 3747/2554/3747 3793/2466/3793
f 3746/2465/3746 3748/2467/3748 3750/2468/3750
f 3749/2469/3749 3750/3084/3750 3752/2470/3752
f 3739/2456/3739 3749/2469/3749 3751/2471/3751
f 3751/2471/3751 3752/2470/3752 3753/2472/3753
f 3750/2468/3750 3755/2477/3755 3754/2473/3754
f 3752/2474/3752 3754/2473/3754 3757/2475/3757
f 3755/2477/3755 3788/2517/3788 3756/2478/3756
f 3754/2473/3754 3756/2478/3756 3758/2479/3758
f 3760/2480/3760 3759/2481/3759 3757/2475/3757
f 3759/2481/3759 3762/2485/3762 3753/2482/3753
f 3787/2483/3787 3761/2484/3761 3759/2481/3759
f 3761/2484/3761 3763/2493/3763 3762/2485/3762
f 3763/2486/3763 3765/2490/3765 3764/2487/3764
f 3762/2488/3762 3764/2487/3764 3732/2440/3732
f 3764/2487/3764 3765/2490/3765 3766/2489/3766
f 3765/2490/3765 3767/2494/3767 3770/2491/3770
f 3763/2493/3763 3768/2495/3768 3767/2494/3767
f 3768/2495/3768 3783/2513/3783 3769/2496/3769
f 3767/2494/3767 3769/2496/3769 3771/2497/3771
f 3769/2498/3769 3774/2501/3774 3772/2499/3772
f 3774/2501/3774 3776/2505/3776 3773/2502/3773
f 3783/2503/3783 3775/2504/3775 3774/2501/3774
f 3775/2504/3775 3777/3085/3777 3776/2505/3776
f 3778/2506/3778 3777/3085/3777 3775/2504/3775
f 3779/2508/3779 3778/2506/3778 3780/2507/3780
f 3781/2509/3781 3780/2507/3780 3782/2510/3782
f 3780/2507/3780 3775/2504/3775 3783/2503/3783
f 3782/2932/3782 3783/2513/3783 3768/2495/3768
f 3784/2514/3784 3782/2932/3782 3785/2512/3785
f 3786/2515/3786 3785/2512/3785 3761/2484/3761
f 3785/2512/3785 3768/2495/3768 3763/2493/3763
f 3755/2477/3755 3791/2518/3791 3789/2516/3789
f 3791/2518/3791 3792/2520/3792 3790/2519/3790
f 3750/2468/3750 3748/2467/3748 3791/2518/3791
f 3748/2467/3748 3793/2466/3793 3792/2520/3792
f 3792/2520/3792 3794/2522/3794 3797/2521/3797
f 3793/2466/3793 3795/2523/3795 3794/2522/3794
f 3795/2523/3795 3820/2529/3820 3796/2524/3796
f 3794/2522/3794 3796/2524/3796 3798/2525/3798
f 3796/2524/3796 3801/2527/3801 3799/2526/3799
f 3801/2527/3801 3803/2531/3803 3800/2528/3800
f 3820/2529/3820 3802/2530/3802 3801/2527/3801
f 3802/2530/3802 3804/2547/3804 3803/2531/3803
f 3803/2532/3803 3805/2536/3805 3808/2533/3808
f 3804/2535/3804 3806/2537/3806 3805/2536/3805
f 3806/2537/3806 3810/2541/3810 3807/2538/3807
f 3805/2536/3805 3807/2538/3807 3809/2539/3809
f 3813/2540/3813 3811/2544/3811 3810/2541/3810
f 3814/2543/3814 3812/2566/3812 3811/2544/3811
f 3816/2545/3816 3814/2543/3814 3813/2540/3813
f 3815/2546/3815 3813/2540/3813 3806/2542/3806
f 3817/2548/3817 3815/2546/3815 3804/2547/3804
f 3818/2549/3818 3816/2545/3816 3815/2546/3815
f 3821/2550/3821 3818/2549/3818 3817/2548/3817
f 3819/2551/3819 3817/2548/3817 3802/2530/3802
f 3822/2552/3822 3819/2551/3819 3820/2529/3820
f 3823/2553/3823 3821/2550/3821 3819/2551/3819
f 3823/2553/3823 3822/2552/3822 3747/2554/3747
f 3747/2554/3747 3822/2552/3822 3795/2523/3795
f 3824/2555/3824 3823/2553/3823 3745/2464/3745
f 3826/2556/3826 3821/2550/3821 3823/2553/3823
f 3825/2557/3825 3824/2555/3824 3743/2461/3743
f 3827/2558/3827 3826/2556/3826 3824/2555/3824
f 3828/2559/3828 3818/2549/3818 3821/2550/3821
f 3829/2560/3829 3828/2559/3828 3826/2556/3826
f 3831/2561/3831 3830/2562/3830 3828/2559/3828
f 3830/2562/3830 3816/2545/3816 3818/2549/3818
f 3832/2565/3832 3814/2543/3814 3816/2545/3816
f 3833/2563/3833 3832/2565/3832 3830/2562/3830
f 3835/2564/3835 3834/2933/3834 3832/2565/3832
f 3834/2933/3834 3812/2566/3812 3814/2543/3814
f 3836/2567/3836 3835/3086/3835 3833/2568/3833
f 3837/2570/3837 3836/2567/3836 3838/2569/3838
f 3839/2571/3839 3838/2569/3838 3840/2572/3840
f 3838/2569/3838 3833/2568/3833 3831/2574/3831
f 3840/2572/3840 3831/2561/3831 3829/2560/3829
f 3841/2576/3841 3840/2572/3840 3842/2575/3842
f 3843/2577/3843 3842/2575/3842 3844/2578/3844
f 3842/2575/3842 3829/2560/3829 3827/2558/3827
f 3844/2578/3844 3827/2558/3827 3825/2557/3825
f 3845/2579/3845 3844/2578/3844 3846/2580/3846
f 3847/2581/3847 3846/2580/3846 3848/2582/3848
f 3846/2580/3846 3825/2557/3825 3849/2460/3849
f 3848/2582/3848 3849/2460/3849 3742/2458/3742
f 3850/2583/3850 3848/2582/3848 3851/2584/3851
f 3852/2585/3852 3851/2584/3851 3853/2586/3853
f 3851/2584/3851 3742/2458/3742 3740/2459/3740
f 3853/2586/3853 3740/2459/3740 3737/2588/3737
f 3854/2587/3854 3853/2586/3853 3855/2589/3855
f 3856/2590/3856 3855/2589/3855 3857/2591/3857
f 3855/2589/3855 3737/2588/3737 3734/2593/3734
f 3860/2594/3860 3859/2597/3859 3857/2595/3857
f 3859/2597/3859 3862/2600/3862 3858/2592/3858
f 3886/2598/3886 3861/2599/3861 3859/2597/3859
f 3861/2599/3861 3863/2601/3863 3862/2600/3862
f 3863/2601/3863 3861/2606/3861 3866/2602/3866
f 3864/2603/3864 3866/2602/3866 3868/2604/3868
f 3861/2606/3861 3886/2598/3886 3867/2607/3867
f 3866/2602/3866 3867/2607/3867 3869/2608/3869
f 3868/2609/3868 3869/2620/3869 3871/2610/3871
f 3865/2612/3865 3868/2609/3868 3870/2611/3870
f 3870/2611/3870 3871/2610/3871 3875/2614/3875
f 3870/2611/3870 3872/2615/3872 3874/2616/3874
f 3871/2610/3871 3878/2618/3878 3876/2617/3876
f 3878/2618/3878 3880/2622/3880 3877/2619/3877
f 3869/2620/3869 3879/2621/3879 3878/2618/3878
f 3879/2621/3879 3881/3087/3881 3880/2622/3880
f 3884/2623/3884 3882/2627/3882 3881/2624/3881
f 3885/2626/3885 3883/3088/3883 3882/2627/3882
f 3886/2598/3886 3885/2626/3885 3884/2623/3884
f 3867/2607/3867 3884/2623/3884 3879/2625/3879
f 3883/2628/3883 3885/2629/3885 3735/2448/3735
f 3885/2629/3885 3886/2598/3886 3860/2630/3860
f 3891/2631/3891 3923/2679/3923 3888/2632/3888
f 3889/2634/3889 3894/2639/3894 3892/2635/3892
f 3892/2636/3892 3895/2644/3895 3890/2637/3890
f 3890/2637/3890 3910/2661/3910 3891/2638/3891
f 3894/2639/3894 4029/2834/4029 3893/2640/3893
f 3893/2642/3893 3896/2641/3896 3895/2644/3895
f 3896/2641/3896 3899/2643/3899 3897/2645/3897
f 3895/2644/3895 3897/2645/3897 3898/2662/3898
f 3900/2646/3900 3903/2653/3903 3898/2647/3898
f 3899/2650/3899 3901/2649/3901 3900/2646/3900
f 4019/2651/4019 3902/2652/3902 3900/2646/3900
f 3902/2652/3902 3904/2655/3904 3903/2653/3903
f 3903/2653/3903 3905/2656/3905 3908/2654/3908
f 3904/2655/3904 3906/2657/3906 3905/2656/3905
f 3906/2657/3906 3962/2722/3962 3907/2658/3907
f 3905/2656/3905 3907/2658/3907 3909/2659/3909
f 3908/2654/3908 3909/3089/3909 3911/2660/3911
f 3898/2662/3898 3908/2654/3908 3910/2661/3910
f 3910/2661/3910 3911/2660/3911 3912/2663/3912
f 3909/2659/3909 3914/2668/3914 3913/2664/3913
f 3911/2665/3911 3913/2664/3913 3916/2666/3916
f 3914/2668/3914 3957/2717/3957 3915/2669/3915
f 3913/2664/3913 3915/2669/3915 3917/2670/3917
f 3919/2671/3919 3918/2674/3918 3916/2672/3916
f 3918/2674/3918 3921/2677/3921 3912/2663/3912
f 3956/2675/3956 3920/2676/3920 3918/2674/3918
f 3920/2676/3920 3922/2686/3922 3921/2677/3921
f 3922/2678/3922 3924/2970/3924 3923/2679/3923
f 3921/2680/3921 3923/2679/3923 3891/2631/3891
f 3923/2679/3923 3924/2970/3924 3925/2682/3925
f 3924/2683/3924 3926/2687/3926 3929/2684/3929
f 3922/2686/3922 3927/2688/3927 3926/2687/3926
f 3927/2688/3927 3953/2694/3953 3928/2689/3928
f 3926/2687/3926 3928/2689/3928 3930/2690/3930
f 3928/2689/3928 3933/2692/3933 3931/2691/3931
f 3933/2692/3933 3935/2696/3935 3932/2693/3932
f 3953/2694/3953 3934/2695/3934 3933/2692/3933
f 3934/2695/3934 3936/2699/3936 3935/2696/3935
f 3935/2697/3935 3937/2700/3937 3940/2698/3940
f 3936/2699/3936 3938/2701/3938 3937/2700/3937
f 3938/2701/3938 3942/3090/3942 3939/2702/3939
f 3937/2700/3937 3939/2702/3939 3941/2703/3941
f 3943/2704/3943 3942/3090/3942 3938/2701/3938
f 3944/2706/3944 3943/2704/3943 3945/2705/3945
f 3946/2707/3946 3945/2705/3945 3947/2708/3947
f 3945/2705/3945 3938/2701/3938 3936/2699/3936
f 3947/2934/3947 3936/2699/3936 3934/2695/3934
f 3948/2709/3948 3947/2934/3947 3949/2710/3949
f 3950/2711/3950 3949/2710/3949 3951/2712/3951
f 3949/2710/3949 3934/2695/3934 3953/2694/3953
f 3952/2713/3952 3951/2712/3951 3954/2714/3954
f 3951/2712/3951 3953/2694/3953 3927/2688/3927
f 3955/2715/3955 3954/2714/3954 3920/2676/3920
f 3954/2714/3954 3927/2688/3927 3922/2686/3922
f 3960/2716/3960 3958/2719/3958 3957/2717/3957
f 3960/2716/3960 3961/2720/3961 3959/2718/3959
f 3907/2658/3907 3960/2716/3960 3914/2668/3914
f 3907/2658/3907 3962/2722/3962 3961/2720/3961
f 3961/2720/3961 3963/2723/3963 3966/2721/3966
f 3962/2722/3962 3964/2724/3964 3963/2723/3963
f 3964/2724/3964 3990/2730/3990 3965/2725/3965
f 3963/2723/3963 3965/2725/3965 3967/2726/3967
f 3965/2725/3965 3970/2728/3970 3968/2727/3968
f 3970/2728/3970 3972/2732/3972 3969/2729/3969
f 3990/2730/3990 3971/2731/3971 3970/2728/3970
f 3971/2731/3971 3973/2748/3973 3972/2732/3972
f 3972/2733/3972 3974/2737/3974 3977/2734/3977
f 3973/2736/3973 3975/2738/3975 3974/2737/3974
f 3975/2738/3975 3979/2742/3979 3976/2739/3976
f 3974/2737/3974 3976/2739/3976 3978/2740/3978
f 3982/2741/3982 3980/2745/3980 3979/2742/3979
f 3983/2744/3983 3981/2943/3981 3980/2745/3980
f 3985/2746/3985 3983/2744/3983 3982/2741/3982
f 3984/2747/3984 3982/2741/3982 3975/2743/3975
f 3984/2747/3984 3973/2748/3973 3971/2731/3971
f 3985/2746/3985 3984/2747/3984 3986/2749/3986
f 3987/2750/3987 3986/2749/3986 3988/2751/3988
f 3988/2751/3988 3986/2749/3986 3971/2731/3971
f 3989/2752/3989 3988/2751/3988 3991/2753/3991
f 3991/2753/3991 3988/2751/3988 3990/2730/3990
f 3992/2754/3992 3991/2753/3991 3906/2657/3906
f 3906/2657/3906 3991/2753/3991 3964/2724/3964
f 3993/2755/3993 3992/2754/3992 3904/2655/3904
f 3995/2756/3995 3989/2752/3989 3992/2754/3992
f 3994/2757/3994 3993/2755/3993 3902/2652/3902
f 3996/2758/3996 3995/2756/3995 3993/2755/3993
f 3998/2759/3998 3997/2760/3997 3995/2756/3995
f 3997/2760/3997 3987/2750/3987 3989/2752/3989
f 4000/2761/4000 3999/2762/3999 3997/2760/3997
f 3999/2762/3999 3985/2746/3985 3987/2750/3987
f 4001/2763/4001 3983/2744/3983 3985/2746/3985
f 4002/2764/4002 4001/2763/4001 3999/2762/3999
f 4004/2765/4004 4003/2766/4003 4001/2763/4001
f 4003/2766/4003 3981/2943/3981 3983/2744/3983
f 4005/2767/4005 4004/3017/4004 4002/2768/4002
f 4006/2770/4006 4005/2767/4005 4007/2769/4007
f 4008/2771/4008 4007/2769/4007 4009/2772/4009
f 4007/2769/4007 4002/2768/4002 4000/2774/4000
f 4009/2775/4009 4000/3091/4000 3998/2776/3998
f 4010/2773/4010 4009/2775/4009 4011/2777/4011
f 4011/2777/4011 3998/2776/3998 3996/2779/3996
f 4013/2778/4013 4011/2777/4011 4012/2780/4012
f 4014/2781/4014 4012/2780/4012 4017/2782/4017
f 4015/2783/4015 4017/2782/4017 4018/2784/4018
f 4012/2780/4012 3996/2779/3996 3994/2757/3994
f 4017/2782/4017 3994/2757/3994 4019/2786/4019
f 4018/2787/4018 4019/2651/4019 3901/2649/3901
f 4016/2789/4016 4018/2787/4018 4020/2788/4020
f 4021/2790/4021 4020/2788/4020 4022/2791/4022
f 4020/2788/4020 3901/2649/3901 3899/2650/3899
f 4022/2791/4022 3899/2650/3899 3896/2793/3896
f 4023/2792/4023 4022/2791/4022 4024/2794/4024
f 4025/2795/4025 4024/2794/4024 4026/2796/4026
f 4024/2794/4024 3896/2793/3896 3893/2642/3893
f 4029/2798/4029 4028/2801/4028 4026/2799/4026
f 4028/2801/4028 4031/2805/4031 4027/2802/4027
f 4055/2803/4055 4030/2804/4030 4028/2801/4028
f 4030/2804/4030 4032/2806/4032 4031/2805/4031
f 4032/2806/4032 4030/2811/4030 4035/2807/4035
f 4033/2808/4033 4035/2807/4035 4037/2809/4037
f 4030/2811/4030 4055/2832/4055 4036/2812/4036
f 4035/2807/4035 4036/2812/4036 4038/2813/4038
f 4037/2814/4037 4038/2813/4038 4040/2815/4040
f 4034/2818/4034 4037/2814/4037 4039/2816/4039
f 4039/2816/4039 4040/2815/4040 4044/2819/4044
f 4039/2816/4039 4041/2820/4041 4043/2821/4043
f 4040/2815/4040 4047/2823/4047 4045/2822/4045
f 4047/2823/4047 4049/2826/4049 4046/2824/4046
f 4038/2813/4038 4048/2825/4048 4047/2823/4047
f 4048/2825/4048 4050/3043/4050 4049/2826/4049
f 4053/2827/4053 4051/2831/4051 4050/2828/4050
f 4054/2830/4054 4052/2833/4052 4051/2831/4051
f 4055/2832/4055 4054/2830/4054 4053/2827/4053
f 4036/2812/4036 4053/2827/4053 4048/2829/4048
f 4052/2833/4052 4054/2830/4054 3894/2639/3894
f 4054/2830/4054 4055/2832/4055 4029/2834/4029
f 4061/1861/4061 4057/1869/4057 4056/1862/4056
f 4057/1864/4057 4076/1887/4076 4058/1865/4058
f 4062/1866/4062 4061/1861/4061 4059/1863/4059
f 4064/2935/4064 4063/1868/4063 4061/1861/4061
f 4063/1868/4063 4065/1872/4065 4057/1869/4057
f 4063/1868/4063 4064/2088/4064 4067/1870/4067
f 4065/1872/4065 4063/1868/4063 4066/1871/4066
f 4066/1871/4066 4067/1870/4067 4241/1874/4241
f 4069/1873/4069 4066/1871/4066 4068/1875/4068
f 4069/1877/4069 4071/1881/4071 4074/1878/4074
f 4070/1880/4070 4072/1882/4072 4071/1881/4071
f 4072/1882/4072 4087/1905/4087 4073/1883/4073
f 4071/1881/4071 4073/1883/4073 4075/1884/4075
f 4074/1885/4074 4075/1884/4075 4077/1886/4077
f 4065/1888/4065 4074/1885/4074 4076/1887/4076
f 4076/1887/4076 4077/1886/4077 4078/1889/4078
f 4079/1890/4079 4077/1894/4077 4075/1891/4075
f 4081/1893/4081 4078/1889/4078 4077/1894/4077
f 4118/1895/4118 4081/1893/4081 4079/1890/4079
f 4080/1896/4080 4079/1890/4079 4082/1892/4082
f 4082/1898/4082 4075/1884/4075 4073/1899/4073
f 4083/1901/4083 4082/1898/4082 4084/1900/4084
f 4088/1903/4088 4085/1902/4085 4084/1900/4084
f 4086/1904/4086 4084/1900/4084 4073/1899/4073
f 4089/1906/4089 4086/1904/4086 4087/1905/4087
f 4090/1908/4090 4088/1903/4088 4086/1904/4086
f 4094/1909/4094 4090/1908/4090 4089/1906/4089
f 4092/1910/4092 4089/1906/4089 4091/1907/4091
f 4095/1912/4095 4092/1915/4092 4093/1911/4093
f 4096/1914/4096 4094/1924/4094 4092/1915/4092
f 4100/1916/4100 4096/1914/4096 4095/1912/4095
f 4098/1917/4098 4095/1912/4095 4097/1913/4097
f 4101/1919/4101 4103/1921/4103 4096/1914/4096
f 4102/1920/4102 4104/1922/4104 4103/1921/4103
f 4104/1922/4104 4106/1926/4106 4105/1923/4105
f 4103/1921/4103 4105/1923/4105 4094/1924/4094
f 4105/1925/4105 4107/1927/4107 4090/1908/4090
f 4106/1926/4106 4108/1928/4108 4107/1927/4107
f 4108/1928/4108 4110/1930/4110 4109/1929/4109
f 4107/1927/4107 4109/1929/4109 4088/1903/4088
f 4109/1929/4109 4111/1931/4111 4085/1902/4085
f 4110/1930/4110 4112/1932/4112 4111/1931/4111
f 4114/1936/4114 4113/1933/4113 4111/1931/4111
f 4113/1933/4113 4083/1901/4083 4085/1902/4085
f 4115/1934/4115 4080/1939/4080 4083/1901/4083
f 4116/1935/4116 4115/1934/4115 4113/1933/4113
f 4119/1937/4119 4117/1938/4117 4115/1934/4115
f 4117/1938/4117 4118/1941/4118 4080/1939/4080
f 4120/1940/4120 4123/1945/4123 4118/1941/4118
f 4121/1942/4121 4120/1940/4120 4117/1938/4117
f 4121/1942/4121 4149/1966/4149 4122/1943/4122
f 4120/1940/4120 4122/1943/4122 4124/1944/4124
f 4123/1946/4123 4125/1952/4125 4081/1947/4081
f 4126/1949/4126 4125/1952/4125 4123/1946/4123
f 4128/1951/4128 4127/1953/4127 4125/1952/4125
f 4127/1953/4127 4078/1889/4078 4081/1947/4081
f 4129/1954/4129 4128/3069/4128 4126/1955/4126
f 4130/1957/4130 4129/1954/4129 4131/1956/4131
f 4132/1958/4132 4131/1956/4131 4133/1959/4133
f 4131/1956/4131 4126/1955/4126 4124/1950/4124
f 4122/1943/4122 4135/1962/4135 4133/1961/4133
f 4135/1962/4135 4137/1965/4137 4134/1963/4134
f 4136/1964/4136 4138/3070/4138 4137/1965/4137
f 4149/1966/4149 4136/1964/4136 4135/1962/4135
f 4137/1967/4137 4139/1972/4139 4142/1968/4142
f 4140/1969/4140 4139/1972/4139 4137/1967/4137
f 4148/1971/4148 4141/1973/4141 4139/1972/4139
f 4141/1973/4141 4143/1977/4143 4142/1968/4142
f 4144/1974/4144 4132/1980/4132 4134/1963/4134
f 4145/1976/4145 4144/1974/4144 4142/1975/4142
f 4147/1978/4147 4146/1979/4146 4144/1974/4144
f 4146/1979/4146 4130/3071/4130 4132/1980/4132
f 4097/1913/4097 4153/1985/4153 4151/1981/4151
f 4150/1983/4150 4099/1918/4099 4151/1981/4151
f 4151/1981/4151 4152/2941/4152 4155/1984/4155
f 4153/1985/4153 4251/2104/4251 4152/1986/4152
f 4158/1987/4158 4150/1983/4150 4154/1982/4154
f 4156/1988/4156 4154/1982/4154 4155/1984/4155
f 4159/1990/4159 4157/3072/4157 4155/1984/4155
f 4160/1992/4160 4159/1990/4159 4161/1991/4161
f 4161/1991/4161 4155/1984/4155 4152/1994/4152
f 4163/1993/4163 4161/1991/4161 4162/1995/4162
f 4166/1997/4166 4164/1996/4164 4165/1998/4165
f 4165/1998/4165 4164/1996/4164 4162/2000/4162
f 4167/2002/4167 4166/1997/4166 4168/1999/4168
f 4168/1999/4168 4165/1998/4165 4244/2004/4244
f 4170/2003/4170 4168/1999/4168 4169/2005/4169
f 4173/2007/4173 4167/2002/4167 4170/2003/4170
f 4172/2008/4172 4170/2003/4170 4171/2006/4171
f 4176/2010/4176 4173/2007/4173 4172/2008/4172
f 4175/2011/4175 4172/2008/4172 4174/2009/4174
f 4180/2013/4180 4178/2017/4178 4177/2014/4177
f 4182/2016/4182 4179/2022/4179 4178/2017/4178
f 4181/2019/4181 4183/2018/4183 4182/2016/4182
f 4181/2019/4181 4180/2013/4180 4174/2015/4174
f 4183/2018/4183 4185/2023/4185 4184/2020/4184
f 4184/2020/4184 4187/2021/4187 4179/2022/4179
f 4185/2023/4185 4238/2031/4238 4186/2024/4186
f 4184/2020/4184 4186/2024/4186 4188/2025/4188
f 4186/2024/4186 4191/2026/4191 4189/2028/4189
f 4193/2027/4193 4190/2034/4190 4189/2028/4189
f 4192/2030/4192 4194/2029/4194 4193/2027/4193
f 4238/2031/4238 4192/2030/4192 4191/2026/4191
f 4196/2032/4196 4195/2033/4195 4193/2027/4193
f 4195/2033/4195 4198/2037/4198 4190/2034/4190
f 4232/2035/4232 4197/2036/4197 4195/2033/4195
f 4197/2036/4197 4199/2039/4199 4198/2037/4198
f 4202/2038/4202 4200/2041/4200 4199/2039/4199
f 4204/2040/4204 4201/2046/4201 4200/2041/4200
f 4205/2042/4205 4204/2040/4204 4202/2038/4202
f 4203/2043/4203 4202/2038/4202 4197/2036/4197
f 4207/2044/4207 4206/2045/4206 4204/2040/4204
f 4206/2045/4206 4209/2049/4209 4201/2046/4201
f 4222/2047/4222 4208/2048/4208 4206/2045/4206
f 4208/2048/4208 4210/3073/4210 4209/2049/4209
f 4213/2050/4213 4211/2054/4211 4210/2051/4210
f 4215/2936/4215 4212/2053/4212 4211/2054/4211
f 4216/2055/4216 4215/2936/4215 4213/2050/4213
f 4214/2056/4214 4213/2050/4213 4208/2052/4208
f 4217/2058/4217 4216/2055/4216 4214/2056/4214
f 4218/2060/4218 4217/2058/4217 4219/2059/4219
f 4220/2061/4220 4219/2059/4219 4221/2062/4221
f 4219/2059/4219 4214/2056/4214 4222/2057/4222
f 4221/2064/4221 4222/2047/4222 4207/2044/4207
f 4223/2066/4223 4221/2064/4221 4224/2065/4224
f 4225/2067/4225 4224/2065/4224 4226/2068/4226
f 4224/2065/4224 4207/2044/4207 4205/2042/4205
f 4227/2069/4227 4226/2068/4226 4228/2070/4228
f 4226/2068/4226 4205/2042/4205 4203/2043/4203
f 4229/2071/4229 4228/2070/4228 4230/2072/4230
f 4228/2070/4228 4203/2043/4203 4232/2035/4232
f 4231/2074/4231 4230/2077/4230 4233/2075/4233
f 4230/2077/4230 4232/3074/4232 4196/2078/4196
f 4234/2076/4234 4233/2075/4233 4235/2079/4235
f 4233/2075/4233 4196/2078/4196 4194/2080/4194
f 4194/2029/4194 4192/2081/4192 4236/2082/4236
f 4235/2079/4235 4236/2082/4236 4062/2083/4062
f 4192/2081/4192 4238/2031/4238 4237/2084/4237
f 4236/2082/4236 4237/2084/4237 4064/2085/4064
f 4238/2031/4238 4185/2023/4185 4239/2086/4239
f 4237/2087/4237 4239/2086/4239 4067/1870/4067
f 4185/2023/4185 4183/2018/4183 4240/2089/4240
f 4239/2086/4239 4240/2089/4240 4241/1874/4241
f 4183/2018/4183 4181/2090/4181 4242/2091/4242
f 4241/1874/4241 4240/2089/4240 4242/2091/4242
f 4242/2091/4242 4181/2090/4181 4171/2006/4171
f 4243/2092/4243 4242/2091/4242 4169/2005/4169
f 4244/2093/4244 4246/2097/4246 4245/2094/4245
f 4243/2095/4243 4245/2094/4245 4068/2096/4068
f 4246/2097/4246 4248/2100/4248 4247/2098/4247
f 4245/2094/4245 4247/2098/4247 4070/1880/4070
f 4247/2098/4247 4249/2101/4249 4072/2099/4072
f 4248/2100/4248 4250/2102/4250 4249/2101/4249
f 4249/2101/4249 4250/2102/4250 4093/2937/4093
f 4072/2099/4072 4249/2101/4249 4091/1907/4091
f 4250/2103/4250 4248/2106/4248 4251/2104/4251
f 4250/2103/4250 4153/1985/4153 4097/1913/4097
f 4248/2106/4248 4246/2107/4246 4252/2001/4252
f 4251/2104/4251 4252/2001/4252 4162/2000/4162
f 4246/2107/4246 4244/2942/4244 4165/1998/4165
f 4257/2118/4257 4260/2109/4260 4254/2110/4254
f 4254/2111/4254 4267/2124/4267 4256/2112/4256
f 4259/2114/4259 4257/2118/4257 4253/2108/4253
f 4255/2115/4255 4253/2113/4253 4256/2112/4256
f 4258/2117/4258 4261/3075/4261 4260/2109/4260
f 4373/2119/4373 4258/2117/4258 4257/2118/4257
f 4260/2109/4260 4261/3075/4261 4263/2120/4263
f 4254/2110/4254 4260/2109/4260 4262/2121/4262
f 4254/2111/4254 4264/2122/4264 4265/2123/4265
f 4267/2124/4267 4265/2123/4265 4266/2125/4266
f 4256/2112/4256 4267/2124/4267 4268/2126/4268
f 4270/2128/4270 4269/2127/4269 4271/2129/4271
f 4256/2112/4256 4269/2127/4269 4270/2128/4270
f 4273/2130/4273 4271/2129/4271 4272/2131/4272
f 4276/2133/4276 4270/2128/4270 4273/2130/4273
f 4275/2134/4275 4273/2130/4273 4274/2132/4274
f 4279/2136/4279 4276/2231/4276 4275/2137/4275
f 4278/2138/4278 4275/2137/4275 4277/2139/4277
f 4282/2141/4282 4279/2136/4279 4278/2138/4278
f 4281/2142/4281 4278/2138/4278 4280/2140/4280
f 4285/2144/4285 4282/2141/4282 4281/2142/4281
f 4284/2145/4284 4281/2142/4281 4283/2143/4283
f 4288/2147/4288 4285/2144/4285 4284/2145/4284
f 4287/2148/4287 4284/2145/4284 4286/2146/4286
f 4288/2150/4288 4287/3045/4287 4290/2151/4290
f 4290/2151/4290 4287/3045/4287 4289/2153/4289
f 4291/2152/4291 4290/2151/4290 4293/2155/4293
f 4293/2155/4293 4290/2151/4290 4292/2154/4292
f 4294/2158/4294 4297/2162/4297 4296/2159/4296
f 4293/2160/4293 4296/2159/4296 4299/2161/4299
f 4297/2162/4297 4323/3076/4323 4298/2163/4298
f 4296/2159/4296 4298/2163/4298 4300/2164/4300
f 4298/2163/4298 4303/2167/4303 4301/2165/4301
f 4303/2167/4303 4305/2171/4305 4302/2168/4302
f 4323/2169/4323 4304/2170/4304 4303/2167/4303
f 4304/2170/4304 4306/2191/4306 4305/2171/4305
f 4306/2172/4306 4308/2177/4308 4307/2173/4307
f 4305/2174/4305 4307/2173/4307 4310/2175/4310
f 4308/2177/4308 4312/2181/4312 4309/2178/4309
f 4307/2173/4307 4309/2178/4309 4311/2179/4311
f 4315/2180/4315 4313/2183/4313 4312/2181/4312
f 4315/2180/4315 4317/3077/4317 4314/2182/4314
f 4318/2184/4318 4317/3077/4317 4315/2180/4315
f 4316/2185/4316 4315/2180/4315 4308/2177/4308
f 4319/2186/4319 4318/2184/4318 4316/2187/4316
f 4320/2189/4320 4319/2186/4319 4321/2188/4321
f 4322/2190/4322 4321/2188/4321 4304/2170/4304
f 4321/2188/4321 4316/2187/4316 4306/2191/4306
f 4326/2192/4326 4320/2189/4320 4322/2190/4322
f 4324/2193/4324 4322/2190/4322 4323/2169/4323
f 4327/2194/4327 4326/2192/4326 4324/2193/4324
f 4325/2195/4325 4324/2193/4324 4297/2162/4297
f 4325/2196/4325 4330/2199/4330 4328/2197/4328
f 4330/2199/4330 4331/2202/4331 4329/2200/4329
f 4292/2201/4292 4289/2149/4289 4331/2202/4331
f 4294/2157/4294 4292/2201/4292 4330/2199/4330
f 4289/2149/4289 4286/2146/4286 4332/2203/4332
f 4331/2202/4331 4332/2203/4332 4334/2204/4334
f 4286/2146/4286 4283/2143/4283 4333/2205/4333
f 4332/2203/4332 4333/2205/4333 4335/2206/4335
f 4333/2205/4333 4338/2208/4338 4336/2207/4336
f 4338/2208/4338 4339/2210/4339 4337/2209/4337
f 4280/2140/4280 4277/2139/4277 4339/2210/4339
f 4283/2143/4283 4280/2140/4280 4338/2208/4338
f 4277/2135/4277 4274/2132/4274 4340/2211/4340
f 4339/2212/4339 4340/2211/4340 4342/2213/4342
f 4274/2132/4274 4272/2131/4272 4341/2215/4341
f 4340/2211/4340 4341/2215/4341 4343/2216/4343
f 4344/2217/4344 4346/2219/4346 4291/2152/4291
f 4345/2218/4345 4347/2220/4347 4346/2219/4346
f 4347/2220/4347 4349/3078/4349 4348/2221/4348
f 4346/2219/4346 4348/2221/4348 4288/2150/4288
f 4349/2222/4349 4351/2225/4351 4350/2223/4350
f 4348/2224/4348 4350/2223/4350 4285/2144/4285
f 4351/2225/4351 4353/2227/4353 4352/2226/4352
f 4350/2223/4350 4352/2226/4352 4282/2141/4282
f 4353/2227/4353 4355/2229/4355 4354/2228/4354
f 4352/2226/4352 4354/2228/4354 4279/2136/4279
f 4355/2229/4355 4357/2234/4357 4356/2230/4356
f 4354/2228/4354 4356/2230/4356 4276/2231/4276
f 4356/2230/4356 4358/2116/4358 4270/2128/4270
f 4357/2232/4357 4255/2115/4255 4358/2116/4358
f 4359/2233/4359 4259/2114/4259 4255/2115/4255
f 4361/2235/4361 4359/2237/4359 4357/2234/4357
f 4363/2236/4363 4360/2244/4360 4359/2237/4359
f 4360/2238/4360 4373/2119/4373 4259/2114/4259
f 4364/2239/4364 4363/2236/4363 4361/2235/4361
f 4362/2240/4362 4361/2235/4361 4355/2229/4355
f 4364/2239/4364 4366/2242/4366 4365/2246/4365
f 4363/2236/4363 4365/2246/4365 4368/2243/4368
f 4366/2242/4366 4385/2263/4385 4367/2245/4367
f 4365/2246/4365 4367/2245/4367 4369/2247/4369
f 4360/2238/4360 4368/2243/4368 4370/2248/4370
f 4368/2243/4368 4369/2257/4369 4371/2249/4371
f 4370/2248/4370 4371/2249/4371 4374/2250/4374
f 4373/2119/4373 4370/2248/4370 4372/2251/4372
f 4371/2249/4371 4377/2253/4377 4375/2252/4375
f 4377/2253/4377 4379/2256/4379 4376/2254/4376
f 4378/2255/4378 4380/3079/4380 4379/2256/4379
f 4369/2257/4369 4378/2255/4378 4377/2253/4377
f 4383/2258/4383 4381/2262/4381 4380/2259/4380
f 4384/2261/4384 4382/2266/4382 4381/2262/4381
f 4385/2263/4385 4384/2261/4384 4383/2258/4383
f 4367/2245/4367 4383/2258/4383 4378/2260/4378
f 4389/2264/4389 4386/2265/4386 4384/2261/4384
f 4386/2265/4386 4388/2268/4388 4382/2266/4382
f 4387/2267/4387 4409/2293/4409 4388/2268/4388
f 4390/2269/4390 4387/2267/4387 4386/2265/4386
f 4391/2270/4391 4389/2264/4389 4385/2263/4385
f 4392/2271/4392 4390/2269/4390 4389/2264/4389
f 4394/2272/4394 4392/2271/4392 4391/2270/4391
f 4393/2273/4393 4391/2270/4391 4366/2242/4366
f 4394/2272/4394 4393/2273/4393 4395/2274/4395
f 4393/2273/4393 4364/2239/4364 4362/2240/4362
f 4396/2275/4396 4395/2274/4395 4351/2225/4351
f 4395/2274/4395 4362/2240/4362 4353/2241/4353
f 4397/2276/4397 4396/2280/4396 4349/2277/4349
f 4397/2276/4397 4399/2282/4399 4394/2279/4394
f 4398/2281/4398 4400/2284/4400 4399/2282/4399
f 4345/2218/4345 4398/2281/4398 4397/2276/4397
f 4402/2283/4402 4401/2287/4401 4399/2282/4399
f 4399/2282/4399 4401/2287/4401 4392/2285/4392
f 4402/2283/4402 4404/3080/4404 4403/2286/4403
f 4401/2287/4401 4403/2286/4403 4390/2288/4390
f 4403/2286/4403 4405/2290/4405 4387/2267/4387
f 4404/2289/4404 4406/2291/4406 4405/2290/4405
f 4406/2291/4406 4408/2295/4408 4407/2292/4407
f 4405/2290/4405 4407/2292/4407 4409/2293/4409
f 4412/2294/4412 4410/2298/4410 4408/2295/4408
f 4414/2297/4414 4411/2302/4411 4410/2298/4410
f 4415/2299/4415 4414/2297/4414 4412/2294/4412
f 4413/2300/4413 4412/2294/4412 4406/2296/4406
f 4416/2301/4416 4419/2306/4419 4411/2302/4411
f 4417/2303/4417 4416/2301/4416 4414/2297/4414
f 4432/2304/4432 4418/2305/4418 4416/2301/4416
f 4418/2305/4418 4420/2308/4420 4419/2306/4419
f 4423/2307/4423 4421/2310/4421 4420/2308/4420
f 4423/2307/4423 4425/3081/4425 4422/2309/4422
f 4426/2311/4426 4425/3081/4425 4423/2307/4423
f 4424/2312/4424 4423/2307/4423 4418/2305/4418
f 4427/2314/4427 4426/2311/4426 4424/2312/4424
f 4428/2316/4428 4427/2314/4427 4429/2315/4429
f 4430/2317/4430 4429/2315/4429 4431/2318/4431
f 4429/2315/4429 4424/2312/4424 4432/2313/4432
f 4431/2320/4431 4432/2304/4432 4417/2303/4417
f 4433/2322/4433 4431/2320/4431 4434/2321/4434
f 4435/2323/4435 4434/2321/4434 4436/2324/4436
f 4434/2321/4434 4417/2303/4417 4415/2299/4415
f 4436/2326/4436 4415/3082/4415 4413/2327/4413
f 4437/2329/4437 4436/2326/4436 4438/2328/4438
f 4439/2330/4439 4438/2328/4438 4402/2331/4402
f 4438/2328/4438 4413/2327/4413 4404/2332/4404
f 4440/1619/4440 4443/1624/4443 4445/1620/4445
f 4446/1622/4446 4443/1624/4443 4440/1619/4440
f 4443/1624/4443 4444/3061/4444 4458/1625/4458
f 4448/1626/4448 4444/3061/4444 4443/1624/4443
f 4447/1627/4447 4446/1622/4446 4442/1623/4442
f 4449/1629/4449 4448/1626/4448 4446/1622/4446
f 4451/1630/4451 4450/1633/4450 4448/1631/4448
f 4448/1631/4448 4450/1633/4450 4453/1637/4453
f 4594/1635/4594 4452/1636/4452 4450/1633/4450
f 4450/1633/4450 4452/1636/4452 4454/1701/4454
f 4444/1634/4444 4453/1637/4453 4455/1638/4455
f 4453/1637/4453 4454/1701/4454 4456/1640/4456
f 4455/1638/4455 4456/1640/4456 4505/1641/4505
f 4458/1639/4458 4455/1638/4455 4457/1642/4457
f 4458/1625/4458 4459/3062/4459 4461/1644/4461
f 4459/2938/4459 4457/1646/4457 4508/1647/4508
f 4463/1648/4463 4461/1653/4461 4459/1649/4459
f 4441/1621/4441 4445/1620/4445 4461/1644/4461
f 4464/1652/4464 4462/1651/4462 4461/1653/4461
f 4464/1652/4464 4463/1648/4463 4465/1654/4465
f 4463/1648/4463 4460/1650/4460 4466/1656/4466
f 4471/1657/4471 4468/1659/4468 4465/1658/4465
f 4468/1659/4468 4470/1663/4470 4467/1660/4467
f 4472/1661/4472 4469/1662/4469 4468/1659/4468
f 4469/1662/4469 4596/1815/4596 4470/1663/4470
f 4473/1664/4473 4471/1657/4471 4466/1656/4466
f 4474/1666/4474 4472/1661/4472 4471/1657/4471
f 4478/1667/4478 4474/1666/4474 4473/1664/4473
f 4476/1668/4476 4473/1664/4473 4475/1665/4475
f 4479/1670/4479 4476/1668/4476 4477/1669/4477
f 4480/1672/4480 4478/1667/4478 4476/1668/4476
f 4484/1673/4484 4480/1672/4480 4479/1670/4479
f 4482/1674/4482 4479/1670/4479 4481/1671/4481
f 4483/1676/4483 4486/1680/4486 4485/1677/4485
f 4482/1678/4482 4485/1677/4485 4488/1679/4488
f 4486/1680/4486 4490/1684/4490 4487/1681/4487
f 4485/1677/4485 4487/1681/4487 4489/1682/4489
f 4493/1683/4493 4491/1686/4491 4490/1684/4490
f 4495/1685/4495 4492/1692/4492 4491/1686/4491
f 4494/1687/4494 4493/1683/4493 4486/1680/4486
f 4496/1688/4496 4495/1685/4495 4493/1683/4493
f 4500/1689/4500 4497/1691/4497 4495/1690/4495
f 4497/1691/4497 4499/1725/4499 4492/1692/4492
f 4501/1693/4501 4498/1695/4498 4497/1691/4497
f 4498/1695/4498 4517/1694/4517 4499/1725/4499
f 4503/1696/4503 4501/2939/4501 4500/1697/4500
f 4502/1698/4502 4500/1697/4500 4496/1699/4496
f 4454/1701/4454 4503/1696/4503 4502/1698/4502
f 4456/1640/4456 4502/1698/4502 4504/1700/4504
f 4505/1702/4505 4504/1705/4504 4506/1703/4506
f 4504/1705/4504 4496/3063/4496 4494/1706/4494
f 4507/1704/4507 4506/1703/4506 4481/1671/4481
f 4506/1703/4506 4494/1706/4494 4483/1708/4483
f 4457/1646/4457 4505/1702/4505 4507/1704/4507
f 4508/1647/4508 4507/1704/4507 4477/1707/4477
f 4460/1645/4460 4508/1647/4508 4475/1709/4475
f 4452/1636/4452 4509/1711/4509 4503/1696/4503
f 4509/1711/4509 4511/1712/4511 4501/2939/4501
f 4510/1713/4510 4509/1711/4509 4452/1636/4452
f 4512/1714/4512 4511/1712/4511 4509/1711/4509
f 4514/1715/4514 4513/1717/4513 4511/1716/4511
f 4511/1716/4511 4513/1717/4513 4498/1695/4498
f 4514/1715/4514 4516/1718/4516 4515/1719/4515
f 4513/1717/4513 4515/1719/4515 4517/1694/4517
f 4519/1720/4519 4518/1721/4518 4515/1719/4515
f 4515/1719/4515 4518/1721/4518 4521/1724/4521
f 4527/1722/4527 4520/1723/4520 4518/1721/4518
f 4520/1723/4520 4522/2940/4522 4521/1724/4521
f 4517/1694/4517 4521/1724/4521 4523/1727/4523
f 4522/2940/4522 4524/1726/4524 4523/1727/4523
f 4523/1727/4523 4524/1726/4524 4526/1728/4526
f 4499/1725/4499 4523/1727/4523 4525/1729/4525
f 4514/1730/4514 4530/1732/4530 4528/1731/4528
f 4530/1732/4530 4532/1735/4532 4529/1733/4529
f 4512/1714/4512 4531/1734/4531 4530/1732/4530
f 4531/1734/4531 4533/1737/4533 4532/1735/4532
f 4532/1735/4532 4534/1738/4534 4537/1736/4537
f 4533/1737/4533 4535/1739/4535 4534/1738/4534
f 4535/1739/4535 4539/1743/4539 4536/1740/4536
f 4534/1738/4534 4536/1740/4536 4538/1741/4538
f 4542/1742/4542 4540/1746/4540 4539/1743/4539
f 4544/1745/4544 4541/1751/4541 4540/1746/4540
f 4543/1747/4543 4542/1742/4542 4535/1744/4535
f 4545/1749/4545 4544/1745/4544 4542/1742/4542
f 4546/1750/4546 4549/1755/4549 4541/1751/4541
f 4547/1752/4547 4546/1750/4546 4544/1745/4544
f 4591/1753/4591 4548/1754/4548 4546/1750/4546
f 4548/1754/4548 4550/1757/4550 4549/1755/4549
f 4548/1754/4548 4553/1758/4553 4551/1756/4551
f 4553/1758/4553 4555/1761/4555 4552/1759/4552
f 4591/1753/4591 4554/1760/4554 4553/1758/4553
f 4554/1760/4554 4556/1764/4556 4555/1761/4555
f 4557/1762/4557 4560/1767/4560 4552/1759/4552
f 4558/1763/4558 4557/1762/4557 4555/1761/4555
f 4583/1765/4583 4559/1766/4559 4557/1762/4557
f 4559/1766/4559 4561/1769/4561 4560/1767/4560
f 4564/1768/4564 4562/1771/4562 4561/1769/4561
f 4564/1768/4564 4566/2899/4566 4563/1770/4563
f 4565/1772/4565 4564/1768/4564 4559/1766/4559
f 4567/1773/4567 4566/2899/4566 4564/1768/4564
f 4566/1774/4566 4568/1780/4568 4571/1775/4571
f 4569/1777/4569 4568/1780/4568 4566/1774/4566
f 4573/1779/4573 4570/3064/4570 4568/1780/4568
f 4568/1780/4568 4570/3064/4570 4572/1781/4572
f 4574/1782/4574 4573/1779/4573 4569/1777/4569
f 4575/1784/4575 4574/1782/4574 4576/1783/4576
f 4577/1785/4577 4576/1783/4576 4578/1786/4578
f 4576/1783/4576 4569/1777/4569 4567/1778/4567
f 4578/1788/4578 4567/1773/4567 4565/1772/4565
f 4579/1787/4579 4578/1788/4578 4580/1789/4580
f 4581/1790/4581 4580/1789/4580 4582/1791/4582
f 4580/1789/4580 4565/1772/4565 4583/1765/4583
f 4582/1793/4582 4583/3065/4583 4558/1794/4558
f 4584/1792/4584 4582/1793/4582 4585/1795/4585
f 4586/1796/4586 4585/1795/4585 4587/1797/4587
f 4585/1795/4585 4558/1794/4558 4556/1798/4556
f 4556/1799/4556 4554/1802/4554 4589/1800/4589
f 4587/1801/4587 4589/1800/4589 4447/1627/4447
f 4554/1802/4554 4591/3066/4591 4590/1803/4590
f 4589/1800/4589 4590/1803/4590 4449/1804/4449
f 4590/1803/4590 4591/3067/4591 4547/1805/4547
f 4449/1807/4449 4590/1803/4590 4592/1806/4592
f 4592/1806/4592 4547/1805/4547 4545/1749/4545
f 4451/1808/4451 4592/1806/4592 4593/1809/4593
f 4593/1809/4593 4545/1749/4545 4543/1810/4543
f 4594/1635/4594 4593/1809/4593 4595/1811/4595
f 4595/1811/4595 4543/1810/4543 4533/1748/4533
f 4510/1812/4510 4595/1811/4595 4531/1813/4531
f 4470/1663/4470 4597/1816/4597 4600/1814/4600
f 4596/1815/4596 4598/1817/4598 4597/1816/4597
f 4598/1817/4598 4636/1860/4636 4599/1818/4599
f 4597/1816/4597 4599/1818/4599 4601/1819/4601
f 4600/1820/4600 4601/2914/4601 4603/1821/4603
f 4467/1655/4467 4600/1820/4600 4602/1822/4602
f 4602/1822/4602 4603/1821/4603 4605/1823/4605
f 4464/1652/4464 4602/1822/4602 4604/1824/4604
f 4603/1825/4603 4608/1828/4608 4606/1826/4606
f 4608/1828/4608 4610/1831/4610 4607/1829/4607
f 4601/1819/4601 4609/1830/4609 4608/1828/4608
f 4609/1830/4609 4611/1833/4611 4610/1831/4610
f 4610/1831/4610 4612/1834/4612 4615/1832/4615
f 4611/1833/4611 4613/1835/4613 4612/1834/4612
f 4613/1835/4613 4628/1853/4628 4614/1836/4614
f 4612/1834/4612 4614/1836/4614 4616/1837/4616
f 4614/1838/4614 4619/1841/4619 4617/1839/4617
f 4619/1841/4619 4621/1845/4621 4618/1842/4618
f 4628/1843/4628 4620/1844/4620 4619/1841/4619
f 4620/1844/4620 4622/1847/4622 4621/1845/4621
f 4625/1846/4625 4623/3068/4623 4622/1847/4622
f 4624/1848/4624 4623/3068/4623 4625/1846/4625
f 4626/1849/4626 4625/1846/4625 4627/1850/4627
f 4627/1850/4627 4625/1846/4625 4620/1844/4620
f 4630/1852/4630 4627/1850/4627 4628/1853/4628
f 4629/1854/4629 4627/1850/4627 4630/1852/4630
f 4631/1855/4631 4630/1852/4630 4632/1856/4632
f 4632/1856/4632 4630/1852/4630 4613/1835/4613
f 4634/1858/4634 4632/1856/4632 4611/1833/4611
f 4635/1859/4635 4633/1857/4633 4632/1856/4632
f 4636/1860/4636 4635/1859/4635 4634/1858/4634
f 4599/1818/4599 4634/1858/4634 4609/1830/4609
f 4642/1861/4642 4638/1869/4638 4637/1862/4637
f 4638/1864/4638 4657/1887/4657 4639/1865/4639
f 4643/1866/4643 4642/1861/4642 4640/1863/4640
f 4643/1866/4643 4645/2935/4645 4644/1868/4644
f 4644/1868/4644 4646/1872/4646 4638/1869/4638
f 4644/1868/4644 4645/2088/4645 4648/1870/4648
f 4646/1872/4646 4644/1868/4644 4647/1871/4647
f 4647/1871/4647 4648/1870/4648 4822/1874/4822
f 4650/1873/4650 4647/1871/4647 4649/1875/4649
f 4650/1877/4650 4652/1881/4652 4655/1878/4655
f 4651/1880/4651 4653/1882/4653 4652/1881/4652
f 4653/1882/4653 4668/1905/4668 4654/1883/4654
f 4652/1881/4652 4654/1883/4654 4656/1884/4656
f 4655/1885/4655 4656/1884/4656 4658/1886/4658
f 4646/1888/4646 4655/1885/4655 4657/1887/4657
f 4657/1887/4657 4658/1886/4658 4659/1889/4659
f 4660/1890/4660 4658/1894/4658 4656/1891/4656
f 4662/1893/4662 4659/1889/4659 4658/1894/4658
f 4699/1895/4699 4662/1893/4662 4660/1890/4660
f 4661/1896/4661 4660/1890/4660 4663/1892/4663
f 4663/1898/4663 4656/1884/4656 4654/1899/4654
f 4664/1901/4664 4663/1898/4663 4665/1900/4665
f 4669/1903/4669 4666/1902/4666 4665/1900/4665
f 4667/1904/4667 4665/1900/4665 4654/1899/4654
f 4670/1906/4670 4667/1904/4667 4668/1905/4668
f 4671/1908/4671 4669/1903/4669 4667/1904/4667
f 4675/1909/4675 4671/1908/4671 4670/1906/4670
f 4673/1910/4673 4670/1906/4670 4672/1907/4672
f 4676/1912/4676 4673/1915/4673 4674/1911/4674
f 4677/1914/4677 4675/1924/4675 4673/1915/4673
f 4681/1916/4681 4677/1914/4677 4676/1912/4676
f 4679/1917/4679 4676/1912/4676 4678/1913/4678
f 4682/1919/4682 4684/1921/4684 4677/1914/4677
f 4683/1920/4683 4685/1922/4685 4684/1921/4684
f 4685/1922/4685 4687/1926/4687 4686/1923/4686
f 4684/1921/4684 4686/1923/4686 4675/1924/4675
f 4686/1925/4686 4688/1927/4688 4671/1908/4671
f 4687/1926/4687 4689/1928/4689 4688/1927/4688
f 4689/1928/4689 4691/1930/4691 4690/1929/4690
f 4688/1927/4688 4690/1929/4690 4669/1903/4669
f 4690/1929/4690 4692/1931/4692 4666/1902/4666
f 4691/1930/4691 4693/1932/4693 4692/1931/4692
f 4693/1932/4693 4695/1936/4695 4694/1933/4694
f 4694/1933/4694 4664/1901/4664 4666/1902/4666
f 4696/1934/4696 4661/1939/4661 4664/1901/4664
f 4697/1935/4697 4696/1934/4696 4694/1933/4694
f 4700/1937/4700 4698/1938/4698 4696/1934/4696
f 4698/1938/4698 4699/1941/4699 4661/1939/4661
f 4701/1940/4701 4704/1945/4704 4699/1941/4699
f 4702/1942/4702 4701/1940/4701 4698/1938/4698
f 4702/1942/4702 4730/1966/4730 4703/1943/4703
f 4701/1940/4701 4703/1943/4703 4705/1944/4705
f 4704/1946/4704 4706/1952/4706 4662/1947/4662
f 4707/1949/4707 4706/1952/4706 4704/1946/4704
f 4709/1951/4709 4708/1953/4708 4706/1952/4706
f 4708/1953/4708 4659/1889/4659 4662/1947/4662
f 4710/1954/4710 4709/3069/4709 4707/1955/4707
f 4711/1957/4711 4710/1954/4710 4712/1956/4712
f 4713/1958/4713 4712/1956/4712 4714/1959/4714
f 4712/1956/4712 4707/1955/4707 4705/1950/4705
f 4703/1943/4703 4716/1962/4716 4714/1961/4714
f 4716/1962/4716 4718/1965/4718 4715/1963/4715
f 4717/1964/4717 4719/3070/4719 4718/1965/4718
f 4730/1966/4730 4717/1964/4717 4716/1962/4716
f 4718/1967/4718 4720/1972/4720 4723/1968/4723
f 4721/1969/4721 4720/1972/4720 4718/1967/4718
f 4729/1971/4729 4722/1973/4722 4720/1972/4720
f 4720/1972/4720 4722/1973/4722 4724/1977/4724
f 4725/1974/4725 4713/1980/4713 4715/1963/4715
f 4726/1976/4726 4725/1974/4725 4723/1975/4723
f 4728/1978/4728 4727/1979/4727 4725/1974/4725
f 4727/1979/4727 4711/3071/4711 4713/1980/4713
f 4734/1985/4734 4732/1981/4732 4680/1918/4680
f 4731/1983/4731 4680/1918/4680 4732/1981/4732
f 4735/1982/4735 4732/1981/4732 4733/2941/4733
f 4832/2104/4832 4733/1986/4733 4732/1981/4732
f 4739/1987/4739 4731/1983/4731 4735/1982/4735
f 4737/1988/4737 4735/1982/4735 4736/1984/4736
f 4740/1990/4740 4738/3072/4738 4736/1984/4736
f 4741/1992/4741 4740/1990/4740 4742/1991/4742
f 4736/1984/4736 4733/1994/4733 4743/1995/4743
f 4742/1991/4742 4743/1995/4743 4745/1996/4745
f 4747/1997/4747 4745/1996/4745 4746/1998/4746
f 4746/1998/4746 4745/1996/4745 4743/2000/4743
f 4748/2002/4748 4747/1997/4747 4749/1999/4749
f 4749/1999/4749 4746/1998/4746 4825/2004/4825
f 4751/2003/4751 4749/1999/4749 4750/2005/4750
f 4754/2007/4754 4748/2002/4748 4751/2003/4751
f 4753/2008/4753 4751/2003/4751 4752/2006/4752
f 4757/2010/4757 4754/2007/4754 4753/2008/4753
f 4756/2011/4756 4753/2008/4753 4755/2009/4755
f 4761/2013/4761 4759/2017/4759 4758/2014/4758
f 4763/2016/4763 4760/2022/4760 4759/2017/4759
f 4764/2018/4764 4763/2016/4763 4761/2013/4761
f 4762/2019/4762 4761/2013/4761 4755/2015/4755
f 4764/2018/4764 4766/2023/4766 4765/2020/4765
f 4763/2016/4763 4765/2020/4765 4768/2021/4768
f 4766/2023/4766 4819/2031/4819 4767/2024/4767
f 4765/2020/4765 4767/2024/4767 4769/2025/4769
f 4772/2026/4772 4770/2028/4770 4769/2025/4769
f 4774/2027/4774 4771/2034/4771 4770/2028/4770
f 4775/2029/4775 4774/2027/4774 4772/2026/4772
f 4773/2030/4773 4772/2026/4772 4767/2024/4767
f 4777/2032/4777 4776/2033/4776 4774/2027/4774
f 4776/2033/4776 4779/2037/4779 4771/2034/4771
f 4813/2035/4813 4778/2036/4778 4776/2033/4776
f 4778/2036/4778 4780/2039/4780 4779/2037/4779
f 4783/2038/4783 4781/2041/4781 4780/2039/4780
f 4785/2040/4785 4782/2046/4782 4781/2041/4781
f 4786/2042/4786 4785/2040/4785 4783/2038/4783
f 4784/2043/4784 4783/2038/4783 4778/2036/4778
f 4788/2044/4788 4787/2045/4787 4785/2040/4785
f 4787/2045/4787 4790/2049/4790 4782/2046/4782
f 4803/2047/4803 4789/2048/4789 4787/2045/4787
f 4789/2048/4789 4791/3073/4791 4790/2049/4790
f 4794/2050/4794 4792/2054/4792 4791/2051/4791
f 4796/2936/4796 4793/2053/4793 4792/2054/4792
f 4797/2055/4797 4796/2936/4796 4794/2050/4794
f 4795/2056/4795 4794/2050/4794 4789/2052/4789
f 4798/2058/4798 4797/2055/4797 4795/2056/4795
f 4799/2060/4799 4798/2058/4798 4800/2059/4800
f 4801/2061/4801 4800/2059/4800 4802/2062/4802
f 4800/2059/4800 4795/2056/4795 4803/2057/4803
f 4802/2064/4802 4803/2047/4803 4788/2044/4788
f 4804/2066/4804 4802/2064/4802 4805/2065/4805
f 4806/2067/4806 4805/2065/4805 4807/2068/4807
f 4805/2065/4805 4788/2044/4788 4786/2042/4786
f 4808/2069/4808 4807/2068/4807 4809/2070/4809
f 4807/2068/4807 4786/2042/4786 4784/2043/4784
f 4810/2071/4810 4809/2070/4809 4811/2072/4811
f 4809/2070/4809 4784/2043/4784 4813/2035/4813
f 4812/2074/4812 4811/2077/4811 4814/2075/4814
f 4811/2077/4811 4813/3074/4813 4777/2078/4777
f 4815/2076/4815 4814/2075/4814 4816/2079/4816
f 4814/2075/4814 4777/2078/4777 4775/2080/4775
f 4816/2079/4816 4775/2029/4775 4773/2081/4773
f 4816/2079/4816 4817/2082/4817 4643/2083/4643
f 4773/2081/4773 4819/2031/4819 4818/2084/4818
f 4817/2082/4817 4818/2084/4818 4645/2085/4645
f 4819/2031/4819 4766/2023/4766 4820/2086/4820
f 4818/2087/4818 4820/2086/4820 4648/1870/4648
f 4820/2086/4820 4766/2023/4766 4764/2018/4764
f 4648/1870/4648 4820/2086/4820 4821/2089/4821
f 4821/2089/4821 4764/2018/4764 4762/2090/4762
f 4822/1874/4822 4821/2089/4821 4823/2091/4823
f 4823/2091/4823 4762/2090/4762 4752/2006/4752
f 4824/2092/4824 4823/2091/4823 4750/2005/4750
f 4824/2095/4824 4825/2093/4825 4827/2097/4827
f 4824/2095/4824 4826/2094/4826 4649/2096/4649
f 4826/2094/4826 4827/2097/4827 4829/2100/4829
f 4826/2094/4826 4828/2098/4828 4651/1880/4651
f 4828/2098/4828 4830/2101/4830 4653/2099/4653
f 4828/2098/4828 4829/2100/4829 4831/2102/4831
f 4830/2101/4830 4831/2102/4831 4674/2937/4674
f 4830/2101/4830 4672/1907/4672 4668/1905/4668
f 4829/2106/4829 4832/2104/4832 4734/1985/4734
f 4831/2103/4831 4734/1985/4734 4678/1913/4678
f 4827/2107/4827 4833/2001/4833 4832/2104/4832
f 4833/2001/4833 4743/2000/4743 4733/1986/4733
f 4825/2942/4825 4746/1998/4746 4833/2001/4833
f 4838/2440/4838 4870/2487/4870 4835/2441/4835
f 4836/2443/4836 4841/2448/4841 4839/2444/4839
f 4839/2445/4839 4842/2453/4842 4837/2446/4837
f 4837/2446/4837 4857/2471/4857 4838/2447/4838
f 4841/2448/4841 4966/2630/4966 4840/2449/4840
f 4843/2450/4843 4842/2453/4842 4839/2445/4839
f 4846/2452/4846 4844/2454/4844 4842/2453/4842
f 4844/2454/4844 4845/2456/4845 4837/2446/4837
f 4847/2455/4847 4850/2462/4850 4845/2456/4845
f 4848/2458/4848 4847/2455/4847 4844/2457/4844
f 4955/2460/4955 4849/2461/4849 4847/2455/4847
f 4849/2461/4849 4851/2464/4851 4850/2462/4850
f 4850/2462/4850 4852/2465/4852 4855/2463/4855
f 4851/2464/4851 4853/2554/4853 4852/2465/4852
f 4852/2465/4852 4853/2554/4853 4899/2466/4899
f 4852/2465/4852 4854/2467/4854 4856/2468/4856
f 4855/2469/4855 4856/3084/4856 4858/2470/4858
f 4845/2456/4845 4855/2469/4855 4857/2471/4857
f 4857/2471/4857 4858/2470/4858 4859/2472/4859
f 4856/2468/4856 4861/2477/4861 4860/2473/4860
f 4858/2474/4858 4860/2473/4860 4863/2475/4863
f 4861/2477/4861 4894/2517/4894 4862/2478/4862
f 4860/2473/4860 4862/2478/4862 4864/2479/4864
f 4866/2480/4866 4865/2481/4865 4863/2475/4863
f 4865/2481/4865 4868/2485/4868 4859/2482/4859
f 4893/2483/4893 4867/2484/4867 4865/2481/4865
f 4867/2484/4867 4869/2493/4869 4868/2485/4868
f 4869/2486/4869 4871/2490/4871 4870/2487/4870
f 4868/2488/4868 4870/2487/4870 4838/2440/4838
f 4870/2487/4870 4871/2490/4871 4872/2489/4872
f 4871/2490/4871 4873/2494/4873 4876/2491/4876
f 4869/2493/4869 4874/2495/4874 4873/2494/4873
f 4874/2495/4874 4889/2513/4889 4875/2496/4875
f 4873/2494/4873 4875/2496/4875 4877/2497/4877
f 4875/2498/4875 4880/2501/4880 4878/2499/4878
f 4880/2501/4880 4882/2505/4882 4879/2502/4879
f 4889/2503/4889 4881/2504/4881 4880/2501/4880
f 4881/2504/4881 4883/3085/4883 4882/2505/4882
f 4884/2506/4884 4883/3085/4883 4881/2504/4881
f 4885/2508/4885 4884/2506/4884 4886/2507/4886
f 4887/2509/4887 4886/2507/4886 4888/2510/4888
f 4886/2507/4886 4881/2504/4881 4889/2503/4889
f 4888/2932/4888 4889/2513/4889 4874/2495/4874
f 4890/2514/4890 4888/2932/4888 4891/2512/4891
f 4892/2515/4892 4891/2512/4891 4867/2484/4867
f 4891/2512/4891 4874/2495/4874 4869/2493/4869
f 4861/2477/4861 4897/2518/4897 4895/2516/4895
f 4897/2518/4897 4898/2520/4898 4896/2519/4896
f 4856/2468/4856 4854/2467/4854 4897/2518/4897
f 4854/2467/4854 4899/2466/4899 4898/2520/4898
f 4898/2520/4898 4900/2522/4900 4903/2521/4903
f 4899/2466/4899 4901/2523/4901 4900/2522/4900
f 4901/2523/4901 4926/2529/4926 4902/2524/4902
f 4900/2522/4900 4902/2524/4902 4904/2525/4904
f 4902/2524/4902 4907/2527/4907 4905/2526/4905
f 4907/2527/4907 4909/2531/4909 4906/2528/4906
f 4926/2529/4926 4908/2530/4908 4907/2527/4907
f 4908/2530/4908 4910/2547/4910 4909/2531/4909
f 4909/2532/4909 4911/2536/4911 4914/2533/4914
f 4910/2535/4910 4912/2537/4912 4911/2536/4911
f 4912/2537/4912 4916/2541/4916 4913/2538/4913
f 4911/2536/4911 4913/2538/4913 4915/2539/4915
f 4919/2540/4919 4917/2544/4917 4916/2541/4916
f 4920/2543/4920 4918/2566/4918 4917/2544/4917
f 4922/2545/4922 4920/2543/4920 4919/2540/4919
f 4921/2546/4921 4919/2540/4919 4912/2542/4912
f 4923/2548/4923 4921/2546/4921 4910/2547/4910
f 4924/2549/4924 4922/2545/4922 4921/2546/4921
f 4927/2550/4927 4924/2549/4924 4923/2548/4923
f 4925/2551/4925 4923/2548/4923 4908/2530/4908
f 4928/2552/4928 4925/2551/4925 4926/2529/4926
f 4929/2553/4929 4927/2550/4927 4925/2551/4925
f 4929/2553/4929 4928/2552/4928 4853/2554/4853
f 4853/2554/4853 4928/2552/4928 4901/2523/4901
f 4930/2555/4930 4929/2553/4929 4851/2464/4851
f 4932/2556/4932 4927/2550/4927 4929/2553/4929
f 4931/2557/4931 4930/2555/4930 4849/2461/4849
f 4933/2558/4933 4932/2556/4932 4930/2555/4930
f 4934/2559/4934 4924/2549/4924 4927/2550/4927
f 4935/2560/4935 4934/2559/4934 4932/2556/4932
f 4937/2561/4937 4936/2562/4936 4934/2559/4934
f 4936/2562/4936 4922/2545/4922 4924/2549/4924
f 4938/2565/4938 4920/2543/4920 4922/2545/4922
f 4939/2563/4939 4938/2565/4938 4936/2562/4936
f 4941/2564/4941 4940/2933/4940 4938/2565/4938
f 4940/2933/4940 4918/2566/4918 4920/2543/4920
f 4942/2567/4942 4941/3086/4941 4939/2568/4939
f 4943/2570/4943 4942/2567/4942 4944/2569/4944
f 4945/2571/4945 4944/2569/4944 4946/2572/4946
f 4944/2569/4944 4939/2568/4939 4937/2574/4937
f 4946/2572/4946 4937/2561/4937 4935/2560/4935
f 4947/2576/4947 4946/2572/4946 4948/2575/4948
f 4949/2577/4949 4948/2575/4948 4950/2578/4950
f 4948/2575/4948 4935/2560/4935 4933/2558/4933
f 4950/2578/4950 4933/2558/4933 4931/2557/4931
f 4951/2579/4951 4950/2578/4950 4952/2580/4952
f 4953/2581/4953 4952/2580/4952 4954/2582/4954
f 4952/2580/4952 4931/2557/4931 4955/2460/4955
f 4954/2582/4954 4955/2460/4955 4848/2458/4848
f 4956/2583/4956 4954/2582/4954 4957/2584/4957
f 4958/2585/4958 4957/2584/4957 4959/2586/4959
f 4957/2584/4957 4848/2458/4848 4846/2459/4846
f 4959/2586/4959 4846/2459/4846 4843/2588/4843
f 4960/2587/4960 4959/2586/4959 4961/2589/4961
f 4962/2590/4962 4961/2589/4961 4963/2591/4963
f 4961/2589/4961 4843/2588/4843 4840/2593/4840
f 4966/2594/4966 4965/2597/4965 4963/2595/4963
f 4965/2597/4965 4968/2600/4968 4964/2592/4964
f 4992/2598/4992 4967/2599/4967 4965/2597/4965
f 4967/2599/4967 4969/2601/4969 4968/2600/4968
f 4969/2601/4969 4967/2606/4967 4972/2602/4972
f 4970/2603/4970 4972/2602/4972 4974/2604/4974
f 4967/2606/4967 4992/2598/4992 4973/2607/4973
f 4972/2602/4972 4973/2607/4973 4975/2608/4975
f 4974/2609/4974 4975/2620/4975 4977/2610/4977
f 4971/2612/4971 4974/2609/4974 4976/2611/4976
f 4976/2611/4976 4977/2610/4977 4981/2614/4981
f 4976/2611/4976 4978/2615/4978 4980/2616/4980
f 4977/2610/4977 4984/2618/4984 4982/2617/4982
f 4984/2618/4984 4986/2622/4986 4983/2619/4983
f 4975/2620/4975 4985/2621/4985 4984/2618/4984
f 4985/2621/4985 4987/3087/4987 4986/2622/4986
f 4990/2623/4990 4988/2627/4988 4987/2624/4987
f 4991/2626/4991 4989/3088/4989 4988/2627/4988
f 4992/2598/4992 4991/2626/4991 4990/2623/4990
f 4973/2607/4973 4990/2623/4990 4985/2625/4985
f 4989/2628/4989 4991/2629/4991 4841/2448/4841
f 4991/2629/4991 4992/2598/4992 4966/2630/4966
f 4997/2440/4997 5029/2487/5029 4994/2441/4994
f 4995/2443/4995 5000/2448/5000 4998/2444/4998
f 4998/2445/4998 5001/2453/5001 4996/2446/4996
f 4996/2446/4996 5016/2471/5016 4997/2447/4997
f 5000/2448/5000 5125/2630/5125 4999/2449/4999
f 5002/2450/5002 5001/2453/5001 4998/2445/4998
f 5005/2452/5005 5003/2454/5003 5001/2453/5001
f 5003/2454/5003 5004/2456/5004 4996/2446/4996
f 5006/2455/5006 5009/2462/5009 5004/2456/5004
f 5007/2458/5007 5006/2455/5006 5003/2457/5003
f 5114/2460/5114 5008/2461/5008 5006/2455/5006
f 5008/2461/5008 5010/2464/5010 5009/2462/5009
f 5009/2462/5009 5011/2465/5011 5014/2463/5014
f 5009/2462/5009 5010/2464/5010 5012/2554/5012
f 5011/2465/5011 5012/2554/5012 5058/2466/5058
f 5011/2465/5011 5013/2467/5013 5015/2468/5015
f 5014/2469/5014 5015/3084/5015 5017/2470/5017
f 5004/2456/5004 5014/2469/5014 5016/2471/5016
f 5016/2471/5016 5017/2470/5017 5018/2472/5018
f 5015/2468/5015 5020/2477/5020 5019/2473/5019
f 5017/2474/5017 5019/2473/5019 5022/2475/5022
f 5020/2477/5020 5053/2517/5053 5021/2478/5021
f 5019/2473/5019 5021/2478/5021 5023/2479/5023
f 5025/2480/5025 5024/2481/5024 5022/2475/5022
f 5024/2481/5024 5027/2485/5027 5018/2482/5018
f 5052/2483/5052 5026/2484/5026 5024/2481/5024
f 5026/2484/5026 5028/2493/5028 5027/2485/5027
f 5028/2486/5028 5030/2490/5030 5029/2487/5029
f 5027/2488/5027 5029/2487/5029 4997/2440/4997
f 5029/2487/5029 5030/2490/5030 5031/2489/5031
f 5030/2490/5030 5032/2494/5032 5035/2491/5035
f 5033/2495/5033 5032/2494/5032 5030/2490/5030
f 5033/2495/5033 5048/2513/5048 5034/2496/5034
f 5032/2494/5032 5034/2496/5034 5036/2497/5036
f 5034/2498/5034 5039/2501/5039 5037/2499/5037
f 5039/2501/5039 5041/2505/5041 5038/2502/5038
f 5048/2503/5048 5040/2504/5040 5039/2501/5039
f 5040/2504/5040 5042/3085/5042 5041/2505/5041
f 5043/2506/5043 5042/3085/5042 5040/2504/5040
f 5044/2508/5044 5043/2506/5043 5045/2507/5045
f 5046/2509/5046 5045/2507/5045 5047/2510/5047
f 5045/2507/5045 5040/2504/5040 5048/2503/5048
f 5047/2932/5047 5048/2513/5048 5033/2495/5033
f 5049/2514/5049 5047/2932/5047 5050/2512/5050
f 5051/2515/5051 5050/2512/5050 5026/2484/5026
f 5050/2512/5050 5033/2495/5033 5028/2493/5028
f 5020/2477/5020 5056/2518/5056 5054/2516/5054
f 5056/2518/5056 5057/2520/5057 5055/2519/5055
f 5015/2468/5015 5013/2467/5013 5056/2518/5056
f 5013/2467/5013 5058/2466/5058 5057/2520/5057
f 5057/2520/5057 5059/2522/5059 5062/2521/5062
f 5058/2466/5058 5060/2523/5060 5059/2522/5059
f 5060/2523/5060 5085/2529/5085 5061/2524/5061
f 5059/2522/5059 5061/2524/5061 5063/2525/5063
f 5061/2524/5061 5066/2527/5066 5064/2526/5064
f 5066/2527/5066 5068/2531/5068 5065/2528/5065
f 5085/2529/5085 5067/2530/5067 5066/2527/5066
f 5067/2530/5067 5069/2547/5069 5068/2531/5068
f 5068/2532/5068 5070/2536/5070 5073/2533/5073
f 5069/2535/5069 5071/2537/5071 5070/2536/5070
f 5071/2537/5071 5075/2541/5075 5072/2538/5072
f 5070/2536/5070 5072/2538/5072 5074/2539/5074
f 5078/2540/5078 5076/2544/5076 5075/2541/5075
f 5079/2543/5079 5077/2566/5077 5076/2544/5076
f 5081/2545/5081 5079/2543/5079 5078/2540/5078
f 5080/2546/5080 5078/2540/5078 5071/2542/5071
f 5082/2548/5082 5080/2546/5080 5069/2547/5069
f 5083/2549/5083 5081/2545/5081 5080/2546/5080
f 5086/2550/5086 5083/2549/5083 5082/2548/5082
f 5084/2551/5084 5082/2548/5082 5067/2530/5067
f 5087/2552/5087 5084/2551/5084 5085/2529/5085
f 5088/2553/5088 5086/2550/5086 5084/2551/5084
f 5010/2464/5010 5088/2553/5088 5087/2552/5087
f 5012/2554/5012 5087/2552/5087 5060/2523/5060
f 5089/2555/5089 5088/2553/5088 5010/2464/5010
f 5091/2556/5091 5086/2550/5086 5088/2553/5088
f 5090/2557/5090 5089/2555/5089 5008/2461/5008
f 5092/2558/5092 5091/2556/5091 5089/2555/5089
f 5093/2559/5093 5083/2549/5083 5086/2550/5086
f 5094/2560/5094 5093/2559/5093 5091/2556/5091
f 5096/2561/5096 5095/2562/5095 5093/2559/5093
f 5095/2562/5095 5081/2545/5081 5083/2549/5083
f 5097/2565/5097 5079/2543/5079 5081/2545/5081
f 5098/2563/5098 5097/2565/5097 5095/2562/5095
f 5100/2564/5100 5099/2933/5099 5097/2565/5097
f 5099/2933/5099 5077/2566/5077 5079/2543/5079
f 5101/2567/5101 5100/3086/5100 5098/2568/5098
f 5102/2570/5102 5101/2567/5101 5103/2569/5103
f 5104/2571/5104 5103/2569/5103 5105/2572/5105
f 5103/2569/5103 5098/2568/5098 5096/2574/5096
f 5105/2572/5105 5096/2561/5096 5094/2560/5094
f 5106/2576/5106 5105/2572/5105 5107/2575/5107
f 5108/2577/5108 5107/2575/5107 5109/2578/5109
f 5107/2575/5107 5094/2560/5094 5092/2558/5092
f 5109/2578/5109 5092/2558/5092 5090/2557/5090
f 5110/2579/5110 5109/2578/5109 5111/2580/5111
f 5112/2581/5112 5111/2580/5111 5113/2582/5113
f 5111/2580/5111 5090/2557/5090 5114/2460/5114
f 5113/2582/5113 5114/2460/5114 5007/2458/5007
f 5115/2583/5115 5113/2582/5113 5116/2584/5116
f 5117/2585/5117 5116/2584/5116 5118/2586/5118
f 5116/2584/5116 5007/2458/5007 5005/2459/5005
f 5118/2586/5118 5005/2459/5005 5002/2588/5002
f 5119/2587/5119 5118/2586/5118 5120/2589/5120
f 5121/2590/5121 5120/2589/5120 5122/2591/5122
f 5120/2589/5120 5002/2588/5002 4999/2593/4999
f 5125/2594/5125 5124/2597/5124 5122/2595/5122
f 5124/2597/5124 5127/2600/5127 5123/2592/5123
f 5151/2598/5151 5126/2599/5126 5124/2597/5124
f 5126/2599/5126 5128/2601/5128 5127/2600/5127
f 5128/2601/5128 5126/2606/5126 5131/2602/5131
f 5129/2603/5129 5131/2602/5131 5133/2604/5133
f 5126/2606/5126 5151/2598/5151 5132/2607/5132
f 5131/2602/5131 5132/2607/5132 5134/2608/5134
f 5133/2609/5133 5134/2620/5134 5136/2610/5136
f 5130/2612/5130 5133/2609/5133 5135/2611/5135
f 5135/2611/5135 5136/2610/5136 5140/2614/5140
f 5135/2611/5135 5137/2615/5137 5139/2616/5139
f 5136/2610/5136 5143/2618/5143 5141/2617/5141
f 5143/2618/5143 5145/2622/5145 5142/2619/5142
f 5134/2620/5134 5144/2621/5144 5143/2618/5143
f 5144/2621/5144 5146/3087/5146 5145/2622/5145
f 5149/2623/5149 5147/2627/5147 5146/2624/5146
f 5150/2626/5150 5148/3088/5148 5147/2627/5147
f 5151/2598/5151 5150/2626/5150 5149/2623/5149
f 5132/2607/5132 5149/2623/5149 5144/2625/5144
f 5148/2628/5148 5150/2629/5150 5000/2448/5000
f 5150/2629/5150 5151/2598/5151 5125/2630/5125
f 5156/2631/5156 5188/2679/5188 5153/2632/5153
f 5154/2634/5154 5159/2639/5159 5157/2635/5157
f 5157/2636/5157 5160/2644/5160 5155/2637/5155
f 5155/2637/5155 5175/2661/5175 5156/2638/5156
f 5159/2639/5159 5294/2834/5294 5158/2640/5158
f 5161/2641/5161 5160/2644/5160 5157/2636/5157
f 5164/2643/5164 5162/2645/5162 5160/2644/5160
f 5162/2645/5162 5163/2662/5163 5155/2637/5155
f 5165/2646/5165 5168/2653/5168 5163/2647/5163
f 5166/2649/5166 5165/2646/5165 5162/2648/5162
f 5284/2651/5284 5167/2652/5167 5165/2646/5165
f 5167/2652/5167 5169/2655/5169 5168/2653/5168
f 5168/2653/5168 5170/2656/5170 5173/2654/5173
f 5169/2655/5169 5171/2657/5171 5170/2656/5170
f 5171/2657/5171 5227/2722/5227 5172/2658/5172
f 5170/2656/5170 5172/2658/5172 5174/2659/5174
f 5173/2654/5173 5174/3089/5174 5176/2660/5176
f 5163/2662/5163 5173/2654/5173 5175/2661/5175
f 5175/2661/5175 5176/2660/5176 5177/2663/5177
f 5174/2659/5174 5179/2668/5179 5178/2664/5178
f 5176/2665/5176 5178/2664/5178 5181/2666/5181
f 5179/2668/5179 5222/2717/5222 5180/2669/5180
f 5178/2664/5178 5180/2669/5180 5182/2670/5182
f 5184/2671/5184 5183/2674/5183 5181/2672/5181
f 5183/2674/5183 5186/2677/5186 5177/2663/5177
f 5221/2675/5221 5185/2676/5185 5183/2674/5183
f 5185/2676/5185 5187/2686/5187 5186/2677/5186
f 5187/2678/5187 5189/2970/5189 5188/2679/5188
f 5186/2680/5186 5188/2679/5188 5156/2631/5156
f 5188/2679/5188 5189/2970/5189 5190/2682/5190
f 5189/2683/5189 5191/2687/5191 5194/2684/5194
f 5187/2686/5187 5192/2688/5192 5191/2687/5191
f 5192/2688/5192 5218/2694/5218 5193/2689/5193
f 5191/2687/5191 5193/2689/5193 5195/2690/5195
f 5193/2689/5193 5198/2692/5198 5196/2691/5196
f 5198/2692/5198 5200/2696/5200 5197/2693/5197
f 5218/2694/5218 5199/2695/5199 5198/2692/5198
f 5199/2695/5199 5201/2699/5201 5200/2696/5200
f 5200/2697/5200 5202/2700/5202 5205/2698/5205
f 5201/2699/5201 5203/2701/5203 5202/2700/5202
f 5203/2701/5203 5207/3090/5207 5204/2702/5204
f 5202/2700/5202 5204/2702/5204 5206/2703/5206
f 5208/2704/5208 5207/3090/5207 5203/2701/5203
f 5209/2706/5209 5208/2704/5208 5210/2705/5210
f 5211/2707/5211 5210/2705/5210 5212/2708/5212
f 5210/2705/5210 5203/2701/5203 5201/2699/5201
f 5214/2710/5214 5212/2934/5212 5201/2699/5201
f 5213/2709/5213 5212/2934/5212 5214/2710/5214
f 5215/2711/5215 5214/2710/5214 5216/2712/5216
f 5216/2712/5216 5214/2710/5214 5199/2695/5199
f 5217/2713/5217 5216/2712/5216 5219/2714/5219
f 5219/2714/5219 5216/2712/5216 5218/2694/5218
f 5220/2715/5220 5219/2714/5219 5185/2676/5185
f 5219/2714/5219 5192/2688/5192 5187/2686/5187
f 5225/2716/5225 5223/2719/5223 5222/2717/5222
f 5225/2716/5225 5226/2720/5226 5224/2718/5224
f 5172/2658/5172 5225/2716/5225 5179/2668/5179
f 5227/2722/5227 5226/2720/5226 5225/2716/5225
f 5226/2720/5226 5228/2723/5228 5231/2721/5231
f 5227/2722/5227 5229/2724/5229 5228/2723/5228
f 5229/2724/5229 5255/2730/5255 5230/2725/5230
f 5228/2723/5228 5230/2725/5230 5232/2726/5232
f 5230/2725/5230 5235/2728/5235 5233/2727/5233
f 5235/2728/5235 5237/2732/5237 5234/2729/5234
f 5255/2730/5255 5236/2731/5236 5235/2728/5235
f 5236/2731/5236 5238/2748/5238 5237/2732/5237
f 5237/2733/5237 5239/2737/5239 5242/2734/5242
f 5238/2736/5238 5240/2738/5240 5239/2737/5239
f 5240/2738/5240 5244/2742/5244 5241/2739/5241
f 5239/2737/5239 5241/2739/5241 5243/2740/5243
f 5247/2741/5247 5245/2745/5245 5244/2742/5244
f 5248/2744/5248 5246/2943/5246 5245/2745/5245
f 5250/2746/5250 5248/2744/5248 5247/2741/5247
f 5249/2747/5249 5247/2741/5247 5240/2743/5240
f 5249/2747/5249 5238/2748/5238 5236/2731/5236
f 5250/2746/5250 5249/2747/5249 5251/2749/5251
f 5252/2750/5252 5251/2749/5251 5253/2751/5253
f 5253/2751/5253 5251/2749/5251 5236/2731/5236
f 5254/2752/5254 5253/2751/5253 5256/2753/5256
f 5256/2753/5256 5253/2751/5253 5255/2730/5255
f 5257/2754/5257 5256/2753/5256 5171/2657/5171
f 5171/2657/5171 5256/2753/5256 5229/2724/5229
f 5258/2755/5258 5257/2754/5257 5169/2655/5169
f 5260/2756/5260 5254/2752/5254 5257/2754/5257
f 5259/2757/5259 5258/2755/5258 5167/2652/5167
f 5261/2758/5261 5260/2756/5260 5258/2755/5258
f 5263/2759/5263 5262/2760/5262 5260/2756/5260
f 5262/2760/5262 5252/2750/5252 5254/2752/5254
f 5265/2761/5265 5264/2762/5264 5262/2760/5262
f 5264/2762/5264 5250/2746/5250 5252/2750/5252
f 5264/2762/5264 5266/2763/5266 5248/2744/5248
f 5267/2764/5267 5266/2763/5266 5264/2762/5264
f 5269/2765/5269 5268/2766/5268 5266/2763/5266
f 5266/2763/5266 5268/2766/5268 5246/2943/5246
f 5270/2767/5270 5269/3017/5269 5267/2768/5267
f 5271/2770/5271 5270/2767/5270 5272/2769/5272
f 5273/2771/5273 5272/2769/5272 5274/2772/5274
f 5272/2769/5272 5267/2768/5267 5265/2774/5265
f 5274/2775/5274 5265/3091/5265 5263/2776/5263
f 5275/2773/5275 5274/2775/5274 5276/2777/5276
f 5276/2777/5276 5263/2776/5263 5261/2779/5261
f 5278/2778/5278 5276/2777/5276 5277/2780/5277
f 5279/2781/5279 5277/2780/5277 5282/2782/5282
f 5280/2783/5280 5282/2782/5282 5283/2784/5283
f 5277/2780/5277 5261/2779/5261 5259/2757/5259
f 5282/2782/5282 5259/2757/5259 5284/2786/5284
f 5283/2787/5283 5284/2651/5284 5166/2649/5166
f 5281/2789/5281 5283/2787/5283 5285/2788/5285
f 5286/2790/5286 5285/2788/5285 5287/2791/5287
f 5285/2788/5285 5166/2649/5166 5164/2650/5164
f 5287/2791/5287 5164/2650/5164 5161/2793/5161
f 5288/2792/5288 5287/2791/5287 5289/2794/5289
f 5290/2795/5290 5289/2794/5289 5291/2796/5291
f 5289/2794/5289 5161/2793/5161 5158/2642/5158
f 5294/2798/5294 5293/2801/5293 5291/2799/5291
f 5293/2801/5293 5296/2805/5296 5292/2802/5292
f 5320/2803/5320 5295/2804/5295 5293/2801/5293
f 5295/2804/5295 5297/2806/5297 5296/2805/5296
f 5297/2806/5297 5295/2811/5295 5300/2807/5300
f 5298/2808/5298 5300/2807/5300 5302/2809/5302
f 5295/2811/5295 5320/2832/5320 5301/2812/5301
f 5300/2807/5300 5301/2812/5301 5303/2813/5303
f 5302/2814/5302 5303/2813/5303 5305/2815/5305
f 5299/2818/5299 5302/2814/5302 5304/2816/5304
f 5304/2816/5304 5305/2815/5305 5309/2819/5309
f 5304/2816/5304 5306/2820/5306 5308/2821/5308
f 5305/2815/5305 5312/2823/5312 5310/2822/5310
f 5312/2823/5312 5314/2826/5314 5311/2824/5311
f 5303/2813/5303 5313/2825/5313 5312/2823/5312
f 5313/2825/5313 5315/3043/5315 5314/2826/5314
f 5318/2827/5318 5316/2831/5316 5315/2828/5315
f 5319/2830/5319 5317/2833/5317 5316/2831/5316
f 5320/2832/5320 5319/2830/5319 5318/2827/5318
f 5301/2812/5301 5318/2827/5318 5313/2829/5313
f 5317/2833/5317 5319/2830/5319 5159/2639/5159
f 5319/2830/5319 5320/2832/5320 5294/2834/5294
f 5325/2944/5325 5357/2969/5357 5322/2945/5322
f 5323/2947/5323 5328/2639/5328 5326/2636/5326
f 5326/2636/5326 5329/2950/5329 5324/2637/5324
f 5324/2637/5324 5344/2661/5344 5325/2944/5325
f 5328/2639/5328 5463/3031/5463 5327/2642/5327
f 5330/2948/5330 5329/2950/5329 5326/2636/5326
f 5333/2949/5333 5331/2951/5331 5329/2950/5329
f 5331/2951/5331 5332/2647/5332 5324/2637/5324
f 5334/2952/5334 5337/2955/5337 5332/2647/5332
f 5335/2953/5335 5334/2952/5334 5331/2951/5331
f 5453/2954/5453 5336/2652/5336 5334/2952/5334
f 5336/2652/5336 5338/2957/5338 5337/2955/5337
f 5337/2955/5337 5339/2656/5339 5342/2956/5342
f 5338/2957/5338 5340/2958/5340 5339/2656/5339
f 5340/2958/5340 5396/2987/5396 5341/2959/5341
f 5339/2656/5339 5341/2959/5341 5343/2659/5343
f 5342/2956/5342 5343/2659/5343 5345/2960/5345
f 5332/2647/5332 5342/2956/5342 5344/2661/5344
f 5344/2661/5344 5345/2960/5345 5346/2961/5346
f 5343/2659/5343 5348/2964/5348 5347/2962/5347
f 5345/2960/5345 5347/2962/5347 5350/2963/5350
f 5348/2964/5348 5391/2985/5391 5349/2669/5349
f 5347/2962/5347 5349/2669/5349 5351/2670/5351
f 5353/2965/5353 5352/2674/5352 5350/2963/5350
f 5352/2674/5352 5355/2968/5355 5346/2961/5346
f 5390/2966/5390 5354/2967/5354 5352/2674/5352
f 5354/2967/5354 5356/2686/5356 5355/2968/5355
f 5356/2686/5356 5358/2970/5358 5357/2969/5357
f 5355/2968/5355 5357/2969/5357 5325/2944/5325
f 5357/2969/5357 5358/2970/5358 5359/2682/5359
f 5358/2970/5358 5360/2971/5360 5363/2684/5363
f 5356/2686/5356 5361/2972/5361 5360/2971/5360
f 5361/2972/5361 5387/2975/5387 5362/2973/5362
f 5360/2971/5360 5362/2973/5362 5364/2690/5364
f 5362/2973/5362 5367/2692/5367 5365/2691/5365
f 5367/2692/5367 5369/2976/5369 5366/2974/5366
f 5387/2975/5387 5368/2695/5368 5367/2692/5367
f 5368/2695/5368 5370/2977/5370 5369/2976/5369
f 5369/2976/5369 5371/2978/5371 5374/2698/5374
f 5370/2977/5370 5372/2701/5372 5371/2978/5371
f 5372/2701/5372 5376/3090/5376 5373/2702/5373
f 5371/2978/5371 5373/2702/5373 5375/2703/5375
f 5377/2704/5377 5376/3090/5376 5372/2701/5372
f 5378/2706/5378 5377/2704/5377 5379/2705/5379
f 5380/2707/5380 5379/2705/5379 5381/2979/5381
f 5379/2705/5379 5372/2701/5372 5370/2977/5370
f 5383/2710/5383 5381/2979/5381 5370/2977/5370
f 5382/2709/5382 5381/2979/5381 5383/2710/5383
f 5384/2980/5384 5383/2710/5383 5385/2981/5385
f 5385/2981/5385 5383/2710/5383 5368/2695/5368
f 5386/2982/5386 5385/2981/5385 5388/2983/5388
f 5388/2983/5388 5385/2981/5385 5387/2975/5387
f 5389/2984/5389 5388/2983/5388 5354/2967/5354
f 5388/2983/5388 5361/2972/5361 5356/2686/5356
f 5394/2716/5394 5392/2986/5392 5391/2985/5391
f 5394/2716/5394 5395/2989/5395 5393/2718/5393
f 5341/2959/5341 5394/2716/5394 5348/2964/5348
f 5396/2987/5396 5395/2989/5395 5394/2716/5394
f 5397/2988/5397 5400/2992/5400 5393/2718/5393
f 5398/2990/5398 5397/2988/5397 5395/2989/5395
f 5424/2991/5424 5399/2725/5399 5397/2988/5397
f 5399/2725/5399 5401/2994/5401 5400/2992/5400
f 5404/2993/5404 5402/2727/5402 5401/2994/5401
f 5406/2995/5406 5403/2729/5403 5402/2727/5402
f 5405/2996/5405 5404/2993/5404 5399/2725/5399
f 5407/2748/5407 5406/2995/5406 5404/2993/5404
f 5406/2995/5406 5408/2999/5408 5411/2734/5411
f 5409/2997/5409 5408/2999/5408 5406/2995/5406
f 5409/2997/5409 5413/2742/5413 5410/2998/5410
f 5408/2999/5408 5410/2998/5410 5412/3000/5412
f 5416/3001/5416 5414/3003/5414 5413/2742/5413
f 5417/3002/5417 5415/3094/5415 5414/3003/5414
f 5417/3002/5417 5416/3001/5416 5418/3004/5418
f 5416/3001/5416 5409/2997/5409 5407/2748/5407
f 5418/3004/5418 5407/2748/5407 5405/2996/5405
f 5419/2746/5419 5418/3004/5418 5420/3005/5420
f 5421/3006/5421 5420/3005/5420 5422/3007/5422
f 5420/3005/5420 5405/2996/5405 5424/2991/5424
f 5423/3008/5423 5422/3007/5422 5425/3009/5425
f 5422/3007/5422 5424/2991/5424 5398/2990/5398
f 5426/3010/5426 5425/3009/5425 5340/2958/5340
f 5425/3009/5425 5398/2990/5398 5396/2987/5396
f 5427/2755/5427 5426/3010/5426 5338/2957/5338
f 5429/3011/5429 5423/3008/5423 5426/3010/5426
f 5428/3012/5428 5427/2755/5427 5336/2652/5336
f 5430/3013/5430 5429/3011/5429 5427/2755/5427
f 5432/3014/5432 5431/2760/5431 5429/3011/5429
f 5431/2760/5431 5421/3006/5421 5423/3008/5423
f 5434/3015/5434 5433/3016/5433 5431/2760/5431
f 5433/3016/5433 5419/2746/5419 5421/3006/5421
f 5435/2763/5435 5417/3002/5417 5419/2746/5419
f 5436/2768/5436 5435/2763/5435 5433/3016/5433
f 5438/3017/5438 5437/2766/5437 5435/2763/5435
f 5437/2766/5437 5415/3094/5415 5417/3002/5417
f 5439/2767/5439 5438/3017/5438 5436/2768/5436
f 5440/2770/5440 5439/2767/5439 5441/2769/5441
f 5442/3018/5442 5441/2769/5441 5443/3019/5443
f 5441/2769/5441 5436/2768/5436 5434/3015/5434
f 5443/3019/5443 5434/3015/5434 5432/3014/5432
f 5444/3020/5444 5443/3019/5443 5445/3021/5445
f 5445/3021/5445 5432/3014/5432 5430/3013/5430
f 5447/3022/5447 5445/3021/5445 5446/3023/5446
f 5448/2781/5448 5446/3023/5446 5451/2782/5451
f 5449/2783/5449 5451/2782/5451 5452/3024/5452
f 5446/3023/5446 5430/3013/5430 5428/3012/5428
f 5451/2782/5451 5428/3012/5428 5453/2954/5453
f 5452/3024/5452 5453/2954/5453 5335/2953/5335
f 5450/3025/5450 5452/3024/5452 5454/3026/5454
f 5455/2790/5455 5454/3026/5454 5456/3027/5456
f 5454/3026/5454 5335/2953/5335 5333/2949/5333
f 5456/3027/5456 5333/2949/5333 5330/2948/5330
f 5457/2792/5457 5456/3027/5456 5458/3028/5458
f 5459/3029/5459 5458/3028/5458 5460/3030/5460
f 5458/3028/5458 5330/2948/5330 5327/2642/5327
f 5463/3031/5463 5462/3032/5462 5460/3030/5460
f 5462/3032/5462 5465/2805/5465 5461/2802/5461
f 5489/2803/5489 5464/3033/5464 5462/3032/5462
f 5464/3033/5464 5466/3034/5466 5465/2805/5465
f 5466/3034/5466 5464/3033/5464 5469/3035/5469
f 5467/3036/5467 5469/3035/5469 5471/3037/5471
f 5464/3033/5464 5489/2803/5489 5470/3038/5470
f 5469/3035/5469 5470/3038/5470 5472/2813/5472
f 5471/3037/5471 5472/2813/5472 5474/2815/5474
f 5468/2818/5468 5471/3037/5471 5473/2816/5473
f 5473/2816/5473 5474/2815/5474 5478/3040/5478
f 5473/2816/5473 5475/2820/5475 5477/2821/5477
f 5474/2815/5474 5481/3041/5481 5479/2822/5479
f 5481/3041/5481 5483/2826/5483 5480/2824/5480
f 5472/2813/5472 5482/3042/5482 5481/3041/5481
f 5482/3042/5482 5484/3043/5484 5483/2826/5483
f 5487/2827/5487 5485/3044/5485 5484/3043/5484
f 5488/2830/5488 5486/2833/5486 5485/3044/5485
f 5489/2803/5489 5488/2830/5488 5487/2827/5487
f 5470/3038/5470 5487/2827/5487 5482/3042/5482
f 5486/2833/5486 5488/2830/5488 5328/2639/5328
f 5488/2830/5488 5489/2803/5489 5463/3031/5463
f 5494/2440/5494 5526/2487/5526 5491/2441/5491
f 5492/2443/5492 5497/2448/5497 5495/2444/5495
f 5495/2445/5495 5498/2453/5498 5493/2446/5493
f 5493/2446/5493 5513/2471/5513 5494/2447/5494
f 5497/2448/5497 5622/2630/5622 5496/2449/5496
f 5499/2450/5499 5498/2453/5498 5495/2445/5495
f 5502/2452/5502 5500/2454/5500 5498/2453/5498
f 5500/2454/5500 5501/2456/5501 5493/2446/5493
f 5503/2455/5503 5506/2462/5506 5501/2456/5501
f 5504/2458/5504 5503/2455/5503 5500/2457/5500
f 5611/2460/5611 5505/2461/5505 5503/2455/5503
f 5505/2461/5505 5507/2464/5507 5506/2462/5506
f 5506/2462/5506 5508/2465/5508 5511/2463/5511
f 5507/2464/5507 5509/2554/5509 5508/2465/5508
f 5509/2554/5509 5555/2466/5555 5510/2467/5510
f 5508/2465/5508 5510/2467/5510 5512/2468/5512
f 5511/2469/5511 5512/3084/5512 5514/2470/5514
f 5493/2446/5493 5501/2456/5501 5511/2469/5511
f 5513/2471/5513 5514/2470/5514 5515/2472/5515
f 5512/2468/5512 5517/2477/5517 5516/2473/5516
f 5514/2474/5514 5516/2473/5516 5519/2475/5519
f 5517/2477/5517 5550/2517/5550 5518/2478/5518
f 5516/2473/5516 5518/2478/5518 5520/2479/5520
f 5522/2480/5522 5521/2481/5521 5519/2475/5519
f 5521/2481/5521 5524/2485/5524 5515/2482/5515
f 5549/2483/5549 5523/2484/5523 5521/2481/5521
f 5523/2484/5523 5525/2493/5525 5524/2485/5524
f 5525/2486/5525 5527/2490/5527 5526/2487/5526
f 5524/2488/5524 5526/2487/5526 5494/2440/5494
f 5526/2487/5526 5527/2490/5527 5528/2489/5528
f 5527/2490/5527 5529/2494/5529 5532/2491/5532
f 5525/2493/5525 5530/2495/5530 5529/2494/5529
f 5530/2495/5530 5545/2513/5545 5531/2496/5531
f 5529/2494/5529 5531/2496/5531 5533/2497/5533
f 5531/2498/5531 5536/2501/5536 5534/2499/5534
f 5536/2501/5536 5538/2505/5538 5535/2502/5535
f 5545/2503/5545 5537/2504/5537 5536/2501/5536
f 5537/2504/5537 5539/3085/5539 5538/2505/5538
f 5540/2506/5540 5539/3085/5539 5537/2504/5537
f 5541/2508/5541 5540/2506/5540 5542/2507/5542
f 5543/2509/5543 5542/2507/5542 5544/2510/5544
f 5544/2510/5544 5542/2507/5542 5537/2504/5537
f 5547/2512/5547 5544/2932/5544 5545/2513/5545
f 5546/2514/5546 5544/2932/5544 5547/2512/5547
f 5548/2515/5548 5547/2512/5547 5523/2484/5523
f 5547/2512/5547 5530/2495/5530 5525/2493/5525
f 5517/2477/5517 5553/2518/5553 5551/2516/5551
f 5553/2518/5553 5554/2520/5554 5552/2519/5552
f 5512/2468/5512 5510/2467/5510 5553/2518/5553
f 5510/2467/5510 5555/2466/5555 5554/2520/5554
f 5554/2520/5554 5556/2522/5556 5559/2521/5559
f 5557/2523/5557 5556/2522/5556 5554/2520/5554
f 5557/2523/5557 5582/2529/5582 5558/2524/5558
f 5556/2522/5556 5558/2524/5558 5560/2525/5560
f 5558/2524/5558 5563/2527/5563 5561/2526/5561
f 5563/2527/5563 5565/2531/5565 5562/2528/5562
f 5582/2529/5582 5564/2530/5564 5563/2527/5563
f 5564/2530/5564 5566/2547/5566 5565/2531/5565
f 5565/2532/5565 5567/2536/5567 5570/2533/5570
f 5566/2535/5566 5568/2537/5568 5567/2536/5567
f 5568/2537/5568 5572/2541/5572 5569/2538/5569
f 5567/2536/5567 5569/2538/5569 5571/2539/5571
f 5575/2540/5575 5573/2544/5573 5572/2541/5572
f 5576/2543/5576 5574/2566/5574 5573/2544/5573
f 5578/2545/5578 5576/2543/5576 5575/2540/5575
f 5577/2546/5577 5575/2540/5575 5568/2542/5568
f 5579/2548/5579 5577/2546/5577 5566/2547/5566
f 5580/2549/5580 5578/2545/5578 5577/2546/5577
f 5583/2550/5583 5580/2549/5580 5579/2548/5579
f 5581/2551/5581 5579/2548/5579 5564/2530/5564
f 5584/2552/5584 5581/2551/5581 5582/2529/5582
f 5583/2550/5583 5581/2551/5581 5584/2552/5584
f 5585/2553/5585 5584/2552/5584 5509/2554/5509
f 5584/2552/5584 5557/2523/5557 5555/2466/5555
f 5586/2555/5586 5585/2553/5585 5507/2464/5507
f 5588/2556/5588 5583/2550/5583 5585/2553/5585
f 5587/2557/5587 5586/2555/5586 5505/2461/5505
f 5589/2558/5589 5588/2556/5588 5586/2555/5586
f 5590/2559/5590 5580/2549/5580 5583/2550/5583
f 5591/2560/5591 5590/2559/5590 5588/2556/5588
f 5593/2561/5593 5592/2562/5592 5590/2559/5590
f 5592/2562/5592 5578/2545/5578 5580/2549/5580
f 5594/2565/5594 5576/2543/5576 5578/2545/5578
f 5595/2563/5595 5594/2565/5594 5592/2562/5592
f 5597/2564/5597 5596/2933/5596 5594/2565/5594
f 5596/2933/5596 5574/2566/5574 5576/2543/5576
f 5598/2567/5598 5597/3086/5597 5595/2568/5595
f 5599/2570/5599 5598/2567/5598 5600/2569/5600
f 5601/2571/5601 5600/2569/5600 5602/2572/5602
f 5600/2569/5600 5595/2568/5595 5593/2574/5593
f 5602/2572/5602 5593/2561/5593 5591/2560/5591
f 5603/2576/5603 5602/2572/5602 5604/2575/5604
f 5605/2577/5605 5604/2575/5604 5606/2578/5606
f 5604/2575/5604 5591/2560/5591 5589/2558/5589
f 5606/2578/5606 5589/2558/5589 5587/2557/5587
f 5607/2579/5607 5606/2578/5606 5608/2580/5608
f 5609/2581/5609 5608/2580/5608 5610/2582/5610
f 5608/2580/5608 5587/2557/5587 5611/2460/5611
f 5610/2582/5610 5611/2460/5611 5504/2458/5504
f 5612/2583/5612 5610/2582/5610 5613/2584/5613
f 5614/2585/5614 5613/2584/5613 5615/2586/5615
f 5613/2584/5613 5504/2458/5504 5502/2459/5502
f 5615/2586/5615 5502/2459/5502 5499/2588/5499
f 5616/2587/5616 5615/2586/5615 5617/2589/5617
f 5618/2590/5618 5617/2589/5617 5619/2591/5619
f 5617/2589/5617 5499/2588/5499 5496/2593/5496
f 5622/2594/5622 5621/2597/5621 5619/2595/5619
f 5621/2597/5621 5624/2600/5624 5620/2592/5620
f 5648/2598/5648 5623/2599/5623 5621/2597/5621
f 5623/2599/5623 5625/2601/5625 5624/2600/5624
f 5625/2601/5625 5623/2606/5623 5628/2602/5628
f 5626/2603/5626 5628/2602/5628 5630/2604/5630
f 5623/2606/5623 5648/2598/5648 5629/2607/5629
f 5628/2602/5628 5629/2607/5629 5631/2608/5631
f 5630/2609/5630 5631/2620/5631 5633/2610/5633
f 5627/2612/5627 5630/2609/5630 5632/2611/5632
f 5632/2611/5632 5633/2610/5633 5637/2614/5637
f 5632/2611/5632 5634/2615/5634 5636/2616/5636
f 5633/2610/5633 5640/2618/5640 5638/2617/5638
f 5640/2618/5640 5642/2622/5642 5639/2619/5639
f 5631/2620/5631 5641/2621/5641 5640/2618/5640
f 5641/2621/5641 5643/3087/5643 5642/2622/5642
f 5646/2623/5646 5644/2627/5644 5643/2624/5643
f 5647/2626/5647 5645/3088/5645 5644/2627/5644
f 5648/2598/5648 5647/2626/5647 5646/2623/5646
f 5629/2607/5629 5646/2623/5646 5641/2625/5641
f 5645/2628/5645 5647/2629/5647 5497/2448/5497
f 5647/2629/5647 5648/2598/5648 5622/2630/5622
f 5653/2118/5653 5656/2109/5656 5650/2110/5650
f 5649/2113/5649 5650/2111/5650 5663/2124/5663
f 5655/2114/5655 5653/2118/5653 5649/2108/5649
f 5649/2113/5649 5652/2112/5652 5754/2116/5754
f 5654/2117/5654 5657/3075/5657 5656/2109/5656
f 5769/2119/5769 5654/2117/5654 5653/2118/5653
f 5656/2109/5656 5657/3075/5657 5659/2120/5659
f 5650/2110/5650 5656/2109/5656 5658/2121/5658
f 5650/2111/5650 5660/2122/5660 5661/2123/5661
f 5663/2124/5663 5661/2123/5661 5662/2125/5662
f 5652/2112/5652 5663/2124/5663 5664/2126/5664
f 5666/2128/5666 5665/2127/5665 5667/2129/5667
f 5652/2112/5652 5665/2127/5665 5666/2128/5666
f 5669/2130/5669 5667/2129/5667 5668/2131/5668
f 5672/2133/5672 5666/2128/5666 5669/2130/5669
f 5671/2134/5671 5669/2130/5669 5670/2132/5670
f 5675/2136/5675 5672/2231/5672 5671/2137/5671
f 5674/2138/5674 5671/2137/5671 5673/2139/5673
f 5678/2141/5678 5675/2136/5675 5674/2138/5674
f 5677/2142/5677 5674/2138/5674 5676/2140/5676
f 5681/2144/5681 5678/2141/5678 5677/2142/5677
f 5680/2145/5680 5677/2142/5677 5679/2143/5679
f 5684/2147/5684 5681/2144/5681 5680/2145/5680
f 5680/2145/5680 5682/2146/5682 5685/2149/5685
f 5684/2150/5684 5683/3045/5683 5686/2151/5686
f 5683/3045/5683 5685/2153/5685 5688/2154/5688
f 5687/2152/5687 5686/2151/5686 5689/2155/5689
f 5689/2155/5689 5686/2151/5686 5688/2154/5688
f 5690/2158/5690 5693/2162/5693 5692/2159/5692
f 5689/2160/5689 5692/2159/5692 5695/2161/5695
f 5693/2162/5693 5719/3076/5719 5694/2163/5694
f 5692/2159/5692 5694/2163/5694 5696/2164/5696
f 5694/2163/5694 5699/2167/5699 5697/2165/5697
f 5699/2167/5699 5701/2171/5701 5698/2168/5698
f 5719/2169/5719 5700/2170/5700 5699/2167/5699
f 5700/2170/5700 5702/2191/5702 5701/2171/5701
f 5702/2172/5702 5704/2177/5704 5703/2173/5703
f 5701/2174/5701 5703/2173/5703 5706/2175/5706
f 5704/2177/5704 5708/2181/5708 5705/2178/5705
f 5703/2173/5703 5705/2178/5705 5707/2179/5707
f 5711/2180/5711 5709/2183/5709 5708/2181/5708
f 5711/2180/5711 5713/3077/5713 5710/2182/5710
f 5714/2184/5714 5713/3077/5713 5711/2180/5711
f 5712/2185/5712 5711/2180/5711 5704/2177/5704
f 5715/2186/5715 5714/2184/5714 5712/2187/5712
f 5716/2189/5716 5715/2186/5715 5717/2188/5717
f 5718/2190/5718 5717/2188/5717 5700/2170/5700
f 5717/2188/5717 5712/2187/5712 5702/2191/5702
f 5722/2192/5722 5716/2189/5716 5718/2190/5718
f 5720/2193/5720 5718/2190/5718 5719/2169/5719
f 5723/2194/5723 5722/2192/5722 5720/2193/5720
f 5721/2195/5721 5720/2193/5720 5693/2162/5693
f 5721/2196/5721 5726/2199/5726 5724/2197/5724
f 5727/2202/5727 5725/2200/5725 5724/2197/5724
f 5685/2149/5685 5727/2202/5727 5726/2199/5726
f 5690/2157/5690 5688/2201/5688 5726/2199/5726
f 5682/2146/5682 5728/2203/5728 5727/2202/5727
f 5728/2203/5728 5730/2204/5730 5725/2200/5725
f 5682/2146/5682 5679/2143/5679 5729/2205/5729
f 5728/2203/5728 5729/2205/5729 5731/2206/5731
f 5729/2205/5729 5734/2208/5734 5732/2207/5732
f 5734/2208/5734 5735/2210/5735 5733/2209/5733
f 5676/2140/5676 5673/2139/5673 5735/2210/5735
f 5679/2143/5679 5676/2140/5676 5734/2208/5734
f 5673/2135/5673 5670/2132/5670 5736/2211/5736
f 5735/2212/5735 5736/2211/5736 5738/2213/5738
f 5670/2132/5670 5668/2131/5668 5737/2215/5737
f 5736/2211/5736 5737/2215/5737 5739/2216/5739
f 5740/2217/5740 5742/2219/5742 5687/2152/5687
f 5741/2218/5741 5743/2220/5743 5742/2219/5742
f 5743/2220/5743 5745/3078/5745 5744/2221/5744
f 5742/2219/5742 5744/2221/5744 5684/2150/5684
f 5745/2222/5745 5747/2225/5747 5746/2223/5746
f 5744/2224/5744 5746/2223/5746 5681/2144/5681
f 5747/2225/5747 5749/2227/5749 5748/2226/5748
f 5746/2223/5746 5748/2226/5748 5678/2141/5678
f 5749/2227/5749 5751/2229/5751 5750/2228/5750
f 5748/2226/5748 5750/2228/5750 5675/2136/5675
f 5751/2229/5751 5753/2234/5753 5752/2230/5752
f 5750/2228/5750 5752/2230/5752 5672/2231/5672
f 5752/2230/5752 5754/2116/5754 5666/2128/5666
f 5753/2232/5753 5651/2115/5651 5754/2116/5754
f 5755/2233/5755 5655/2114/5655 5651/2115/5651
f 5757/2235/5757 5755/2237/5755 5753/2234/5753
f 5757/2235/5757 5759/2236/5759 5756/2244/5756
f 5755/2233/5755 5756/2238/5756 5769/2119/5769
f 5760/2239/5760 5759/2236/5759 5757/2235/5757
f 5758/2240/5758 5757/2235/5757 5751/2229/5751
f 5760/2239/5760 5762/2242/5762 5761/2246/5761
f 5759/2236/5759 5761/2246/5761 5764/2243/5764
f 5762/2242/5762 5781/2263/5781 5763/2245/5763
f 5761/2246/5761 5763/2245/5763 5765/2247/5765
f 5756/2238/5756 5764/2243/5764 5766/2248/5766
f 5764/2243/5764 5765/2257/5765 5767/2249/5767
f 5766/2248/5766 5767/2249/5767 5770/2250/5770
f 5769/2119/5769 5766/2248/5766 5768/2251/5768
f 5767/2249/5767 5773/2253/5773 5771/2252/5771
f 5773/2253/5773 5775/2256/5775 5772/2254/5772
f 5774/2255/5774 5776/3079/5776 5775/2256/5775
f 5765/2257/5765 5774/2255/5774 5773/2253/5773
f 5779/2258/5779 5777/2262/5777 5776/2259/5776
f 5780/2261/5780 5778/2266/5778 5777/2262/5777
f 5781/2263/5781 5780/2261/5780 5779/2258/5779
f 5763/2245/5763 5779/2258/5779 5774/2260/5774
f 5785/2264/5785 5782/2265/5782 5780/2261/5780
f 5782/2265/5782 5784/2268/5784 5778/2266/5778
f 5783/2267/5783 5805/2293/5805 5784/2268/5784
f 5786/2269/5786 5783/2267/5783 5782/2265/5782
f 5787/2270/5787 5785/2264/5785 5781/2263/5781
f 5788/2271/5788 5786/2269/5786 5785/2264/5785
f 5790/2272/5790 5788/2271/5788 5787/2270/5787
f 5789/2273/5789 5787/2270/5787 5762/2242/5762
f 5790/2272/5790 5789/2273/5789 5791/2274/5791
f 5789/2273/5789 5760/2239/5760 5758/2240/5758
f 5792/2275/5792 5791/2274/5791 5747/2225/5747
f 5791/2274/5791 5758/2240/5758 5749/2241/5749
f 5793/2276/5793 5792/2280/5792 5745/2277/5745
f 5793/2276/5793 5795/2282/5795 5790/2279/5790
f 5794/2281/5794 5796/2284/5796 5795/2282/5795
f 5741/2218/5741 5794/2281/5794 5793/2276/5793
f 5798/2283/5798 5797/2287/5797 5795/2282/5795
f 5795/2282/5795 5797/2287/5797 5788/2285/5788
f 5798/2283/5798 5800/3080/5800 5799/2286/5799
f 5797/2287/5797 5799/2286/5799 5786/2288/5786
f 5799/2286/5799 5801/2290/5801 5783/2267/5783
f 5800/2289/5800 5802/2291/5802 5801/2290/5801
f 5802/2291/5802 5804/2295/5804 5803/2292/5803
f 5801/2290/5801 5803/2292/5803 5805/2293/5805
f 5808/2294/5808 5806/2298/5806 5804/2295/5804
f 5810/2297/5810 5807/2302/5807 5806/2298/5806
f 5811/2299/5811 5810/2297/5810 5808/2294/5808
f 5809/2300/5809 5808/2294/5808 5802/2296/5802
f 5812/2301/5812 5815/2306/5815 5807/2302/5807
f 5813/2303/5813 5812/2301/5812 5810/2297/5810
f 5828/2304/5828 5814/2305/5814 5812/2301/5812
f 5814/2305/5814 5816/2308/5816 5815/2306/5815
f 5819/2307/5819 5817/2310/5817 5816/2308/5816
f 5819/2307/5819 5821/3081/5821 5818/2309/5818
f 5822/2311/5822 5821/3081/5821 5819/2307/5819
f 5820/2312/5820 5819/2307/5819 5814/2305/5814
f 5823/2314/5823 5822/2311/5822 5820/2312/5820
f 5824/2316/5824 5823/2314/5823 5825/2315/5825
f 5826/2317/5826 5825/2315/5825 5827/2318/5827
f 5825/2315/5825 5820/2312/5820 5828/2313/5828
f 5827/2320/5827 5828/2304/5828 5813/2303/5813
f 5829/2322/5829 5827/2320/5827 5830/2321/5830
f 5831/2323/5831 5830/2321/5830 5832/2324/5832
f 5830/2321/5830 5813/2303/5813 5811/2299/5811
f 5832/2326/5832 5811/3082/5811 5809/2327/5809
f 5833/2329/5833 5832/2326/5832 5834/2328/5834
f 5835/2330/5835 5834/2328/5834 5798/2331/5798
f 5834/2328/5834 5809/2327/5809 5800/2332/5800
f 5836/1619/5836 5839/1624/5839 5841/1620/5841
f 5842/1622/5842 5839/1624/5839 5836/1619/5836
f 5839/1624/5839 5840/3061/5840 5854/1625/5854
f 5844/1626/5844 5840/3061/5840 5839/1624/5839
f 5843/1627/5843 5842/1622/5842 5838/1623/5838
f 5845/1629/5845 5844/1626/5844 5842/1622/5842
f 5847/1630/5847 5846/1633/5846 5844/1631/5844
f 5844/1631/5844 5846/1633/5846 5849/1637/5849
f 5990/1635/5990 5848/1636/5848 5846/1633/5846
f 5846/1633/5846 5848/1636/5848 5850/1701/5850
f 5840/1634/5840 5849/1637/5849 5851/1638/5851
f 5849/1637/5849 5850/1701/5850 5852/1640/5852
f 5851/1638/5851 5852/1640/5852 5901/1641/5901
f 5854/1639/5854 5851/1638/5851 5853/1642/5853
f 5854/1625/5854 5855/3062/5855 5857/1644/5857
f 5855/2938/5855 5853/1646/5853 5904/1647/5904
f 5859/1648/5859 5857/1653/5857 5855/1649/5855
f 5837/1621/5837 5841/1620/5841 5857/1644/5857
f 5860/1652/5860 5858/1651/5858 5857/1653/5857
f 5860/1652/5860 5859/1648/5859 5861/1654/5861
f 5859/1648/5859 5856/1650/5856 5862/1656/5862
f 5867/1657/5867 5864/1659/5864 5861/1658/5861
f 5864/1659/5864 5866/1663/5866 5863/1660/5863
f 5868/1661/5868 5865/1662/5865 5864/1659/5864
f 5865/1662/5865 5992/1815/5992 5866/1663/5866
f 5869/1664/5869 5867/1657/5867 5862/1656/5862
f 5870/1666/5870 5868/1661/5868 5867/1657/5867
f 5874/1667/5874 5870/1666/5870 5869/1664/5869
f 5872/1668/5872 5869/1664/5869 5871/1665/5871
f 5875/1670/5875 5872/1668/5872 5873/1669/5873
f 5876/1672/5876 5874/1667/5874 5872/1668/5872
f 5880/1673/5880 5876/1672/5876 5875/1670/5875
f 5878/1674/5878 5875/1670/5875 5877/1671/5877
f 5879/1676/5879 5882/1680/5882 5881/1677/5881
f 5878/1678/5878 5881/1677/5881 5884/1679/5884
f 5882/1680/5882 5886/1684/5886 5883/1681/5883
f 5881/1677/5881 5883/1681/5883 5885/1682/5885
f 5889/1683/5889 5887/1686/5887 5886/1684/5886
f 5891/1685/5891 5888/1692/5888 5887/1686/5887
f 5890/1687/5890 5889/1683/5889 5882/1680/5882
f 5892/1688/5892 5891/1685/5891 5889/1683/5889
f 5896/1689/5896 5893/1691/5893 5891/1690/5891
f 5893/1691/5893 5895/1725/5895 5888/1692/5888
f 5897/1693/5897 5894/1695/5894 5893/1691/5893
f 5894/1695/5894 5913/1694/5913 5895/1725/5895
f 5899/1696/5899 5897/2939/5897 5896/1697/5896
f 5898/1698/5898 5896/1697/5896 5892/1699/5892
f 5850/1701/5850 5899/1696/5899 5898/1698/5898
f 5852/1640/5852 5898/1698/5898 5900/1700/5900
f 5901/1702/5901 5900/1705/5900 5902/1703/5902
f 5900/1705/5900 5892/3063/5892 5890/1706/5890
f 5903/1704/5903 5902/1703/5902 5877/1671/5877
f 5902/1703/5902 5890/1706/5890 5879/1708/5879
f 5853/1646/5853 5901/1702/5901 5903/1704/5903
f 5904/1647/5904 5903/1704/5903 5873/1707/5873
f 5856/1645/5856 5904/1647/5904 5871/1709/5871
f 5848/1636/5848 5905/1711/5905 5899/1696/5899
f 5907/1712/5907 5897/2939/5897 5899/1696/5899
f 5906/1713/5906 5905/1711/5905 5848/1636/5848
f 5908/1714/5908 5907/1712/5907 5905/1711/5905
f 5910/1715/5910 5909/1717/5909 5907/1716/5907
f 5909/1717/5909 5894/1695/5894 5897/1693/5897
f 5912/1718/5912 5911/1719/5911 5909/1717/5909
f 5911/1719/5911 5913/1694/5913 5894/1695/5894
f 5915/1720/5915 5914/1721/5914 5911/1719/5911
f 5914/1721/5914 5917/1724/5917 5913/1694/5913
f 5923/1722/5923 5916/1723/5916 5914/1721/5914
f 5916/1723/5916 5918/2940/5918 5917/1724/5917
f 5917/1724/5917 5919/1727/5919 5895/1725/5895
f 5918/2940/5918 5920/1726/5920 5919/1727/5919
f 5919/1727/5919 5920/1726/5920 5922/1728/5922
f 5895/1725/5895 5919/1727/5919 5921/1729/5921
f 5910/1730/5910 5926/1732/5926 5924/1731/5924
f 5926/1732/5926 5928/1735/5928 5925/1733/5925
f 5908/1714/5908 5927/1734/5927 5926/1732/5926
f 5927/1734/5927 5929/1737/5929 5928/1735/5928
f 5928/1735/5928 5930/1738/5930 5933/1736/5933
f 5929/1737/5929 5931/1739/5931 5930/1738/5930
f 5931/1739/5931 5935/1743/5935 5932/1740/5932
f 5930/1738/5930 5932/1740/5932 5934/1741/5934
f 5938/1742/5938 5936/1746/5936 5935/1743/5935
f 5940/1745/5940 5937/1751/5937 5936/1746/5936
f 5939/1747/5939 5938/1742/5938 5931/1744/5931
f 5941/1749/5941 5940/1745/5940 5938/1742/5938
f 5942/1750/5942 5945/1755/5945 5937/1751/5937
f 5943/1752/5943 5942/1750/5942 5940/1745/5940
f 5987/1753/5987 5944/1754/5944 5942/1750/5942
f 5944/1754/5944 5946/1757/5946 5945/1755/5945
f 5944/1754/5944 5949/1758/5949 5947/1756/5947
f 5949/1758/5949 5951/1761/5951 5948/1759/5948
f 5987/1753/5987 5950/1760/5950 5949/1758/5949
f 5950/1760/5950 5952/1764/5952 5951/1761/5951
f 5953/1762/5953 5956/1767/5956 5948/1759/5948
f 5954/1763/5954 5953/1762/5953 5951/1761/5951
f 5979/1765/5979 5955/1766/5955 5953/1762/5953
f 5955/1766/5955 5957/1769/5957 5956/1767/5956
f 5955/1766/5955 5960/1768/5960 5958/1771/5958
f 5960/1768/5960 5962/2899/5962 5959/1770/5959
f 5961/1772/5961 5960/1768/5960 5955/1766/5955
f 5963/1773/5963 5962/2899/5962 5960/1768/5960
f 5962/1774/5962 5964/1780/5964 5967/1775/5967
f 5965/1777/5965 5964/1780/5964 5962/1774/5962
f 5969/1779/5969 5966/3064/5966 5964/1780/5964
f 5964/1780/5964 5966/3064/5966 5968/1781/5968
f 5970/1782/5970 5969/1779/5969 5965/1777/5965
f 5971/1784/5971 5970/1782/5970 5972/1783/5972
f 5973/1785/5973 5972/1783/5972 5974/1786/5974
f 5972/1783/5972 5965/1777/5965 5963/1778/5963
f 5974/1788/5974 5963/1773/5963 5961/1772/5961
f 5975/1787/5975 5974/1788/5974 5976/1789/5976
f 5977/1790/5977 5976/1789/5976 5978/1791/5978
f 5976/1789/5976 5961/1772/5961 5979/1765/5979
f 5978/1793/5978 5979/3065/5979 5954/1794/5954
f 5980/1792/5980 5978/1793/5978 5981/1795/5981
f 5982/1796/5982 5981/1795/5981 5983/1797/5983
f 5981/1795/5981 5954/1794/5954 5952/1798/5952
f 5952/1799/5952 5950/1802/5950 5985/1800/5985
f 5983/1801/5983 5985/1800/5985 5843/1627/5843
f 5950/1802/5950 5987/3066/5987 5986/1803/5986
f 5985/1800/5985 5986/1803/5986 5845/1804/5845
f 5986/1803/5986 5987/3067/5987 5943/1805/5943
f 5845/1807/5845 5986/1803/5986 5988/1806/5988
f 5988/1806/5988 5943/1805/5943 5941/1749/5941
f 5847/1808/5847 5988/1806/5988 5989/1809/5989
f 5989/1809/5989 5941/1749/5941 5939/1810/5939
f 5990/1635/5990 5989/1809/5989 5991/1811/5991
f 5991/1811/5991 5939/1810/5939 5929/1748/5929
f 5906/1812/5906 5991/1811/5991 5927/1813/5927
f 5866/1663/5866 5993/1816/5993 5996/1814/5996
f 5992/1815/5992 5994/1817/5994 5993/1816/5993
f 5994/1817/5994 6032/1860/6032 5995/1818/5995
f 5993/1816/5993 5995/1818/5995 5997/1819/5997
f 5996/1820/5996 5997/2914/5997 5999/1821/5999
f 5863/1655/5863 5996/1820/5996 5998/1822/5998
f 5998/1822/5998 5999/1821/5999 6001/1823/6001
f 5860/1652/5860 5998/1822/5998 6000/1824/6000
f 5999/1825/5999 6004/1828/6004 6002/1826/6002
f 6004/1828/6004 6006/1831/6006 6003/1829/6003
f 5997/1819/5997 6005/1830/6005 6004/1828/6004
f 6005/1830/6005 6007/1833/6007 6006/1831/6006
f 6006/1831/6006 6008/1834/6008 6011/1832/6011
f 6007/1833/6007 6009/1835/6009 6008/1834/6008
f 6009/1835/6009 6024/1853/6024 6010/1836/6010
f 6008/1834/6008 6010/1836/6010 6012/1837/6012
f 6010/1838/6010 6015/1841/6015 6013/1839/6013
f 6015/1841/6015 6017/1845/6017 6014/1842/6014
f 6024/1843/6024 6016/1844/6016 6015/1841/6015
f 6016/1844/6016 6018/1847/6018 6017/1845/6017
f 6021/1846/6021 6019/3068/6019 6018/1847/6018
f 6020/1848/6020 6019/3068/6019 6021/1846/6021
f 6022/1849/6022 6021/1846/6021 6023/1850/6023
f 6023/1850/6023 6021/1846/6021 6016/1844/6016
f 6026/1852/6026 6023/1850/6023 6024/1853/6024
f 6025/1854/6025 6023/1850/6023 6026/1852/6026
f 6027/1855/6027 6026/1852/6026 6028/1856/6028
f 6028/1856/6028 6026/1852/6026 6009/1835/6009
f 6030/1858/6030 6028/1856/6028 6007/1833/6007
f 6031/1859/6031 6029/1857/6029 6028/1856/6028
f 6032/1860/6032 6031/1859/6031 6030/1858/6030
f 5995/1818/5995 6030/1858/6030 6005/1830/6005
f 6037/2440/6037 6069/2487/6069 6034/2441/6034
f 6035/2443/6035 6040/2448/6040 6038/2444/6038
f 6038/2445/6038 6041/2453/6041 6036/2446/6036
f 6036/2446/6036 6056/2471/6056 6037/2447/6037
f 6040/2448/6040 6165/2630/6165 6039/2449/6039
f 6042/2450/6042 6041/2453/6041 6038/2445/6038
f 6045/2452/6045 6043/2454/6043 6041/2453/6041
f 6043/2454/6043 6044/2456/6044 6036/2446/6036
f 6046/2455/6046 6049/2462/6049 6044/2456/6044
f 6047/2458/6047 6046/2455/6046 6043/2457/6043
f 6154/2460/6154 6048/2461/6048 6046/2455/6046
f 6048/2461/6048 6050/2464/6050 6049/2462/6049
f 6049/2462/6049 6051/2465/6051 6054/2463/6054
f 6050/2464/6050 6052/2554/6052 6051/2465/6051
f 6052/2554/6052 6098/2466/6098 6053/2467/6053
f 6051/2465/6051 6053/2467/6053 6055/2468/6055
f 6054/2469/6054 6055/3084/6055 6057/2470/6057
f 6036/2446/6036 6044/2456/6044 6054/2469/6054
f 6056/2471/6056 6057/2470/6057 6058/2472/6058
f 6055/2468/6055 6060/2477/6060 6059/2473/6059
f 6057/2474/6057 6059/2473/6059 6062/2475/6062
f 6060/2477/6060 6093/2517/6093 6061/2478/6061
f 6059/2473/6059 6061/2478/6061 6063/2479/6063
f 6065/2480/6065 6064/2481/6064 6062/2475/6062
f 6064/2481/6064 6067/2485/6067 6058/2482/6058
f 6092/2483/6092 6066/2484/6066 6064/2481/6064
f 6066/2484/6066 6068/2493/6068 6067/2485/6067
f 6068/2486/6068 6070/2490/6070 6069/2487/6069
f 6067/2488/6067 6069/2487/6069 6037/2440/6037
f 6069/2487/6069 6070/2490/6070 6071/2489/6071
f 6070/2490/6070 6072/2494/6072 6075/2491/6075
f 6068/2493/6068 6073/2495/6073 6072/2494/6072
f 6073/2495/6073 6088/2513/6088 6074/2496/6074
f 6072/2494/6072 6074/2496/6074 6076/2497/6076
f 6074/2498/6074 6079/2501/6079 6077/2499/6077
f 6079/2501/6079 6081/2505/6081 6078/2502/6078
f 6088/2503/6088 6080/2504/6080 6079/2501/6079
f 6080/2504/6080 6082/3085/6082 6081/2505/6081
f 6083/2506/6083 6082/3085/6082 6080/2504/6080
f 6084/2508/6084 6083/2506/6083 6085/2507/6085
f 6086/2509/6086 6085/2507/6085 6087/2510/6087
f 6087/2510/6087 6085/2507/6085 6080/2504/6080
f 6090/2512/6090 6087/2932/6087 6088/2513/6088
f 6089/2514/6089 6087/2932/6087 6090/2512/6090
f 6091/2515/6091 6090/2512/6090 6066/2484/6066
f 6090/2512/6090 6073/2495/6073 6068/2493/6068
f 6060/2477/6060 6096/2518/6096 6094/2516/6094
f 6096/2518/6096 6097/2520/6097 6095/2519/6095
f 6055/2468/6055 6053/2467/6053 6096/2518/6096
f 6053/2467/6053 6098/2466/6098 6097/2520/6097
f 6097/2520/6097 6099/2522/6099 6102/2521/6102
f 6100/2523/6100 6099/2522/6099 6097/2520/6097
f 6100/2523/6100 6125/2529/6125 6101/2524/6101
f 6099/2522/6099 6101/2524/6101 6103/2525/6103
f 6101/2524/6101 6106/2527/6106 6104/2526/6104
f 6106/2527/6106 6108/2531/6108 6105/2528/6105
f 6125/2529/6125 6107/2530/6107 6106/2527/6106
f 6107/2530/6107 6109/2547/6109 6108/2531/6108
f 6108/2532/6108 6110/2536/6110 6113/2533/6113
f 6109/2535/6109 6111/2537/6111 6110/2536/6110
f 6111/2537/6111 6115/2541/6115 6112/2538/6112
f 6110/2536/6110 6112/2538/6112 6114/2539/6114
f 6118/2540/6118 6116/2544/6116 6115/2541/6115
f 6119/2543/6119 6117/2566/6117 6116/2544/6116
f 6121/2545/6121 6119/2543/6119 6118/2540/6118
f 6120/2546/6120 6118/2540/6118 6111/2542/6111
f 6122/2548/6122 6120/2546/6120 6109/2547/6109
f 6123/2549/6123 6121/2545/6121 6120/2546/6120
f 6126/2550/6126 6123/2549/6123 6122/2548/6122
f 6124/2551/6124 6122/2548/6122 6107/2530/6107
f 6127/2552/6127 6124/2551/6124 6125/2529/6125
f 6126/2550/6126 6124/2551/6124 6127/2552/6127
f 6128/2553/6128 6127/2552/6127 6052/2554/6052
f 6127/2552/6127 6100/2523/6100 6098/2466/6098
f 6129/2555/6129 6128/2553/6128 6050/2464/6050
f 6131/2556/6131 6126/2550/6126 6128/2553/6128
f 6130/2557/6130 6129/2555/6129 6048/2461/6048
f 6132/2558/6132 6131/2556/6131 6129/2555/6129
f 6133/2559/6133 6123/2549/6123 6126/2550/6126
f 6134/2560/6134 6133/2559/6133 6131/2556/6131
f 6136/2561/6136 6135/2562/6135 6133/2559/6133
f 6135/2562/6135 6121/2545/6121 6123/2549/6123
f 6137/2565/6137 6119/2543/6119 6121/2545/6121
f 6138/2563/6138 6137/2565/6137 6135/2562/6135
f 6140/2564/6140 6139/2933/6139 6137/2565/6137
f 6139/2933/6139 6117/2566/6117 6119/2543/6119
f 6141/2567/6141 6140/3086/6140 6138/2568/6138
f 6142/2570/6142 6141/2567/6141 6143/2569/6143
f 6144/2571/6144 6143/2569/6143 6145/2572/6145
f 6143/2569/6143 6138/2568/6138 6136/2574/6136
f 6145/2572/6145 6136/2561/6136 6134/2560/6134
f 6146/2576/6146 6145/2572/6145 6147/2575/6147
f 6148/2577/6148 6147/2575/6147 6149/2578/6149
f 6147/2575/6147 6134/2560/6134 6132/2558/6132
f 6149/2578/6149 6132/2558/6132 6130/2557/6130
f 6150/2579/6150 6149/2578/6149 6151/2580/6151
f 6152/2581/6152 6151/2580/6151 6153/2582/6153
f 6151/2580/6151 6130/2557/6130 6154/2460/6154
f 6153/2582/6153 6154/2460/6154 6047/2458/6047
f 6155/2583/6155 6153/2582/6153 6156/2584/6156
f 6157/2585/6157 6156/2584/6156 6158/2586/6158
f 6156/2584/6156 6047/2458/6047 6045/2459/6045
f 6158/2586/6158 6045/2459/6045 6042/2588/6042
f 6159/2587/6159 6158/2586/6158 6160/2589/6160
f 6161/2590/6161 6160/2589/6160 6162/2591/6162
f 6160/2589/6160 6042/2588/6042 6039/2593/6039
f 6165/2594/6165 6164/2597/6164 6162/2595/6162
f 6164/2597/6164 6167/2600/6167 6163/2592/6163
f 6191/2598/6191 6166/2599/6166 6164/2597/6164
f 6166/2599/6166 6168/2601/6168 6167/2600/6167
f 6168/2601/6168 6166/2606/6166 6171/2602/6171
f 6169/2603/6169 6171/2602/6171 6173/2604/6173
f 6166/2606/6166 6191/2598/6191 6172/2607/6172
f 6171/2602/6171 6172/2607/6172 6174/2608/6174
f 6173/2609/6173 6174/2620/6174 6176/2610/6176
f 6170/2612/6170 6173/2609/6173 6175/2611/6175
f 6175/2611/6175 6176/2610/6176 6180/2614/6180
f 6175/2611/6175 6177/2615/6177 6179/2616/6179
f 6176/2610/6176 6183/2618/6183 6181/2617/6181
f 6183/2618/6183 6185/2622/6185 6182/2619/6182
f 6174/2620/6174 6184/2621/6184 6183/2618/6183
f 6184/2621/6184 6186/3087/6186 6185/2622/6185
f 6189/2623/6189 6187/2627/6187 6186/2624/6186
f 6190/2626/6190 6188/3088/6188 6187/2627/6187
f 6191/2598/6191 6190/2626/6190 6189/2623/6189
f 6172/2607/6172 6189/2623/6189 6184/2625/6184
f 6188/2628/6188 6190/2629/6190 6040/2448/6040
f 6190/2629/6190 6191/2598/6191 6165/2630/6165
